ds,y,hour,weekday,is_weekend,weekofyear,month,year,is_winter
2018-05-15 09:00:00,45,9,1,0,20,5,2018,0
2018-05-15 12:00:00,41,12,1,0,20,5,2018,0
2018-05-15 15:00:00,17,15,1,0,20,5,2018,0
2018-05-15 18:00:00,20,18,1,0,20,5,2018,0
2018-05-15 21:00:00,6,21,1,0,20,5,2018,0
2018-05-16 03:00:00,2,3,2,0,20,5,2018,0
2018-05-16 06:00:00,9,6,2,0,20,5,2018,0
2018-05-16 09:00:00,11,9,2,0,20,5,2018,0
2018-05-16 12:00:00,15,12,2,0,20,5,2018,0
2018-05-16 15:00:00,12,15,2,0,20,5,2018,0
2018-05-16 18:00:00,6,18,2,0,20,5,2018,0
2018-05-16 21:00:00,1,21,2,0,20,5,2018,0
2018-05-17 15:00:00,3,15,3,0,20,5,2018,0
2018-05-17 18:00:00,2,18,3,0,20,5,2018,0
2018-05-17 21:00:00,1,21,3,0,20,5,2018,0
2018-05-18 03:00:00,1,3,4,0,20,5,2018,0
2018-05-18 06:00:00,2,6,4,0,20,5,2018,0
2018-05-18 09:00:00,6,9,4,0,20,5,2018,0
2018-05-18 12:00:00,10,12,4,0,20,5,2018,0
2018-05-18 15:00:00,10,15,4,0,20,5,2018,0
2018-05-18 18:00:00,7,18,4,0,20,5,2018,0
2018-05-19 06:00:00,2,6,5,1,20,5,2018,0
2018-05-19 09:00:00,15,9,5,1,20,5,2018,0
2018-05-19 12:00:00,9,12,5,1,20,5,2018,0
2018-05-19 15:00:00,14,15,5,1,20,5,2018,0
2018-05-20 06:00:00,4,6,6,1,20,5,2018,0
2018-05-20 09:00:00,12,9,6,1,20,5,2018,0
2018-05-20 12:00:00,15,12,6,1,20,5,2018,0
2018-05-20 15:00:00,9,15,6,1,20,5,2018,0
2018-05-20 18:00:00,1,18,6,1,20,5,2018,0
2018-05-20 21:00:00,1,21,6,1,20,5,2018,0
2018-05-21 06:00:00,9,6,0,0,21,5,2018,0
2018-05-21 09:00:00,6,9,0,0,21,5,2018,0
2018-05-21 12:00:00,12,12,0,0,21,5,2018,0
2018-05-21 15:00:00,12,15,0,0,21,5,2018,0
2018-05-21 18:00:00,11,18,0,0,21,5,2018,0
2018-05-22 03:00:00,4,3,1,0,21,5,2018,0
2018-05-22 06:00:00,14,6,1,0,21,5,2018,0
2018-05-22 09:00:00,4,9,1,0,21,5,2018,0
2018-05-22 12:00:00,17,12,1,0,21,5,2018,0
2018-05-22 15:00:00,9,15,1,0,21,5,2018,0
2018-05-22 18:00:00,14,18,1,0,21,5,2018,0
2018-05-22 21:00:00,1,21,1,0,21,5,2018,0
2018-05-23 03:00:00,3,3,2,0,21,5,2018,0
2018-05-23 06:00:00,4,6,2,0,21,5,2018,0
2018-05-23 09:00:00,6,9,2,0,21,5,2018,0
2018-05-23 12:00:00,29,12,2,0,21,5,2018,0
2018-05-23 15:00:00,23,15,2,0,21,5,2018,0
2018-05-23 18:00:00,7,18,2,0,21,5,2018,0
2018-05-23 21:00:00,1,21,2,0,21,5,2018,0
2018-05-24 03:00:00,6,3,3,0,21,5,2018,0
2018-05-24 06:00:00,11,6,3,0,21,5,2018,0
2018-05-24 09:00:00,11,9,3,0,21,5,2018,0
2018-05-24 12:00:00,22,12,3,0,21,5,2018,0
2018-05-24 15:00:00,13,15,3,0,21,5,2018,0
2018-05-24 18:00:00,9,18,3,0,21,5,2018,0
2018-05-24 21:00:00,3,21,3,0,21,5,2018,0
2018-05-25 03:00:00,1,3,4,0,21,5,2018,0
2018-05-25 06:00:00,9,6,4,0,21,5,2018,0
2018-05-25 09:00:00,13,9,4,0,21,5,2018,0
2018-05-25 12:00:00,20,12,4,0,21,5,2018,0
2018-05-25 15:00:00,18,15,4,0,21,5,2018,0
2018-05-25 18:00:00,10,18,4,0,21,5,2018,0
2018-05-25 21:00:00,2,21,4,0,21,5,2018,0
2018-05-26 03:00:00,2,3,5,1,21,5,2018,0
2018-05-26 06:00:00,5,6,5,1,21,5,2018,0
2018-05-26 09:00:00,23,9,5,1,21,5,2018,0
2018-05-26 12:00:00,15,12,5,1,21,5,2018,0
2018-05-26 15:00:00,17,15,5,1,21,5,2018,0
2018-05-26 18:00:00,10,18,5,1,21,5,2018,0
2018-05-26 21:00:00,1,21,5,1,21,5,2018,0
2018-05-27 03:00:00,1,3,6,1,21,5,2018,0
2018-05-27 06:00:00,2,6,6,1,21,5,2018,0
2018-05-27 09:00:00,9,9,6,1,21,5,2018,0
2018-05-27 12:00:00,8,12,6,1,21,5,2018,0
2018-05-27 15:00:00,9,15,6,1,21,5,2018,0
2018-05-27 18:00:00,4,18,6,1,21,5,2018,0
2018-05-27 21:00:00,1,21,6,1,21,5,2018,0
2018-05-28 03:00:00,2,3,0,0,22,5,2018,0
2018-05-28 06:00:00,5,6,0,0,22,5,2018,0
2018-05-28 09:00:00,6,9,0,0,22,5,2018,0
2018-05-28 12:00:00,16,12,0,0,22,5,2018,0
2018-05-28 15:00:00,5,15,0,0,22,5,2018,0
2018-05-28 18:00:00,5,18,0,0,22,5,2018,0
2018-05-28 21:00:00,1,21,0,0,22,5,2018,0
2018-05-29 03:00:00,4,3,1,0,22,5,2018,0
2018-05-29 06:00:00,4,6,1,0,22,5,2018,0
2018-05-29 09:00:00,5,9,1,0,22,5,2018,0
2018-05-29 12:00:00,13,12,1,0,22,5,2018,0
2018-05-29 15:00:00,13,15,1,0,22,5,2018,0
2018-05-29 18:00:00,9,18,1,0,22,5,2018,0
2018-05-29 21:00:00,4,21,1,0,22,5,2018,0
2018-05-30 03:00:00,4,3,2,0,22,5,2018,0
2018-05-30 06:00:00,11,6,2,0,22,5,2018,0
2018-05-30 09:00:00,23,9,2,0,22,5,2018,0
2018-05-30 12:00:00,31,12,2,0,22,5,2018,0
2018-05-30 15:00:00,46,15,2,0,22,5,2018,0
2018-05-30 18:00:00,21,18,2,0,22,5,2018,0
2018-05-30 21:00:00,7,21,2,0,22,5,2018,0
2018-05-31 03:00:00,8,3,3,0,22,5,2018,0
2018-05-31 06:00:00,26,6,3,0,22,5,2018,0
2018-05-31 09:00:00,10,9,3,0,22,5,2018,0
2018-05-31 12:00:00,45,12,3,0,22,5,2018,0
2018-05-31 15:00:00,36,15,3,0,22,5,2018,0
2018-05-31 18:00:00,22,18,3,0,22,5,2018,0
2018-05-31 21:00:00,4,21,3,0,22,5,2018,0
2018-06-01 03:00:00,10,3,4,0,22,6,2018,0
2018-06-01 06:00:00,30,6,4,0,22,6,2018,0
2018-06-01 09:00:00,21,9,4,0,22,6,2018,0
2018-06-01 12:00:00,48,12,4,0,22,6,2018,0
2018-06-01 15:00:00,53,15,4,0,22,6,2018,0
2018-06-01 18:00:00,40,18,4,0,22,6,2018,0
2018-06-01 21:00:00,8,21,4,0,22,6,2018,0
2018-06-02 03:00:00,5,3,5,1,22,6,2018,0
2018-06-02 06:00:00,14,6,5,1,22,6,2018,0
2018-06-02 09:00:00,44,9,5,1,22,6,2018,0
2018-06-02 12:00:00,41,12,5,1,22,6,2018,0
2018-06-02 15:00:00,48,15,5,1,22,6,2018,0
2018-06-02 18:00:00,40,18,5,1,22,6,2018,0
2018-06-02 21:00:00,21,21,5,1,22,6,2018,0
2018-06-03 06:00:00,10,6,6,1,22,6,2018,0
2018-06-03 09:00:00,48,9,6,1,22,6,2018,0
2018-06-03 12:00:00,47,12,6,1,22,6,2018,0
2018-06-03 15:00:00,34,15,6,1,22,6,2018,0
2018-06-03 18:00:00,20,18,6,1,22,6,2018,0
2018-06-03 21:00:00,14,21,6,1,22,6,2018,0
2018-06-04 03:00:00,10,3,0,0,23,6,2018,0
2018-06-04 06:00:00,19,6,0,0,23,6,2018,0
2018-06-04 09:00:00,19,9,0,0,23,6,2018,0
2018-06-04 12:00:00,29,12,0,0,23,6,2018,0
2018-06-04 15:00:00,29,15,0,0,23,6,2018,0
2018-06-04 18:00:00,16,18,0,0,23,6,2018,0
2018-06-04 21:00:00,9,21,0,0,23,6,2018,0
2018-06-05 03:00:00,8,3,1,0,23,6,2018,0
2018-06-05 06:00:00,17,6,1,0,23,6,2018,0
2018-06-05 09:00:00,23,9,1,0,23,6,2018,0
2018-06-05 12:00:00,26,12,1,0,23,6,2018,0
2018-06-05 15:00:00,30,15,1,0,23,6,2018,0
2018-06-05 18:00:00,22,18,1,0,23,6,2018,0
2018-06-05 21:00:00,10,21,1,0,23,6,2018,0
2018-06-06 03:00:00,12,3,2,0,23,6,2018,0
2018-06-06 06:00:00,28,6,2,0,23,6,2018,0
2018-06-06 09:00:00,41,9,2,0,23,6,2018,0
2018-06-06 12:00:00,51,12,2,0,23,6,2018,0
2018-06-06 15:00:00,62,15,2,0,23,6,2018,0
2018-06-06 18:00:00,34,18,2,0,23,6,2018,0
2018-06-06 21:00:00,12,21,2,0,23,6,2018,0
2018-06-07 03:00:00,11,3,3,0,23,6,2018,0
2018-06-07 06:00:00,29,6,3,0,23,6,2018,0
2018-06-07 09:00:00,17,9,3,0,23,6,2018,0
2018-06-07 12:00:00,18,12,3,0,23,6,2018,0
2018-06-07 15:00:00,21,15,3,0,23,6,2018,0
2018-06-07 18:00:00,15,18,3,0,23,6,2018,0
2018-06-07 21:00:00,5,21,3,0,23,6,2018,0
2018-06-08 03:00:00,9,3,4,0,23,6,2018,0
2018-06-08 06:00:00,36,6,4,0,23,6,2018,0
2018-06-08 09:00:00,27,9,4,0,23,6,2018,0
2018-06-08 12:00:00,60,12,4,0,23,6,2018,0
2018-06-08 15:00:00,47,15,4,0,23,6,2018,0
2018-06-08 18:00:00,31,18,4,0,23,6,2018,0
2018-06-08 21:00:00,2,21,4,0,23,6,2018,0
2018-06-09 03:00:00,2,3,5,1,23,6,2018,0
2018-06-09 06:00:00,21,6,5,1,23,6,2018,0
2018-06-09 09:00:00,62,9,5,1,23,6,2018,0
2018-06-09 12:00:00,78,12,5,1,23,6,2018,0
2018-06-09 15:00:00,57,15,5,1,23,6,2018,0
2018-06-09 18:00:00,35,18,5,1,23,6,2018,0
2018-06-09 21:00:00,21,21,5,1,23,6,2018,0
2018-06-10 03:00:00,4,3,6,1,23,6,2018,0
2018-06-10 06:00:00,9,6,6,1,23,6,2018,0
2018-06-10 09:00:00,36,9,6,1,23,6,2018,0
2018-06-10 12:00:00,55,12,6,1,23,6,2018,0
2018-06-10 15:00:00,68,15,6,1,23,6,2018,0
2018-06-10 18:00:00,53,18,6,1,23,6,2018,0
2018-06-10 21:00:00,4,21,6,1,23,6,2018,0
2018-06-11 03:00:00,9,3,0,0,24,6,2018,0
2018-06-11 06:00:00,43,6,0,0,24,6,2018,0
2018-06-11 09:00:00,33,9,0,0,24,6,2018,0
2018-06-11 12:00:00,57,12,0,0,24,6,2018,0
2018-06-11 15:00:00,38,15,0,0,24,6,2018,0
2018-06-11 18:00:00,43,18,0,0,24,6,2018,0
2018-06-11 21:00:00,5,21,0,0,24,6,2018,0
2018-06-12 03:00:00,23,3,1,0,24,6,2018,0
2018-06-12 06:00:00,61,6,1,0,24,6,2018,0
2018-06-12 09:00:00,44,9,1,0,24,6,2018,0
2018-06-12 12:00:00,82,12,1,0,24,6,2018,0
2018-06-12 15:00:00,84,15,1,0,24,6,2018,0
2018-06-12 18:00:00,33,18,1,0,24,6,2018,0
2018-06-12 21:00:00,7,21,1,0,24,6,2018,0
2018-06-13 03:00:00,18,3,2,0,24,6,2018,0
2018-06-13 06:00:00,52,6,2,0,24,6,2018,0
2018-06-13 09:00:00,46,9,2,0,24,6,2018,0
2018-06-13 12:00:00,67,12,2,0,24,6,2018,0
2018-06-13 15:00:00,90,15,2,0,24,6,2018,0
2018-06-13 18:00:00,55,18,2,0,24,6,2018,0
2018-06-13 21:00:00,12,21,2,0,24,6,2018,0
2018-06-14 03:00:00,28,3,3,0,24,6,2018,0
2018-06-14 06:00:00,41,6,3,0,24,6,2018,0
2018-06-14 09:00:00,39,9,3,0,24,6,2018,0
2018-06-14 12:00:00,76,12,3,0,24,6,2018,0
2018-06-14 15:00:00,63,15,3,0,24,6,2018,0
2018-06-14 18:00:00,26,18,3,0,24,6,2018,0
2018-06-14 21:00:00,11,21,3,0,24,6,2018,0
2018-06-15 03:00:00,28,3,4,0,24,6,2018,0
2018-06-15 06:00:00,39,6,4,0,24,6,2018,0
2018-06-15 09:00:00,41,9,4,0,24,6,2018,0
2018-06-15 12:00:00,93,12,4,0,24,6,2018,0
2018-06-15 15:00:00,65,15,4,0,24,6,2018,0
2018-06-15 18:00:00,46,18,4,0,24,6,2018,0
2018-06-15 21:00:00,7,21,4,0,24,6,2018,0
2018-06-16 03:00:00,2,3,5,1,24,6,2018,0
2018-06-16 06:00:00,31,6,5,1,24,6,2018,0
2018-06-16 09:00:00,57,9,5,1,24,6,2018,0
2018-06-16 12:00:00,50,12,5,1,24,6,2018,0
2018-06-16 15:00:00,49,15,5,1,24,6,2018,0
2018-06-16 18:00:00,35,18,5,1,24,6,2018,0
2018-06-16 21:00:00,27,21,5,1,24,6,2018,0
2018-06-17 03:00:00,2,3,6,1,24,6,2018,0
2018-06-17 06:00:00,16,6,6,1,24,6,2018,0
2018-06-17 09:00:00,44,9,6,1,24,6,2018,0
2018-06-17 12:00:00,83,12,6,1,24,6,2018,0
2018-06-17 15:00:00,51,15,6,1,24,6,2018,0
2018-06-17 18:00:00,36,18,6,1,24,6,2018,0
2018-06-17 21:00:00,7,21,6,1,24,6,2018,0
2018-06-18 03:00:00,27,3,0,0,25,6,2018,0
2018-06-18 06:00:00,36,6,0,0,25,6,2018,0
2018-06-18 09:00:00,33,9,0,0,25,6,2018,0
2018-06-18 12:00:00,68,12,0,0,25,6,2018,0
2018-06-18 15:00:00,54,15,0,0,25,6,2018,0
2018-06-18 18:00:00,86,18,0,0,25,6,2018,0
2018-06-18 21:00:00,12,21,0,0,25,6,2018,0
2018-06-19 03:00:00,14,3,1,0,25,6,2018,0
2018-06-19 06:00:00,68,6,1,0,25,6,2018,0
2018-06-19 09:00:00,45,9,1,0,25,6,2018,0
2018-06-19 12:00:00,52,12,1,0,25,6,2018,0
2018-06-19 15:00:00,49,15,1,0,25,6,2018,0
2018-06-19 18:00:00,28,18,1,0,25,6,2018,0
2018-06-19 21:00:00,5,21,1,0,25,6,2018,0
2018-06-20 03:00:00,23,3,2,0,25,6,2018,0
2018-06-20 06:00:00,46,6,2,0,25,6,2018,0
2018-06-20 09:00:00,44,9,2,0,25,6,2018,0
2018-06-20 12:00:00,78,12,2,0,25,6,2018,0
2018-06-20 15:00:00,46,15,2,0,25,6,2018,0
2018-06-20 18:00:00,39,18,2,0,25,6,2018,0
2018-06-20 21:00:00,8,21,2,0,25,6,2018,0
2018-06-21 03:00:00,30,3,3,0,25,6,2018,0
2018-06-21 06:00:00,28,6,3,0,25,6,2018,0
2018-06-21 09:00:00,50,9,3,0,25,6,2018,0
2018-06-21 12:00:00,92,12,3,0,25,6,2018,0
2018-06-21 15:00:00,59,15,3,0,25,6,2018,0
2018-06-21 18:00:00,44,18,3,0,25,6,2018,0
2018-06-21 21:00:00,8,21,3,0,25,6,2018,0
2018-06-22 03:00:00,16,3,4,0,25,6,2018,0
2018-06-22 06:00:00,17,6,4,0,25,6,2018,0
2018-06-22 09:00:00,21,9,4,0,25,6,2018,0
2018-06-22 12:00:00,41,12,4,0,25,6,2018,0
2018-06-22 15:00:00,28,15,4,0,25,6,2018,0
2018-06-22 18:00:00,20,18,4,0,25,6,2018,0
2018-06-22 21:00:00,8,21,4,0,25,6,2018,0
2018-06-23 03:00:00,2,3,5,1,25,6,2018,0
2018-06-23 06:00:00,14,6,5,1,25,6,2018,0
2018-06-23 09:00:00,16,9,5,1,25,6,2018,0
2018-06-23 12:00:00,32,12,5,1,25,6,2018,0
2018-06-23 15:00:00,38,15,5,1,25,6,2018,0
2018-06-23 18:00:00,13,18,5,1,25,6,2018,0
2018-06-23 21:00:00,12,21,5,1,25,6,2018,0
2018-06-24 03:00:00,5,3,6,1,25,6,2018,0
2018-06-24 06:00:00,9,6,6,1,25,6,2018,0
2018-06-24 09:00:00,46,9,6,1,25,6,2018,0
2018-06-24 12:00:00,60,12,6,1,25,6,2018,0
2018-06-24 15:00:00,42,15,6,1,25,6,2018,0
2018-06-24 18:00:00,20,18,6,1,25,6,2018,0
2018-06-25 03:00:00,18,3,0,0,26,6,2018,0
2018-06-25 06:00:00,46,6,0,0,26,6,2018,0
2018-06-25 09:00:00,26,9,0,0,26,6,2018,0
2018-06-25 12:00:00,76,12,0,0,26,6,2018,0
2018-06-25 15:00:00,47,15,0,0,26,6,2018,0
2018-06-25 18:00:00,55,18,0,0,26,6,2018,0
2018-06-25 21:00:00,10,21,0,0,26,6,2018,0
2018-06-26 03:00:00,27,3,1,0,26,6,2018,0
2018-06-26 06:00:00,69,6,1,0,26,6,2018,0
2018-06-26 09:00:00,36,9,1,0,26,6,2018,0
2018-06-26 12:00:00,85,12,1,0,26,6,2018,0
2018-06-26 15:00:00,85,15,1,0,26,6,2018,0
2018-06-26 18:00:00,43,18,1,0,26,6,2018,0
2018-06-26 21:00:00,10,21,1,0,26,6,2018,0
2018-06-27 03:00:00,29,3,2,0,26,6,2018,0
2018-06-27 06:00:00,45,6,2,0,26,6,2018,0
2018-06-27 09:00:00,52,9,2,0,26,6,2018,0
2018-06-27 12:00:00,75,12,2,0,26,6,2018,0
2018-06-27 15:00:00,71,15,2,0,26,6,2018,0
2018-06-27 18:00:00,69,18,2,0,26,6,2018,0
2018-06-27 21:00:00,5,21,2,0,26,6,2018,0
2018-06-28 03:00:00,30,3,3,0,26,6,2018,0
2018-06-28 06:00:00,47,6,3,0,26,6,2018,0
2018-06-28 09:00:00,17,9,3,0,26,6,2018,0
2018-06-28 12:00:00,68,12,3,0,26,6,2018,0
2018-06-28 15:00:00,63,15,3,0,26,6,2018,0
2018-06-28 18:00:00,28,18,3,0,26,6,2018,0
2018-06-28 21:00:00,7,21,3,0,26,6,2018,0
2018-06-29 03:00:00,33,3,4,0,26,6,2018,0
2018-06-29 06:00:00,35,6,4,0,26,6,2018,0
2018-06-29 09:00:00,27,9,4,0,26,6,2018,0
2018-06-29 12:00:00,47,12,4,0,26,6,2018,0
2018-06-29 15:00:00,52,15,4,0,26,6,2018,0
2018-06-29 18:00:00,32,18,4,0,26,6,2018,0
2018-06-29 21:00:00,4,21,4,0,26,6,2018,0
2018-06-30 03:00:00,1,3,5,1,26,6,2018,0
2018-06-30 06:00:00,13,6,5,1,26,6,2018,0
2018-06-30 09:00:00,65,9,5,1,26,6,2018,0
2018-06-30 12:00:00,52,12,5,1,26,6,2018,0
2018-06-30 15:00:00,65,15,5,1,26,6,2018,0
2018-06-30 18:00:00,60,18,5,1,26,6,2018,0
2018-06-30 21:00:00,10,21,5,1,26,6,2018,0
2018-07-01 03:00:00,2,3,6,1,26,7,2018,0
2018-07-01 06:00:00,16,6,6,1,26,7,2018,0
2018-07-01 09:00:00,42,9,6,1,26,7,2018,0
2018-07-01 12:00:00,86,12,6,1,26,7,2018,0
2018-07-01 15:00:00,89,15,6,1,26,7,2018,0
2018-07-01 18:00:00,42,18,6,1,26,7,2018,0
2018-07-01 21:00:00,10,21,6,1,26,7,2018,0
2018-07-02 03:00:00,29,3,0,0,27,7,2018,0
2018-07-02 06:00:00,46,6,0,0,27,7,2018,0
2018-07-02 09:00:00,68,9,0,0,27,7,2018,0
2018-07-02 12:00:00,133,12,0,0,27,7,2018,0
2018-07-02 15:00:00,108,15,0,0,27,7,2018,0
2018-07-02 18:00:00,49,18,0,0,27,7,2018,0
2018-07-02 21:00:00,5,21,0,0,27,7,2018,0
2018-07-03 03:00:00,27,3,1,0,27,7,2018,0
2018-07-03 06:00:00,57,6,1,0,27,7,2018,0
2018-07-03 09:00:00,62,9,1,0,27,7,2018,0
2018-07-03 12:00:00,128,12,1,0,27,7,2018,0
2018-07-03 15:00:00,96,15,1,0,27,7,2018,0
2018-07-03 18:00:00,58,18,1,0,27,7,2018,0
2018-07-03 21:00:00,10,21,1,0,27,7,2018,0
2018-07-04 03:00:00,26,3,2,0,27,7,2018,0
2018-07-04 06:00:00,70,6,2,0,27,7,2018,0
2018-07-04 09:00:00,57,9,2,0,27,7,2018,0
2018-07-04 12:00:00,122,12,2,0,27,7,2018,0
2018-07-04 15:00:00,116,15,2,0,27,7,2018,0
2018-07-04 18:00:00,57,18,2,0,27,7,2018,0
2018-07-04 21:00:00,7,21,2,0,27,7,2018,0
2018-07-05 03:00:00,32,3,3,0,27,7,2018,0
2018-07-05 06:00:00,54,6,3,0,27,7,2018,0
2018-07-05 09:00:00,77,9,3,0,27,7,2018,0
2018-07-05 12:00:00,140,12,3,0,27,7,2018,0
2018-07-05 15:00:00,88,15,3,0,27,7,2018,0
2018-07-05 18:00:00,51,18,3,0,27,7,2018,0
2018-07-05 21:00:00,12,21,3,0,27,7,2018,0
2018-07-06 03:00:00,26,3,4,0,27,7,2018,0
2018-07-06 06:00:00,43,6,4,0,27,7,2018,0
2018-07-06 09:00:00,50,9,4,0,27,7,2018,0
2018-07-06 12:00:00,101,12,4,0,27,7,2018,0
2018-07-06 15:00:00,53,15,4,0,27,7,2018,0
2018-07-06 18:00:00,40,18,4,0,27,7,2018,0
2018-07-06 21:00:00,11,21,4,0,27,7,2018,0
2018-07-07 03:00:00,7,3,5,1,27,7,2018,0
2018-07-07 06:00:00,17,6,5,1,27,7,2018,0
2018-07-07 09:00:00,61,9,5,1,27,7,2018,0
2018-07-07 12:00:00,111,12,5,1,27,7,2018,0
2018-07-07 15:00:00,52,15,5,1,27,7,2018,0
2018-07-07 18:00:00,66,18,5,1,27,7,2018,0
2018-07-07 21:00:00,19,21,5,1,27,7,2018,0
2018-07-08 03:00:00,7,3,6,1,27,7,2018,0
2018-07-08 06:00:00,26,6,6,1,27,7,2018,0
2018-07-08 09:00:00,71,9,6,1,27,7,2018,0
2018-07-08 12:00:00,97,12,6,1,27,7,2018,0
2018-07-08 15:00:00,57,15,6,1,27,7,2018,0
2018-07-08 18:00:00,38,18,6,1,27,7,2018,0
2018-07-08 21:00:00,8,21,6,1,27,7,2018,0
2018-07-09 03:00:00,11,3,0,0,28,7,2018,0
2018-07-09 06:00:00,31,6,0,0,28,7,2018,0
2018-07-09 09:00:00,52,9,0,0,28,7,2018,0
2018-07-09 12:00:00,102,12,0,0,28,7,2018,0
2018-07-09 15:00:00,92,15,0,0,28,7,2018,0
2018-07-09 18:00:00,91,18,0,0,28,7,2018,0
2018-07-09 21:00:00,5,21,0,0,28,7,2018,0
2018-07-10 03:00:00,30,3,1,0,28,7,2018,0
2018-07-10 06:00:00,47,6,1,0,28,7,2018,0
2018-07-10 09:00:00,86,9,1,0,28,7,2018,0
2018-07-10 12:00:00,147,12,1,0,28,7,2018,0
2018-07-10 15:00:00,126,15,1,0,28,7,2018,0
2018-07-10 18:00:00,76,18,1,0,28,7,2018,0
2018-07-10 21:00:00,17,21,1,0,28,7,2018,0
2018-07-11 03:00:00,34,3,2,0,28,7,2018,0
2018-07-11 06:00:00,63,6,2,0,28,7,2018,0
2018-07-11 09:00:00,61,9,2,0,28,7,2018,0
2018-07-11 12:00:00,149,12,2,0,28,7,2018,0
2018-07-11 15:00:00,93,15,2,0,28,7,2018,0
2018-07-11 18:00:00,86,18,2,0,28,7,2018,0
2018-07-11 21:00:00,14,21,2,0,28,7,2018,0
2018-07-12 03:00:00,33,3,3,0,28,7,2018,0
2018-07-12 06:00:00,74,6,3,0,28,7,2018,0
2018-07-12 09:00:00,87,9,3,0,28,7,2018,0
2018-07-12 12:00:00,134,12,3,0,28,7,2018,0
2018-07-12 15:00:00,105,15,3,0,28,7,2018,0
2018-07-12 18:00:00,101,18,3,0,28,7,2018,0
2018-07-12 21:00:00,11,21,3,0,28,7,2018,0
2018-07-13 03:00:00,28,3,4,0,28,7,2018,0
2018-07-13 06:00:00,59,6,4,0,28,7,2018,0
2018-07-13 09:00:00,93,9,4,0,28,7,2018,0
2018-07-13 12:00:00,177,12,4,0,28,7,2018,0
2018-07-13 15:00:00,118,15,4,0,28,7,2018,0
2018-07-13 18:00:00,98,18,4,0,28,7,2018,0
2018-07-13 21:00:00,11,21,4,0,28,7,2018,0
2018-07-14 03:00:00,10,3,5,1,28,7,2018,0
2018-07-14 06:00:00,45,6,5,1,28,7,2018,0
2018-07-14 09:00:00,137,9,5,1,28,7,2018,0
2018-07-14 12:00:00,146,12,5,1,28,7,2018,0
2018-07-14 15:00:00,123,15,5,1,28,7,2018,0
2018-07-14 18:00:00,93,18,5,1,28,7,2018,0
2018-07-14 21:00:00,22,21,5,1,28,7,2018,0
2018-07-15 03:00:00,9,3,6,1,28,7,2018,0
2018-07-15 06:00:00,15,6,6,1,28,7,2018,0
2018-07-15 09:00:00,120,9,6,1,28,7,2018,0
2018-07-15 12:00:00,152,12,6,1,28,7,2018,0
2018-07-15 15:00:00,78,15,6,1,28,7,2018,0
2018-07-15 18:00:00,76,18,6,1,28,7,2018,0
2018-07-15 21:00:00,15,21,6,1,28,7,2018,0
2018-07-16 03:00:00,20,3,0,0,29,7,2018,0
2018-07-16 06:00:00,50,6,0,0,29,7,2018,0
2018-07-16 09:00:00,106,9,0,0,29,7,2018,0
2018-07-16 12:00:00,187,12,0,0,29,7,2018,0
2018-07-16 15:00:00,137,15,0,0,29,7,2018,0
2018-07-16 18:00:00,103,18,0,0,29,7,2018,0
2018-07-16 21:00:00,16,21,0,0,29,7,2018,0
2018-07-17 03:00:00,32,3,1,0,29,7,2018,0
2018-07-17 06:00:00,55,6,1,0,29,7,2018,0
2018-07-17 09:00:00,121,9,1,0,29,7,2018,0
2018-07-17 12:00:00,154,12,1,0,29,7,2018,0
2018-07-17 15:00:00,100,15,1,0,29,7,2018,0
2018-07-17 18:00:00,105,18,1,0,29,7,2018,0
2018-07-17 21:00:00,17,21,1,0,29,7,2018,0
2018-07-18 03:00:00,38,3,2,0,29,7,2018,0
2018-07-18 06:00:00,40,6,2,0,29,7,2018,0
2018-07-18 09:00:00,131,9,2,0,29,7,2018,0
2018-07-18 12:00:00,165,12,2,0,29,7,2018,0
2018-07-18 15:00:00,88,15,2,0,29,7,2018,0
2018-07-18 18:00:00,113,18,2,0,29,7,2018,0
2018-07-18 21:00:00,17,21,2,0,29,7,2018,0
2018-07-19 03:00:00,25,3,3,0,29,7,2018,0
2018-07-19 06:00:00,63,6,3,0,29,7,2018,0
2018-07-19 09:00:00,84,9,3,0,29,7,2018,0
2018-07-19 12:00:00,125,12,3,0,29,7,2018,0
2018-07-19 15:00:00,138,15,3,0,29,7,2018,0
2018-07-19 18:00:00,96,18,3,0,29,7,2018,0
2018-07-19 21:00:00,13,21,3,0,29,7,2018,0
2018-07-20 03:00:00,26,3,4,0,29,7,2018,0
2018-07-20 06:00:00,72,6,4,0,29,7,2018,0
2018-07-20 09:00:00,164,9,4,0,29,7,2018,0
2018-07-20 12:00:00,151,12,4,0,29,7,2018,0
2018-07-20 15:00:00,122,15,4,0,29,7,2018,0
2018-07-20 18:00:00,77,18,4,0,29,7,2018,0
2018-07-20 21:00:00,12,21,4,0,29,7,2018,0
2018-07-21 03:00:00,13,3,5,1,29,7,2018,0
2018-07-21 06:00:00,38,6,5,1,29,7,2018,0
2018-07-21 09:00:00,82,9,5,1,29,7,2018,0
2018-07-21 12:00:00,159,12,5,1,29,7,2018,0
2018-07-21 15:00:00,135,15,5,1,29,7,2018,0
2018-07-21 18:00:00,95,18,5,1,29,7,2018,0
2018-07-21 21:00:00,18,21,5,1,29,7,2018,0
2018-07-22 03:00:00,12,3,6,1,29,7,2018,0
2018-07-22 06:00:00,18,6,6,1,29,7,2018,0
2018-07-22 09:00:00,76,9,6,1,29,7,2018,0
2018-07-22 12:00:00,139,12,6,1,29,7,2018,0
2018-07-22 15:00:00,141,15,6,1,29,7,2018,0
2018-07-22 18:00:00,75,18,6,1,29,7,2018,0
2018-07-22 21:00:00,14,21,6,1,29,7,2018,0
2018-07-23 03:00:00,29,3,0,0,30,7,2018,0
2018-07-23 06:00:00,43,6,0,0,30,7,2018,0
2018-07-23 09:00:00,57,9,0,0,30,7,2018,0
2018-07-23 12:00:00,124,12,0,0,30,7,2018,0
2018-07-23 15:00:00,139,15,0,0,30,7,2018,0
2018-07-23 18:00:00,110,18,0,0,30,7,2018,0
2018-07-23 21:00:00,14,21,0,0,30,7,2018,0
2018-07-24 03:00:00,30,3,1,0,30,7,2018,0
2018-07-24 06:00:00,63,6,1,0,30,7,2018,0
2018-07-24 09:00:00,92,9,1,0,30,7,2018,0
2018-07-24 12:00:00,146,12,1,0,30,7,2018,0
2018-07-24 15:00:00,110,15,1,0,30,7,2018,0
2018-07-24 18:00:00,107,18,1,0,30,7,2018,0
2018-07-24 21:00:00,19,21,1,0,30,7,2018,0
2018-07-25 03:00:00,28,3,2,0,30,7,2018,0
2018-07-25 06:00:00,54,6,2,0,30,7,2018,0
2018-07-25 09:00:00,56,9,2,0,30,7,2018,0
2018-07-25 12:00:00,105,12,2,0,30,7,2018,0
2018-07-25 15:00:00,91,15,2,0,30,7,2018,0
2018-07-25 18:00:00,69,18,2,0,30,7,2018,0
2018-07-25 21:00:00,15,21,2,0,30,7,2018,0
2018-07-26 03:00:00,37,3,3,0,30,7,2018,0
2018-07-26 06:00:00,77,6,3,0,30,7,2018,0
2018-07-26 09:00:00,103,9,3,0,30,7,2018,0
2018-07-26 12:00:00,158,12,3,0,30,7,2018,0
2018-07-26 15:00:00,150,15,3,0,30,7,2018,0
2018-07-26 18:00:00,78,18,3,0,30,7,2018,0
2018-07-26 21:00:00,18,21,3,0,30,7,2018,0
2018-07-27 03:00:00,30,3,4,0,30,7,2018,0
2018-07-27 06:00:00,66,6,4,0,30,7,2018,0
2018-07-27 09:00:00,100,9,4,0,30,7,2018,0
2018-07-27 12:00:00,179,12,4,0,30,7,2018,0
2018-07-27 15:00:00,126,15,4,0,30,7,2018,0
2018-07-27 18:00:00,142,18,4,0,30,7,2018,0
2018-07-27 21:00:00,42,21,4,0,30,7,2018,0
2018-07-28 03:00:00,10,3,5,1,30,7,2018,0
2018-07-28 06:00:00,62,6,5,1,30,7,2018,0
2018-07-28 09:00:00,119,9,5,1,30,7,2018,0
2018-07-28 12:00:00,150,12,5,1,30,7,2018,0
2018-07-28 15:00:00,169,15,5,1,30,7,2018,0
2018-07-28 18:00:00,98,18,5,1,30,7,2018,0
2018-07-28 21:00:00,32,21,5,1,30,7,2018,0
2018-07-29 03:00:00,4,3,6,1,30,7,2018,0
2018-07-29 06:00:00,36,6,6,1,30,7,2018,0
2018-07-29 09:00:00,93,9,6,1,30,7,2018,0
2018-07-29 12:00:00,158,12,6,1,30,7,2018,0
2018-07-29 15:00:00,102,15,6,1,30,7,2018,0
2018-07-29 18:00:00,73,18,6,1,30,7,2018,0
2018-07-29 21:00:00,8,21,6,1,30,7,2018,0
2018-07-30 03:00:00,36,3,0,0,31,7,2018,0
2018-07-30 06:00:00,57,6,0,0,31,7,2018,0
2018-07-30 09:00:00,73,9,0,0,31,7,2018,0
2018-07-30 12:00:00,128,12,0,0,31,7,2018,0
2018-07-30 15:00:00,115,15,0,0,31,7,2018,0
2018-07-30 18:00:00,117,18,0,0,31,7,2018,0
2018-07-30 21:00:00,14,21,0,0,31,7,2018,0
2018-07-31 03:00:00,42,3,1,0,31,7,2018,0
2018-07-31 06:00:00,84,6,1,0,31,7,2018,0
2018-07-31 09:00:00,141,9,1,0,31,7,2018,0
2018-07-31 12:00:00,220,12,1,0,31,7,2018,0
2018-07-31 15:00:00,171,15,1,0,31,7,2018,0
2018-07-31 18:00:00,128,18,1,0,31,7,2018,0
2018-07-31 21:00:00,23,21,1,0,31,7,2018,0
2018-08-01 03:00:00,43,3,2,0,31,8,2018,0
2018-08-01 06:00:00,56,6,2,0,31,8,2018,0
2018-08-01 09:00:00,88,9,2,0,31,8,2018,0
2018-08-01 12:00:00,168,12,2,0,31,8,2018,0
2018-08-01 15:00:00,169,15,2,0,31,8,2018,0
2018-08-01 18:00:00,98,18,2,0,31,8,2018,0
2018-08-01 21:00:00,33,21,2,0,31,8,2018,0
2018-08-02 03:00:00,44,3,3,0,31,8,2018,0
2018-08-02 06:00:00,81,6,3,0,31,8,2018,0
2018-08-02 09:00:00,71,9,3,0,31,8,2018,0
2018-08-02 12:00:00,79,12,3,0,31,8,2018,0
2018-08-02 15:00:00,107,15,3,0,31,8,2018,0
2018-08-02 18:00:00,74,18,3,0,31,8,2018,0
2018-08-02 21:00:00,30,21,3,0,31,8,2018,0
2018-08-03 03:00:00,38,3,4,0,31,8,2018,0
2018-08-03 06:00:00,68,6,4,0,31,8,2018,0
2018-08-03 09:00:00,71,9,4,0,31,8,2018,0
2018-08-03 12:00:00,105,12,4,0,31,8,2018,0
2018-08-03 15:00:00,101,15,4,0,31,8,2018,0
2018-08-03 18:00:00,46,18,4,0,31,8,2018,0
2018-08-03 21:00:00,12,21,4,0,31,8,2018,0
2018-08-04 03:00:00,4,3,5,1,31,8,2018,0
2018-08-04 06:00:00,43,6,5,1,31,8,2018,0
2018-08-04 09:00:00,81,9,5,1,31,8,2018,0
2018-08-04 12:00:00,111,12,5,1,31,8,2018,0
2018-08-04 15:00:00,114,15,5,1,31,8,2018,0
2018-08-04 18:00:00,100,18,5,1,31,8,2018,0
2018-08-04 21:00:00,24,21,5,1,31,8,2018,0
2018-08-05 03:00:00,2,3,6,1,31,8,2018,0
2018-08-05 06:00:00,27,6,6,1,31,8,2018,0
2018-08-05 09:00:00,21,9,6,1,31,8,2018,0
2018-08-05 12:00:00,36,12,6,1,31,8,2018,0
2018-08-05 15:00:00,47,15,6,1,31,8,2018,0
2018-08-05 18:00:00,35,18,6,1,31,8,2018,0
2018-08-05 21:00:00,9,21,6,1,31,8,2018,0
2018-08-06 03:00:00,29,3,0,0,32,8,2018,0
2018-08-06 06:00:00,45,6,0,0,32,8,2018,0
2018-08-06 09:00:00,47,9,0,0,32,8,2018,0
2018-08-06 12:00:00,145,12,0,0,32,8,2018,0
2018-08-06 15:00:00,109,15,0,0,32,8,2018,0
2018-08-06 18:00:00,68,18,0,0,32,8,2018,0
2018-08-06 21:00:00,8,21,0,0,32,8,2018,0
2018-08-07 03:00:00,46,3,1,0,32,8,2018,0
2018-08-07 06:00:00,83,6,1,0,32,8,2018,0
2018-08-07 09:00:00,102,9,1,0,32,8,2018,0
2018-08-07 12:00:00,208,12,1,0,32,8,2018,0
2018-08-07 15:00:00,151,15,1,0,32,8,2018,0
2018-08-07 18:00:00,110,18,1,0,32,8,2018,0
2018-08-07 21:00:00,17,21,1,0,32,8,2018,0
2018-08-08 03:00:00,65,3,2,0,32,8,2018,0
2018-08-08 06:00:00,111,6,2,0,32,8,2018,0
2018-08-08 09:00:00,87,9,2,0,32,8,2018,0
2018-08-08 12:00:00,167,12,2,0,32,8,2018,0
2018-08-08 15:00:00,104,15,2,0,32,8,2018,0
2018-08-08 18:00:00,85,18,2,0,32,8,2018,0
2018-08-08 21:00:00,12,21,2,0,32,8,2018,0
2018-08-09 03:00:00,43,3,3,0,32,8,2018,0
2018-08-09 06:00:00,71,6,3,0,32,8,2018,0
2018-08-09 09:00:00,57,9,3,0,32,8,2018,0
2018-08-09 12:00:00,139,12,3,0,32,8,2018,0
2018-08-09 15:00:00,113,15,3,0,32,8,2018,0
2018-08-09 18:00:00,79,18,3,0,32,8,2018,0
2018-08-09 21:00:00,11,21,3,0,32,8,2018,0
2018-08-10 03:00:00,25,3,4,0,32,8,2018,0
2018-08-10 06:00:00,42,6,4,0,32,8,2018,0
2018-08-10 09:00:00,24,9,4,0,32,8,2018,0
2018-08-10 12:00:00,71,12,4,0,32,8,2018,0
2018-08-10 15:00:00,48,15,4,0,32,8,2018,0
2018-08-10 18:00:00,25,18,4,0,32,8,2018,0
2018-08-10 21:00:00,2,21,4,0,32,8,2018,0
2018-08-11 03:00:00,5,3,5,1,32,8,2018,0
2018-08-11 06:00:00,26,6,5,1,32,8,2018,0
2018-08-11 09:00:00,72,9,5,1,32,8,2018,0
2018-08-11 12:00:00,129,12,5,1,32,8,2018,0
2018-08-11 15:00:00,93,15,5,1,32,8,2018,0
2018-08-11 18:00:00,70,18,5,1,32,8,2018,0
2018-08-11 21:00:00,15,21,5,1,32,8,2018,0
2018-08-12 03:00:00,7,3,6,1,32,8,2018,0
2018-08-12 06:00:00,42,6,6,1,32,8,2018,0
2018-08-12 09:00:00,57,9,6,1,32,8,2018,0
2018-08-12 12:00:00,86,12,6,1,32,8,2018,0
2018-08-12 15:00:00,110,15,6,1,32,8,2018,0
2018-08-12 18:00:00,60,18,6,1,32,8,2018,0
2018-08-12 21:00:00,10,21,6,1,32,8,2018,0
2018-08-13 03:00:00,42,3,0,0,33,8,2018,0
2018-08-13 06:00:00,70,6,0,0,33,8,2018,0
2018-08-13 09:00:00,112,9,0,0,33,8,2018,0
2018-08-13 12:00:00,198,12,0,0,33,8,2018,0
2018-08-13 15:00:00,150,15,0,0,33,8,2018,0
2018-08-13 18:00:00,118,18,0,0,33,8,2018,0
2018-08-13 21:00:00,19,21,0,0,33,8,2018,0
2018-08-14 03:00:00,68,3,1,0,33,8,2018,0
2018-08-14 06:00:00,108,6,1,0,33,8,2018,0
2018-08-14 09:00:00,101,9,1,0,33,8,2018,0
2018-08-14 12:00:00,238,12,1,0,33,8,2018,0
2018-08-14 15:00:00,193,15,1,0,33,8,2018,0
2018-08-14 18:00:00,111,18,1,0,33,8,2018,0
2018-08-14 21:00:00,19,21,1,0,33,8,2018,0
2018-08-15 03:00:00,65,3,2,0,33,8,2018,0
2018-08-15 06:00:00,137,6,2,0,33,8,2018,0
2018-08-15 09:00:00,133,9,2,0,33,8,2018,0
2018-08-15 12:00:00,194,12,2,0,33,8,2018,0
2018-08-15 15:00:00,164,15,2,0,33,8,2018,0
2018-08-15 18:00:00,90,18,2,0,33,8,2018,0
2018-08-15 21:00:00,28,21,2,0,33,8,2018,0
2018-08-16 03:00:00,50,3,3,0,33,8,2018,0
2018-08-16 06:00:00,99,6,3,0,33,8,2018,0
2018-08-16 09:00:00,104,9,3,0,33,8,2018,0
2018-08-16 12:00:00,234,12,3,0,33,8,2018,0
2018-08-16 15:00:00,155,15,3,0,33,8,2018,0
2018-08-16 18:00:00,77,18,3,0,33,8,2018,0
2018-08-16 21:00:00,20,21,3,0,33,8,2018,0
2018-08-17 03:00:00,51,3,4,0,33,8,2018,0
2018-08-17 06:00:00,112,6,4,0,33,8,2018,0
2018-08-17 09:00:00,166,9,4,0,33,8,2018,0
2018-08-17 12:00:00,229,12,4,0,33,8,2018,0
2018-08-17 15:00:00,166,15,4,0,33,8,2018,0
2018-08-17 18:00:00,93,18,4,0,33,8,2018,0
2018-08-17 21:00:00,22,21,4,0,33,8,2018,0
2018-08-18 03:00:00,8,3,5,1,33,8,2018,0
2018-08-18 06:00:00,37,6,5,1,33,8,2018,0
2018-08-18 09:00:00,70,9,5,1,33,8,2018,0
2018-08-18 12:00:00,131,12,5,1,33,8,2018,0
2018-08-18 15:00:00,112,15,5,1,33,8,2018,0
2018-08-18 18:00:00,54,18,5,1,33,8,2018,0
2018-08-18 21:00:00,14,21,5,1,33,8,2018,0
2018-08-19 03:00:00,13,3,6,1,33,8,2018,0
2018-08-19 06:00:00,22,6,6,1,33,8,2018,0
2018-08-19 09:00:00,52,9,6,1,33,8,2018,0
2018-08-19 12:00:00,93,12,6,1,33,8,2018,0
2018-08-19 15:00:00,113,15,6,1,33,8,2018,0
2018-08-19 18:00:00,48,18,6,1,33,8,2018,0
2018-08-19 21:00:00,9,21,6,1,33,8,2018,0
2018-08-20 03:00:00,61,3,0,0,34,8,2018,0
2018-08-20 06:00:00,125,6,0,0,34,8,2018,0
2018-08-20 09:00:00,118,9,0,0,34,8,2018,0
2018-08-20 12:00:00,226,12,0,0,34,8,2018,0
2018-08-20 15:00:00,72,15,0,0,34,8,2018,0
2018-08-20 18:00:00,57,18,0,0,34,8,2018,0
2018-08-20 21:00:00,18,21,0,0,34,8,2018,0
2018-08-21 03:00:00,57,3,1,0,34,8,2018,0
2018-08-21 06:00:00,94,6,1,0,34,8,2018,0
2018-08-21 09:00:00,111,9,1,0,34,8,2018,0
2018-08-21 12:00:00,272,12,1,0,34,8,2018,0
2018-08-21 15:00:00,108,15,1,0,34,8,2018,0
2018-08-21 18:00:00,57,18,1,0,34,8,2018,0
2018-08-21 21:00:00,10,21,1,0,34,8,2018,0
2018-08-22 03:00:00,48,3,2,0,34,8,2018,0
2018-08-22 06:00:00,77,6,2,0,34,8,2018,0
2018-08-22 09:00:00,113,9,2,0,34,8,2018,0
2018-08-22 12:00:00,212,12,2,0,34,8,2018,0
2018-08-22 15:00:00,143,15,2,0,34,8,2018,0
2018-08-22 18:00:00,91,18,2,0,34,8,2018,0
2018-08-22 21:00:00,18,21,2,0,34,8,2018,0
2018-08-23 03:00:00,68,3,3,0,34,8,2018,0
2018-08-23 06:00:00,141,6,3,0,34,8,2018,0
2018-08-23 09:00:00,211,9,3,0,34,8,2018,0
2018-08-23 12:00:00,275,12,3,0,34,8,2018,0
2018-08-23 15:00:00,229,15,3,0,34,8,2018,0
2018-08-23 18:00:00,133,18,3,0,34,8,2018,0
2018-08-23 21:00:00,28,21,3,0,34,8,2018,0
2018-08-24 03:00:00,77,3,4,0,34,8,2018,0
2018-08-24 06:00:00,146,6,4,0,34,8,2018,0
2018-08-24 09:00:00,189,9,4,0,34,8,2018,0
2018-08-24 12:00:00,301,12,4,0,34,8,2018,0
2018-08-24 15:00:00,185,15,4,0,34,8,2018,0
2018-08-24 18:00:00,106,18,4,0,34,8,2018,0
2018-08-24 21:00:00,26,21,4,0,34,8,2018,0
2018-08-25 03:00:00,9,3,5,1,34,8,2018,0
2018-08-25 06:00:00,65,6,5,1,34,8,2018,0
2018-08-25 09:00:00,173,9,5,1,34,8,2018,0
2018-08-25 12:00:00,253,12,5,1,34,8,2018,0
2018-08-25 15:00:00,208,15,5,1,34,8,2018,0
2018-08-25 18:00:00,91,18,5,1,34,8,2018,0
2018-08-25 21:00:00,40,21,5,1,34,8,2018,0
2018-08-26 03:00:00,9,3,6,1,34,8,2018,0
2018-08-26 06:00:00,48,6,6,1,34,8,2018,0
2018-08-26 09:00:00,88,9,6,1,34,8,2018,0
2018-08-26 12:00:00,143,12,6,1,34,8,2018,0
2018-08-26 15:00:00,154,15,6,1,34,8,2018,0
2018-08-26 18:00:00,102,18,6,1,34,8,2018,0
2018-08-26 21:00:00,12,21,6,1,34,8,2018,0
2018-08-27 03:00:00,61,3,0,0,35,8,2018,0
2018-08-27 06:00:00,144,6,0,0,35,8,2018,0
2018-08-27 09:00:00,155,9,0,0,35,8,2018,0
2018-08-27 12:00:00,207,12,0,0,35,8,2018,0
2018-08-27 15:00:00,199,15,0,0,35,8,2018,0
2018-08-27 18:00:00,103,18,0,0,35,8,2018,0
2018-08-27 21:00:00,16,21,0,0,35,8,2018,0
2018-08-28 03:00:00,84,3,1,0,35,8,2018,0
2018-08-28 06:00:00,151,6,1,0,35,8,2018,0
2018-08-28 09:00:00,154,9,1,0,35,8,2018,0
2018-08-28 12:00:00,262,12,1,0,35,8,2018,0
2018-08-28 15:00:00,244,15,1,0,35,8,2018,0
2018-08-28 18:00:00,135,18,1,0,35,8,2018,0
2018-08-28 21:00:00,11,21,1,0,35,8,2018,0
2018-08-29 03:00:00,78,3,2,0,35,8,2018,0
2018-08-29 06:00:00,170,6,2,0,35,8,2018,0
2018-08-29 09:00:00,171,9,2,0,35,8,2018,0
2018-08-29 12:00:00,287,12,2,0,35,8,2018,0
2018-08-29 15:00:00,216,15,2,0,35,8,2018,0
2018-08-29 18:00:00,129,18,2,0,35,8,2018,0
2018-08-29 21:00:00,22,21,2,0,35,8,2018,0
2018-08-30 03:00:00,72,3,3,0,35,8,2018,0
2018-08-30 06:00:00,166,6,3,0,35,8,2018,0
2018-08-30 09:00:00,157,9,3,0,35,8,2018,0
2018-08-30 12:00:00,295,12,3,0,35,8,2018,0
2018-08-30 15:00:00,310,15,3,0,35,8,2018,0
2018-08-30 18:00:00,123,18,3,0,35,8,2018,0
2018-08-30 21:00:00,29,21,3,0,35,8,2018,0
2018-08-31 03:00:00,66,3,4,0,35,8,2018,0
2018-08-31 06:00:00,186,6,4,0,35,8,2018,0
2018-08-31 09:00:00,193,9,4,0,35,8,2018,0
2018-08-31 12:00:00,362,12,4,0,35,8,2018,0
2018-08-31 15:00:00,196,15,4,0,35,8,2018,0
2018-08-31 18:00:00,99,18,4,0,35,8,2018,0
2018-08-31 21:00:00,31,21,4,0,35,8,2018,0
2018-09-01 03:00:00,8,3,5,1,35,9,2018,0
2018-09-01 06:00:00,89,6,5,1,35,9,2018,0
2018-09-01 09:00:00,224,9,5,1,35,9,2018,0
2018-09-01 12:00:00,298,12,5,1,35,9,2018,0
2018-09-01 15:00:00,217,15,5,1,35,9,2018,0
2018-09-01 18:00:00,139,18,5,1,35,9,2018,0
2018-09-01 21:00:00,53,21,5,1,35,9,2018,0
2018-09-02 03:00:00,8,3,6,1,35,9,2018,0
2018-09-02 06:00:00,56,6,6,1,35,9,2018,0
2018-09-02 09:00:00,206,9,6,1,35,9,2018,0
2018-09-02 12:00:00,296,12,6,1,35,9,2018,0
2018-09-02 15:00:00,202,15,6,1,35,9,2018,0
2018-09-02 18:00:00,140,18,6,1,35,9,2018,0
2018-09-02 21:00:00,17,21,6,1,35,9,2018,0
2018-09-03 03:00:00,70,3,0,0,36,9,2018,0
2018-09-03 06:00:00,163,6,0,0,36,9,2018,0
2018-09-03 09:00:00,160,9,0,0,36,9,2018,0
2018-09-03 12:00:00,291,12,0,0,36,9,2018,0
2018-09-03 15:00:00,199,15,0,0,36,9,2018,0
2018-09-03 18:00:00,101,18,0,0,36,9,2018,0
2018-09-03 21:00:00,15,21,0,0,36,9,2018,0
2018-09-04 03:00:00,79,3,1,0,36,9,2018,0
2018-09-04 06:00:00,140,6,1,0,36,9,2018,0
2018-09-04 09:00:00,112,9,1,0,36,9,2018,0
2018-09-04 12:00:00,264,12,1,0,36,9,2018,0
2018-09-04 15:00:00,211,15,1,0,36,9,2018,0
2018-09-04 18:00:00,131,18,1,0,36,9,2018,0
2018-09-04 21:00:00,24,21,1,0,36,9,2018,0
2018-09-05 03:00:00,68,3,2,0,36,9,2018,0
2018-09-05 06:00:00,180,6,2,0,36,9,2018,0
2018-09-05 09:00:00,179,9,2,0,36,9,2018,0
2018-09-05 12:00:00,283,12,2,0,36,9,2018,0
2018-09-05 15:00:00,231,15,2,0,36,9,2018,0
2018-09-05 18:00:00,115,18,2,0,36,9,2018,0
2018-09-05 21:00:00,25,21,2,0,36,9,2018,0
2018-09-06 03:00:00,89,3,3,0,36,9,2018,0
2018-09-06 06:00:00,190,6,3,0,36,9,2018,0
2018-09-06 09:00:00,162,9,3,0,36,9,2018,0
2018-09-06 12:00:00,321,12,3,0,36,9,2018,0
2018-09-06 15:00:00,243,15,3,0,36,9,2018,0
2018-09-06 18:00:00,164,18,3,0,36,9,2018,0
2018-09-06 21:00:00,39,21,3,0,36,9,2018,0
2018-09-07 03:00:00,74,3,4,0,36,9,2018,0
2018-09-07 06:00:00,196,6,4,0,36,9,2018,0
2018-09-07 09:00:00,189,9,4,0,36,9,2018,0
2018-09-07 12:00:00,364,12,4,0,36,9,2018,0
2018-09-07 15:00:00,238,15,4,0,36,9,2018,0
2018-09-07 18:00:00,132,18,4,0,36,9,2018,0
2018-09-07 21:00:00,30,21,4,0,36,9,2018,0
2018-09-08 03:00:00,12,3,5,1,36,9,2018,0
2018-09-08 06:00:00,91,6,5,1,36,9,2018,0
2018-09-08 09:00:00,230,9,5,1,36,9,2018,0
2018-09-08 12:00:00,297,12,5,1,36,9,2018,0
2018-09-08 15:00:00,258,15,5,1,36,9,2018,0
2018-09-08 18:00:00,107,18,5,1,36,9,2018,0
2018-09-08 21:00:00,73,21,5,1,36,9,2018,0
2018-09-09 03:00:00,7,3,6,1,36,9,2018,0
2018-09-09 06:00:00,63,6,6,1,36,9,2018,0
2018-09-09 09:00:00,183,9,6,1,36,9,2018,0
2018-09-09 12:00:00,207,12,6,1,36,9,2018,0
2018-09-09 15:00:00,167,15,6,1,36,9,2018,0
2018-09-09 18:00:00,140,18,6,1,36,9,2018,0
2018-09-09 21:00:00,28,21,6,1,36,9,2018,0
2018-09-10 03:00:00,89,3,0,0,37,9,2018,0
2018-09-10 06:00:00,203,6,0,0,37,9,2018,0
2018-09-10 09:00:00,164,9,0,0,37,9,2018,0
2018-09-10 12:00:00,296,12,0,0,37,9,2018,0
2018-09-10 15:00:00,199,15,0,0,37,9,2018,0
2018-09-10 18:00:00,115,18,0,0,37,9,2018,0
2018-09-10 21:00:00,17,21,0,0,37,9,2018,0
2018-09-11 03:00:00,87,3,1,0,37,9,2018,0
2018-09-11 06:00:00,208,6,1,0,37,9,2018,0
2018-09-11 09:00:00,190,9,1,0,37,9,2018,0
2018-09-11 12:00:00,314,12,1,0,37,9,2018,0
2018-09-11 15:00:00,237,15,1,0,37,9,2018,0
2018-09-11 18:00:00,166,18,1,0,37,9,2018,0
2018-09-11 21:00:00,32,21,1,0,37,9,2018,0
2018-09-12 03:00:00,90,3,2,0,37,9,2018,0
2018-09-12 06:00:00,241,6,2,0,37,9,2018,0
2018-09-12 09:00:00,174,9,2,0,37,9,2018,0
2018-09-12 12:00:00,320,12,2,0,37,9,2018,0
2018-09-12 15:00:00,200,15,2,0,37,9,2018,0
2018-09-12 18:00:00,128,18,2,0,37,9,2018,0
2018-09-12 21:00:00,11,21,2,0,37,9,2018,0
2018-09-13 03:00:00,65,3,3,0,37,9,2018,0
2018-09-13 06:00:00,176,6,3,0,37,9,2018,0
2018-09-13 09:00:00,173,9,3,0,37,9,2018,0
2018-09-13 12:00:00,302,12,3,0,37,9,2018,0
2018-09-13 15:00:00,204,15,3,0,37,9,2018,0
2018-09-13 18:00:00,124,18,3,0,37,9,2018,0
2018-09-13 21:00:00,29,21,3,0,37,9,2018,0
2018-09-14 03:00:00,61,3,4,0,37,9,2018,0
2018-09-14 06:00:00,187,6,4,0,37,9,2018,0
2018-09-14 09:00:00,197,9,4,0,37,9,2018,0
2018-09-14 12:00:00,277,12,4,0,37,9,2018,0
2018-09-14 15:00:00,225,15,4,0,37,9,2018,0
2018-09-14 18:00:00,96,18,4,0,37,9,2018,0
2018-09-14 21:00:00,2,21,4,0,37,9,2018,0
2018-09-15 06:00:00,51,6,5,1,37,9,2018,0
2018-09-15 09:00:00,173,9,5,1,37,9,2018,0
2018-09-15 12:00:00,195,12,5,1,37,9,2018,0
2018-09-15 15:00:00,183,15,5,1,37,9,2018,0
2018-09-15 18:00:00,90,18,5,1,37,9,2018,0
2018-09-15 21:00:00,25,21,5,1,37,9,2018,0
2018-09-16 03:00:00,7,3,6,1,37,9,2018,0
2018-09-16 06:00:00,43,6,6,1,37,9,2018,0
2018-09-16 09:00:00,116,9,6,1,37,9,2018,0
2018-09-16 12:00:00,181,12,6,1,37,9,2018,0
2018-09-16 15:00:00,144,15,6,1,37,9,2018,0
2018-09-16 18:00:00,58,18,6,1,37,9,2018,0
2018-09-16 21:00:00,10,21,6,1,37,9,2018,0
2018-09-17 03:00:00,62,3,0,0,38,9,2018,0
2018-09-17 06:00:00,167,6,0,0,38,9,2018,0
2018-09-17 09:00:00,139,9,0,0,38,9,2018,0
2018-09-17 12:00:00,291,12,0,0,38,9,2018,0
2018-09-17 15:00:00,232,15,0,0,38,9,2018,0
2018-09-17 18:00:00,109,18,0,0,38,9,2018,0
2018-09-17 21:00:00,18,21,0,0,38,9,2018,0
2018-09-18 03:00:00,63,3,1,0,38,9,2018,0
2018-09-18 06:00:00,138,6,1,0,38,9,2018,0
2018-09-18 09:00:00,132,9,1,0,38,9,2018,0
2018-09-18 12:00:00,228,12,1,0,38,9,2018,0
2018-09-18 15:00:00,205,15,1,0,38,9,2018,0
2018-09-18 18:00:00,129,18,1,0,38,9,2018,0
2018-09-18 21:00:00,30,21,1,0,38,9,2018,0
2018-09-19 03:00:00,77,3,2,0,38,9,2018,0
2018-09-19 06:00:00,206,6,2,0,38,9,2018,0
2018-09-19 09:00:00,151,9,2,0,38,9,2018,0
2018-09-19 12:00:00,291,12,2,0,38,9,2018,0
2018-09-19 15:00:00,256,15,2,0,38,9,2018,0
2018-09-19 18:00:00,112,18,2,0,38,9,2018,0
2018-09-19 21:00:00,21,21,2,0,38,9,2018,0
2018-09-20 03:00:00,94,3,3,0,38,9,2018,0
2018-09-20 06:00:00,195,6,3,0,38,9,2018,0
2018-09-20 09:00:00,165,9,3,0,38,9,2018,0
2018-09-20 12:00:00,277,12,3,0,38,9,2018,0
2018-09-20 15:00:00,242,15,3,0,38,9,2018,0
2018-09-20 18:00:00,132,18,3,0,38,9,2018,0
2018-09-20 21:00:00,33,21,3,0,38,9,2018,0
2018-09-21 03:00:00,73,3,4,0,38,9,2018,0
2018-09-21 06:00:00,180,6,4,0,38,9,2018,0
2018-09-21 09:00:00,121,9,4,0,38,9,2018,0
2018-09-21 12:00:00,192,12,4,0,38,9,2018,0
2018-09-21 15:00:00,157,15,4,0,38,9,2018,0
2018-09-21 18:00:00,70,18,4,0,38,9,2018,0
2018-09-21 21:00:00,29,21,4,0,38,9,2018,0
2018-09-22 03:00:00,5,3,5,1,38,9,2018,0
2018-09-22 06:00:00,37,6,5,1,38,9,2018,0
2018-09-22 09:00:00,60,9,5,1,38,9,2018,0
2018-09-22 12:00:00,64,12,5,1,38,9,2018,0
2018-09-22 15:00:00,57,15,5,1,38,9,2018,0
2018-09-22 18:00:00,54,18,5,1,38,9,2018,0
2018-09-22 21:00:00,24,21,5,1,38,9,2018,0
2018-09-23 03:00:00,7,3,6,1,38,9,2018,0
2018-09-23 06:00:00,22,6,6,1,38,9,2018,0
2018-09-23 09:00:00,51,9,6,1,38,9,2018,0
2018-09-23 12:00:00,80,12,6,1,38,9,2018,0
2018-09-23 15:00:00,61,15,6,1,38,9,2018,0
2018-09-23 18:00:00,56,18,6,1,38,9,2018,0
2018-09-23 21:00:00,10,21,6,1,38,9,2018,0
2018-09-24 03:00:00,41,3,0,0,39,9,2018,0
2018-09-24 06:00:00,103,6,0,0,39,9,2018,0
2018-09-24 09:00:00,59,9,0,0,39,9,2018,0
2018-09-24 12:00:00,200,12,0,0,39,9,2018,0
2018-09-24 15:00:00,134,15,0,0,39,9,2018,0
2018-09-24 18:00:00,86,18,0,0,39,9,2018,0
2018-09-24 21:00:00,10,21,0,0,39,9,2018,0
2018-09-25 03:00:00,63,3,1,0,39,9,2018,0
2018-09-25 06:00:00,152,6,1,0,39,9,2018,0
2018-09-25 09:00:00,132,9,1,0,39,9,2018,0
2018-09-25 12:00:00,233,12,1,0,39,9,2018,0
2018-09-25 15:00:00,178,15,1,0,39,9,2018,0
2018-09-25 18:00:00,108,18,1,0,39,9,2018,0
2018-09-25 21:00:00,26,21,1,0,39,9,2018,0
2018-09-26 03:00:00,31,3,2,0,39,9,2018,0
2018-09-26 06:00:00,139,6,2,0,39,9,2018,0
2018-09-26 09:00:00,99,9,2,0,39,9,2018,0
2018-09-26 12:00:00,159,12,2,0,39,9,2018,0
2018-09-26 15:00:00,133,15,2,0,39,9,2018,0
2018-09-26 18:00:00,55,18,2,0,39,9,2018,0
2018-09-26 21:00:00,18,21,2,0,39,9,2018,0
2018-09-27 03:00:00,76,3,3,0,39,9,2018,0
2018-09-27 06:00:00,145,6,3,0,39,9,2018,0
2018-09-27 09:00:00,105,9,3,0,39,9,2018,0
2018-09-27 12:00:00,181,12,3,0,39,9,2018,0
2018-09-27 15:00:00,132,15,3,0,39,9,2018,0
2018-09-27 18:00:00,84,18,3,0,39,9,2018,0
2018-09-27 21:00:00,12,21,3,0,39,9,2018,0
2018-09-28 03:00:00,44,3,4,0,39,9,2018,0
2018-09-28 06:00:00,89,6,4,0,39,9,2018,0
2018-09-28 09:00:00,103,9,4,0,39,9,2018,0
2018-09-28 12:00:00,183,12,4,0,39,9,2018,0
2018-09-28 15:00:00,108,15,4,0,39,9,2018,0
2018-09-28 18:00:00,40,18,4,0,39,9,2018,0
2018-09-28 21:00:00,25,21,4,0,39,9,2018,0
2018-09-29 03:00:00,6,3,5,1,39,9,2018,0
2018-09-29 06:00:00,45,6,5,1,39,9,2018,0
2018-09-29 09:00:00,66,9,5,1,39,9,2018,0
2018-09-29 12:00:00,125,12,5,1,39,9,2018,0
2018-09-29 15:00:00,156,15,5,1,39,9,2018,0
2018-09-29 18:00:00,49,18,5,1,39,9,2018,0
2018-09-29 21:00:00,12,21,5,1,39,9,2018,0
2018-09-30 00:00:00,1,0,6,1,39,9,2018,0
2018-09-30 03:00:00,9,3,6,1,39,9,2018,0
2018-09-30 06:00:00,18,6,6,1,39,9,2018,0
2018-09-30 09:00:00,52,9,6,1,39,9,2018,0
2018-09-30 12:00:00,65,12,6,1,39,9,2018,0
2018-09-30 15:00:00,82,15,6,1,39,9,2018,0
2018-09-30 18:00:00,47,18,6,1,39,9,2018,0
2018-09-30 21:00:00,17,21,6,1,39,9,2018,0
2018-10-01 03:00:00,47,3,0,0,40,10,2018,0
2018-10-01 06:00:00,103,6,0,0,40,10,2018,0
2018-10-01 09:00:00,73,9,0,0,40,10,2018,0
2018-10-01 12:00:00,183,12,0,0,40,10,2018,0
2018-10-01 15:00:00,162,15,0,0,40,10,2018,0
2018-10-01 18:00:00,87,18,0,0,40,10,2018,0
2018-10-01 21:00:00,13,21,0,0,40,10,2018,0
2018-10-02 03:00:00,66,3,1,0,40,10,2018,0
2018-10-02 06:00:00,152,6,1,0,40,10,2018,0
2018-10-02 09:00:00,122,9,1,0,40,10,2018,0
2018-10-02 12:00:00,241,12,1,0,40,10,2018,0
2018-10-02 15:00:00,187,15,1,0,40,10,2018,0
2018-10-02 18:00:00,96,18,1,0,40,10,2018,0
2018-10-02 21:00:00,19,21,1,0,40,10,2018,0
2018-10-03 03:00:00,36,3,2,0,40,10,2018,0
2018-10-03 06:00:00,123,6,2,0,40,10,2018,0
2018-10-03 09:00:00,98,9,2,0,40,10,2018,0
2018-10-03 12:00:00,204,12,2,0,40,10,2018,0
2018-10-03 15:00:00,182,15,2,0,40,10,2018,0
2018-10-03 18:00:00,83,18,2,0,40,10,2018,0
2018-10-03 21:00:00,14,21,2,0,40,10,2018,0
2018-10-04 03:00:00,48,3,3,0,40,10,2018,0
2018-10-04 06:00:00,165,6,3,0,40,10,2018,0
2018-10-04 09:00:00,109,9,3,0,40,10,2018,0
2018-10-04 12:00:00,219,12,3,0,40,10,2018,0
2018-10-04 15:00:00,183,15,3,0,40,10,2018,0
2018-10-04 18:00:00,85,18,3,0,40,10,2018,0
2018-10-04 21:00:00,13,21,3,0,40,10,2018,0
2018-10-05 03:00:00,49,3,4,0,40,10,2018,0
2018-10-05 06:00:00,134,6,4,0,40,10,2018,0
2018-10-05 09:00:00,154,9,4,0,40,10,2018,0
2018-10-05 12:00:00,275,12,4,0,40,10,2018,0
2018-10-05 15:00:00,182,15,4,0,40,10,2018,0
2018-10-05 18:00:00,84,18,4,0,40,10,2018,0
2018-10-05 21:00:00,14,21,4,0,40,10,2018,0
2018-10-06 03:00:00,5,3,5,1,40,10,2018,0
2018-10-06 06:00:00,38,6,5,1,40,10,2018,0
2018-10-06 09:00:00,62,9,5,1,40,10,2018,0
2018-10-06 12:00:00,117,12,5,1,40,10,2018,0
2018-10-06 15:00:00,167,15,5,1,40,10,2018,0
2018-10-06 18:00:00,86,18,5,1,40,10,2018,0
2018-10-06 21:00:00,24,21,5,1,40,10,2018,0
2018-10-07 03:00:00,6,3,6,1,40,10,2018,0
2018-10-07 06:00:00,26,6,6,1,40,10,2018,0
2018-10-07 09:00:00,108,9,6,1,40,10,2018,0
2018-10-07 12:00:00,125,12,6,1,40,10,2018,0
2018-10-07 15:00:00,132,15,6,1,40,10,2018,0
2018-10-07 18:00:00,53,18,6,1,40,10,2018,0
2018-10-07 21:00:00,10,21,6,1,40,10,2018,0
2018-10-08 03:00:00,49,3,0,0,41,10,2018,0
2018-10-08 06:00:00,110,6,0,0,41,10,2018,0
2018-10-08 09:00:00,81,9,0,0,41,10,2018,0
2018-10-08 12:00:00,199,12,0,0,41,10,2018,0
2018-10-08 15:00:00,166,15,0,0,41,10,2018,0
2018-10-08 18:00:00,78,18,0,0,41,10,2018,0
2018-10-08 21:00:00,13,21,0,0,41,10,2018,0
2018-10-09 03:00:00,65,3,1,0,41,10,2018,0
2018-10-09 06:00:00,147,6,1,0,41,10,2018,0
2018-10-09 09:00:00,108,9,1,0,41,10,2018,0
2018-10-09 12:00:00,161,12,1,0,41,10,2018,0
2018-10-09 15:00:00,125,15,1,0,41,10,2018,0
2018-10-09 18:00:00,105,18,1,0,41,10,2018,0
2018-10-09 21:00:00,9,21,1,0,41,10,2018,0
2018-10-10 03:00:00,52,3,2,0,41,10,2018,0
2018-10-10 06:00:00,147,6,2,0,41,10,2018,0
2018-10-10 09:00:00,102,9,2,0,41,10,2018,0
2018-10-10 12:00:00,204,12,2,0,41,10,2018,0
2018-10-10 15:00:00,151,15,2,0,41,10,2018,0
2018-10-10 18:00:00,84,18,2,0,41,10,2018,0
2018-10-10 21:00:00,24,21,2,0,41,10,2018,0
2018-10-11 03:00:00,45,3,3,0,41,10,2018,0
2018-10-11 06:00:00,146,6,3,0,41,10,2018,0
2018-10-11 09:00:00,129,9,3,0,41,10,2018,0
2018-10-11 12:00:00,215,12,3,0,41,10,2018,0
2018-10-11 15:00:00,144,15,3,0,41,10,2018,0
2018-10-11 18:00:00,93,18,3,0,41,10,2018,0
2018-10-11 21:00:00,18,21,3,0,41,10,2018,0
2018-10-12 03:00:00,53,3,4,0,41,10,2018,0
2018-10-12 06:00:00,141,6,4,0,41,10,2018,0
2018-10-12 09:00:00,158,9,4,0,41,10,2018,0
2018-10-12 12:00:00,260,12,4,0,41,10,2018,0
2018-10-12 15:00:00,189,15,4,0,41,10,2018,0
2018-10-12 18:00:00,89,18,4,0,41,10,2018,0
2018-10-12 21:00:00,18,21,4,0,41,10,2018,0
2018-10-13 03:00:00,13,3,5,1,41,10,2018,0
2018-10-13 06:00:00,70,6,5,1,41,10,2018,0
2018-10-13 09:00:00,193,9,5,1,41,10,2018,0
2018-10-13 12:00:00,183,12,5,1,41,10,2018,0
2018-10-13 15:00:00,122,15,5,1,41,10,2018,0
2018-10-13 18:00:00,57,18,5,1,41,10,2018,0
2018-10-13 21:00:00,24,21,5,1,41,10,2018,0
2018-10-14 03:00:00,14,3,6,1,41,10,2018,0
2018-10-14 06:00:00,27,6,6,1,41,10,2018,0
2018-10-14 09:00:00,106,9,6,1,41,10,2018,0
2018-10-14 12:00:00,140,12,6,1,41,10,2018,0
2018-10-14 15:00:00,85,15,6,1,41,10,2018,0
2018-10-14 18:00:00,33,18,6,1,41,10,2018,0
2018-10-14 21:00:00,7,21,6,1,41,10,2018,0
2018-10-15 03:00:00,55,3,0,0,42,10,2018,0
2018-10-15 06:00:00,134,6,0,0,42,10,2018,0
2018-10-15 09:00:00,101,9,0,0,42,10,2018,0
2018-10-15 12:00:00,207,12,0,0,42,10,2018,0
2018-10-15 15:00:00,156,15,0,0,42,10,2018,0
2018-10-15 18:00:00,80,18,0,0,42,10,2018,0
2018-10-15 21:00:00,7,21,0,0,42,10,2018,0
2018-10-16 03:00:00,55,3,1,0,42,10,2018,0
2018-10-16 06:00:00,145,6,1,0,42,10,2018,0
2018-10-16 09:00:00,95,9,1,0,42,10,2018,0
2018-10-16 12:00:00,212,12,1,0,42,10,2018,0
2018-10-16 15:00:00,186,15,1,0,42,10,2018,0
2018-10-16 18:00:00,114,18,1,0,42,10,2018,0
2018-10-16 21:00:00,18,21,1,0,42,10,2018,0
2018-10-17 03:00:00,53,3,2,0,42,10,2018,0
2018-10-17 06:00:00,164,6,2,0,42,10,2018,0
2018-10-17 09:00:00,131,9,2,0,42,10,2018,0
2018-10-17 12:00:00,180,12,2,0,42,10,2018,0
2018-10-17 15:00:00,123,15,2,0,42,10,2018,0
2018-10-17 18:00:00,107,18,2,0,42,10,2018,0
2018-10-17 21:00:00,12,21,2,0,42,10,2018,0
2018-10-18 03:00:00,65,3,3,0,42,10,2018,0
2018-10-18 06:00:00,140,6,3,0,42,10,2018,0
2018-10-18 09:00:00,79,9,3,0,42,10,2018,0
2018-10-18 12:00:00,163,12,3,0,42,10,2018,0
2018-10-18 15:00:00,135,15,3,0,42,10,2018,0
2018-10-18 18:00:00,65,18,3,0,42,10,2018,0
2018-10-18 21:00:00,18,21,3,0,42,10,2018,0
2018-10-19 03:00:00,53,3,4,0,42,10,2018,0
2018-10-19 06:00:00,147,6,4,0,42,10,2018,0
2018-10-19 09:00:00,119,9,4,0,42,10,2018,0
2018-10-19 12:00:00,207,12,4,0,42,10,2018,0
2018-10-19 15:00:00,133,15,4,0,42,10,2018,0
2018-10-19 18:00:00,70,18,4,0,42,10,2018,0
2018-10-19 21:00:00,29,21,4,0,42,10,2018,0
2018-10-20 03:00:00,8,3,5,1,42,10,2018,0
2018-10-20 06:00:00,102,6,5,1,42,10,2018,0
2018-10-20 09:00:00,147,9,5,1,42,10,2018,0
2018-10-20 12:00:00,215,12,5,1,42,10,2018,0
2018-10-20 15:00:00,133,15,5,1,42,10,2018,0
2018-10-20 18:00:00,70,18,5,1,42,10,2018,0
2018-10-20 21:00:00,16,21,5,1,42,10,2018,0
2018-10-21 03:00:00,9,3,6,1,42,10,2018,0
2018-10-21 06:00:00,31,6,6,1,42,10,2018,0
2018-10-21 09:00:00,90,9,6,1,42,10,2018,0
2018-10-21 12:00:00,146,12,6,1,42,10,2018,0
2018-10-21 15:00:00,81,15,6,1,42,10,2018,0
2018-10-21 18:00:00,48,18,6,1,42,10,2018,0
2018-10-21 21:00:00,8,21,6,1,42,10,2018,0
2018-10-22 03:00:00,33,3,0,0,43,10,2018,0
2018-10-22 06:00:00,83,6,0,0,43,10,2018,0
2018-10-22 09:00:00,48,9,0,0,43,10,2018,0
2018-10-22 12:00:00,116,12,0,0,43,10,2018,0
2018-10-22 15:00:00,112,15,0,0,43,10,2018,0
2018-10-22 18:00:00,91,18,0,0,43,10,2018,0
2018-10-22 21:00:00,9,21,0,0,43,10,2018,0
2018-10-23 03:00:00,59,3,1,0,43,10,2018,0
2018-10-23 06:00:00,102,6,1,0,43,10,2018,0
2018-10-23 09:00:00,77,9,1,0,43,10,2018,0
2018-10-23 12:00:00,160,12,1,0,43,10,2018,0
2018-10-23 15:00:00,97,15,1,0,43,10,2018,0
2018-10-23 18:00:00,75,18,1,0,43,10,2018,0
2018-10-23 21:00:00,15,21,1,0,43,10,2018,0
2018-10-24 03:00:00,39,3,2,0,43,10,2018,0
2018-10-24 06:00:00,134,6,2,0,43,10,2018,0
2018-10-24 09:00:00,85,9,2,0,43,10,2018,0
2018-10-24 12:00:00,146,12,2,0,43,10,2018,0
2018-10-24 15:00:00,107,15,2,0,43,10,2018,0
2018-10-24 18:00:00,72,18,2,0,43,10,2018,0
2018-10-24 21:00:00,11,21,2,0,43,10,2018,0
2018-10-25 03:00:00,49,3,3,0,43,10,2018,0
2018-10-25 06:00:00,91,6,3,0,43,10,2018,0
2018-10-25 09:00:00,77,9,3,0,43,10,2018,0
2018-10-25 12:00:00,176,12,3,0,43,10,2018,0
2018-10-25 15:00:00,123,15,3,0,43,10,2018,0
2018-10-25 18:00:00,82,18,3,0,43,10,2018,0
2018-10-25 21:00:00,17,21,3,0,43,10,2018,0
2018-10-26 03:00:00,49,3,4,0,43,10,2018,0
2018-10-26 06:00:00,115,6,4,0,43,10,2018,0
2018-10-26 09:00:00,119,9,4,0,43,10,2018,0
2018-10-26 12:00:00,195,12,4,0,43,10,2018,0
2018-10-26 15:00:00,127,15,4,0,43,10,2018,0
2018-10-26 18:00:00,75,18,4,0,43,10,2018,0
2018-10-26 21:00:00,24,21,4,0,43,10,2018,0
2018-10-27 03:00:00,6,3,5,1,43,10,2018,0
2018-10-27 06:00:00,39,6,5,1,43,10,2018,0
2018-10-27 09:00:00,75,9,5,1,43,10,2018,0
2018-10-27 12:00:00,119,12,5,1,43,10,2018,0
2018-10-27 15:00:00,71,15,5,1,43,10,2018,0
2018-10-27 18:00:00,27,18,5,1,43,10,2018,0
2018-10-27 21:00:00,6,21,5,1,43,10,2018,0
2018-10-28 03:00:00,3,3,6,1,43,10,2018,0
2018-10-28 06:00:00,18,6,6,1,43,10,2018,0
2018-10-28 09:00:00,48,9,6,1,43,10,2018,0
2018-10-28 12:00:00,84,12,6,1,43,10,2018,0
2018-10-28 15:00:00,61,15,6,1,43,10,2018,0
2018-10-28 18:00:00,54,18,6,1,43,10,2018,0
2018-10-28 21:00:00,15,21,6,1,43,10,2018,0
2018-10-29 03:00:00,3,3,0,0,44,10,2018,0
2018-10-29 06:00:00,16,6,0,0,44,10,2018,0
2018-10-29 09:00:00,73,9,0,0,44,10,2018,0
2018-10-29 12:00:00,90,12,0,0,44,10,2018,0
2018-10-29 15:00:00,119,15,0,0,44,10,2018,0
2018-10-29 18:00:00,55,18,0,0,44,10,2018,0
2018-10-29 21:00:00,22,21,0,0,44,10,2018,0
2018-10-30 03:00:00,8,3,1,0,44,10,2018,0
2018-10-30 06:00:00,129,6,1,0,44,10,2018,0
2018-10-30 09:00:00,82,9,1,0,44,10,2018,0
2018-10-30 12:00:00,134,12,1,0,44,10,2018,0
2018-10-30 15:00:00,162,15,1,0,44,10,2018,0
2018-10-30 18:00:00,57,18,1,0,44,10,2018,0
2018-10-30 21:00:00,22,21,1,0,44,10,2018,0
2018-10-31 03:00:00,7,3,2,0,44,10,2018,0
2018-10-31 06:00:00,128,6,2,0,44,10,2018,0
2018-10-31 09:00:00,57,9,2,0,44,10,2018,0
2018-10-31 12:00:00,83,12,2,0,44,10,2018,0
2018-10-31 15:00:00,150,15,2,0,44,10,2018,0
2018-10-31 18:00:00,83,18,2,0,44,10,2018,0
2018-10-31 21:00:00,30,21,2,0,44,10,2018,0
2018-11-01 03:00:00,9,3,3,0,44,11,2018,1
2018-11-01 06:00:00,5,6,3,0,44,11,2018,1
2018-11-02 03:00:00,4,3,4,0,44,11,2018,1
2018-11-02 06:00:00,66,6,4,0,44,11,2018,1
2018-11-02 09:00:00,39,9,4,0,44,11,2018,1
2018-11-02 12:00:00,67,12,4,0,44,11,2018,1
2018-11-02 15:00:00,89,15,4,0,44,11,2018,1
2018-11-02 18:00:00,51,18,4,0,44,11,2018,1
2018-11-02 21:00:00,25,21,4,0,44,11,2018,1
2018-11-03 03:00:00,1,3,5,1,44,11,2018,1
2018-11-03 06:00:00,34,6,5,1,44,11,2018,1
2018-11-03 09:00:00,103,9,5,1,44,11,2018,1
2018-11-03 12:00:00,161,12,5,1,44,11,2018,1
2018-11-03 15:00:00,109,15,5,1,44,11,2018,1
2018-11-03 18:00:00,50,18,5,1,44,11,2018,1
2018-11-03 21:00:00,32,21,5,1,44,11,2018,1
2018-11-04 03:00:00,3,3,6,1,44,11,2018,1
2018-11-04 06:00:00,28,6,6,1,44,11,2018,1
2018-11-04 09:00:00,80,9,6,1,44,11,2018,1
2018-11-04 12:00:00,100,12,6,1,44,11,2018,1
2018-11-04 15:00:00,97,15,6,1,44,11,2018,1
2018-11-04 18:00:00,80,18,6,1,44,11,2018,1
2018-11-04 21:00:00,25,21,6,1,44,11,2018,1
2018-11-05 03:00:00,8,3,0,0,45,11,2018,1
2018-11-05 06:00:00,139,6,0,0,45,11,2018,1
2018-11-05 09:00:00,68,9,0,0,45,11,2018,1
2018-11-05 12:00:00,123,12,0,0,45,11,2018,1
2018-11-05 15:00:00,200,15,0,0,45,11,2018,1
2018-11-05 18:00:00,93,18,0,0,45,11,2018,1
2018-11-05 21:00:00,31,21,0,0,45,11,2018,1
2018-11-06 03:00:00,9,3,1,0,45,11,2018,1
2018-11-06 06:00:00,159,6,1,0,45,11,2018,1
2018-11-06 09:00:00,97,9,1,0,45,11,2018,1
2018-11-06 12:00:00,159,12,1,0,45,11,2018,1
2018-11-06 15:00:00,189,15,1,0,45,11,2018,1
2018-11-06 18:00:00,92,18,1,0,45,11,2018,1
2018-11-06 21:00:00,37,21,1,0,45,11,2018,1
2018-11-07 03:00:00,8,3,2,0,45,11,2018,1
2018-11-07 06:00:00,109,6,2,0,45,11,2018,1
2018-11-07 09:00:00,71,9,2,0,45,11,2018,1
2018-11-07 12:00:00,105,12,2,0,45,11,2018,1
2018-11-07 18:00:00,13,18,2,0,45,11,2018,1
2018-11-07 21:00:00,26,21,2,0,45,11,2018,1
2018-11-08 03:00:00,5,3,3,0,45,11,2018,1
2018-11-08 06:00:00,90,6,3,0,45,11,2018,1
2018-11-08 09:00:00,55,9,3,0,45,11,2018,1
2018-11-08 12:00:00,104,12,3,0,45,11,2018,1
2018-11-08 15:00:00,131,15,3,0,45,11,2018,1
2018-11-08 18:00:00,85,18,3,0,45,11,2018,1
2018-11-08 21:00:00,48,21,3,0,45,11,2018,1
2018-11-09 03:00:00,1,3,4,0,45,11,2018,1
2018-11-09 06:00:00,95,6,4,0,45,11,2018,1
2018-11-09 09:00:00,115,9,4,0,45,11,2018,1
2018-11-09 12:00:00,160,12,4,0,45,11,2018,1
2018-11-09 15:00:00,143,15,4,0,45,11,2018,1
2018-11-09 18:00:00,56,18,4,0,45,11,2018,1
2018-11-09 21:00:00,33,21,4,0,45,11,2018,1
2018-11-10 03:00:00,3,3,5,1,45,11,2018,1
2018-11-10 06:00:00,34,6,5,1,45,11,2018,1
2018-11-10 09:00:00,107,9,5,1,45,11,2018,1
2018-11-10 12:00:00,146,12,5,1,45,11,2018,1
2018-11-10 15:00:00,101,15,5,1,45,11,2018,1
2018-11-10 18:00:00,60,18,5,1,45,11,2018,1
2018-11-10 21:00:00,42,21,5,1,45,11,2018,1
2018-11-11 03:00:00,6,3,6,1,45,11,2018,1
2018-11-11 06:00:00,16,6,6,1,45,11,2018,1
2018-11-11 09:00:00,64,9,6,1,45,11,2018,1
2018-11-11 12:00:00,87,12,6,1,45,11,2018,1
2018-11-11 15:00:00,92,15,6,1,45,11,2018,1
2018-11-11 18:00:00,66,18,6,1,45,11,2018,1
2018-11-11 21:00:00,20,21,6,1,45,11,2018,1
2018-11-12 03:00:00,9,3,0,0,46,11,2018,1
2018-11-12 06:00:00,111,6,0,0,46,11,2018,1
2018-11-12 09:00:00,100,9,0,0,46,11,2018,1
2018-11-12 12:00:00,97,12,0,0,46,11,2018,1
2018-11-12 15:00:00,111,15,0,0,46,11,2018,1
2018-11-12 18:00:00,70,18,0,0,46,11,2018,1
2018-11-12 21:00:00,20,21,0,0,46,11,2018,1
2018-11-13 03:00:00,14,3,1,0,46,11,2018,1
2018-11-13 06:00:00,130,6,1,0,46,11,2018,1
2018-11-13 09:00:00,99,9,1,0,46,11,2018,1
2018-11-13 12:00:00,120,12,1,0,46,11,2018,1
2018-11-13 15:00:00,149,15,1,0,46,11,2018,1
2018-11-13 18:00:00,91,18,1,0,46,11,2018,1
2018-11-13 21:00:00,37,21,1,0,46,11,2018,1
2018-11-14 03:00:00,9,3,2,0,46,11,2018,1
2018-11-14 06:00:00,116,6,2,0,46,11,2018,1
2018-11-14 09:00:00,68,9,2,0,46,11,2018,1
2018-11-14 12:00:00,115,12,2,0,46,11,2018,1
2018-11-14 15:00:00,148,15,2,0,46,11,2018,1
2018-11-14 18:00:00,79,18,2,0,46,11,2018,1
2018-11-14 21:00:00,41,21,2,0,46,11,2018,1
2018-11-15 03:00:00,10,3,3,0,46,11,2018,1
2018-11-15 06:00:00,122,6,3,0,46,11,2018,1
2018-11-15 09:00:00,91,9,3,0,46,11,2018,1
2018-11-15 12:00:00,138,12,3,0,46,11,2018,1
2018-11-15 15:00:00,148,15,3,0,46,11,2018,1
2018-11-15 18:00:00,100,18,3,0,46,11,2018,1
2018-11-15 21:00:00,46,21,3,0,46,11,2018,1
2018-11-16 03:00:00,8,3,4,0,46,11,2018,1
2018-11-16 06:00:00,141,6,4,0,46,11,2018,1
2018-11-16 09:00:00,87,9,4,0,46,11,2018,1
2018-11-16 12:00:00,92,12,4,0,46,11,2018,1
2018-11-16 15:00:00,121,15,4,0,46,11,2018,1
2018-11-16 18:00:00,77,18,4,0,46,11,2018,1
2018-11-16 21:00:00,32,21,4,0,46,11,2018,1
2018-11-17 03:00:00,1,3,5,1,46,11,2018,1
2018-11-17 06:00:00,32,6,5,1,46,11,2018,1
2018-11-17 09:00:00,97,9,5,1,46,11,2018,1
2018-11-17 12:00:00,127,12,5,1,46,11,2018,1
2018-11-17 15:00:00,120,15,5,1,46,11,2018,1
2018-11-17 18:00:00,79,18,5,1,46,11,2018,1
2018-11-17 21:00:00,41,21,5,1,46,11,2018,1
2018-11-18 06:00:00,34,6,6,1,46,11,2018,1
2018-11-18 09:00:00,63,9,6,1,46,11,2018,1
2018-11-18 12:00:00,68,12,6,1,46,11,2018,1
2018-11-18 15:00:00,75,15,6,1,46,11,2018,1
2018-11-18 18:00:00,45,18,6,1,46,11,2018,1
2018-11-18 21:00:00,15,21,6,1,46,11,2018,1
2018-11-19 03:00:00,3,3,0,0,47,11,2018,1
2018-11-19 06:00:00,61,6,0,0,47,11,2018,1
2018-11-19 09:00:00,40,9,0,0,47,11,2018,1
2018-11-19 12:00:00,53,12,0,0,47,11,2018,1
2018-11-19 15:00:00,78,15,0,0,47,11,2018,1
2018-11-19 18:00:00,48,18,0,0,47,11,2018,1
2018-11-19 21:00:00,28,21,0,0,47,11,2018,1
2018-11-20 03:00:00,5,3,1,0,47,11,2018,1
2018-11-20 06:00:00,81,6,1,0,47,11,2018,1
2018-11-20 09:00:00,63,9,1,0,47,11,2018,1
2018-11-20 12:00:00,81,12,1,0,47,11,2018,1
2018-11-20 15:00:00,102,15,1,0,47,11,2018,1
2018-11-20 18:00:00,58,18,1,0,47,11,2018,1
2018-11-20 21:00:00,22,21,1,0,47,11,2018,1
2018-11-21 03:00:00,5,3,2,0,47,11,2018,1
2018-11-21 06:00:00,72,6,2,0,47,11,2018,1
2018-11-21 09:00:00,49,9,2,0,47,11,2018,1
2018-11-21 12:00:00,72,12,2,0,47,11,2018,1
2018-11-21 15:00:00,88,15,2,0,47,11,2018,1
2018-11-21 18:00:00,61,18,2,0,47,11,2018,1
2018-11-21 21:00:00,23,21,2,0,47,11,2018,1
2018-11-22 03:00:00,4,3,3,0,47,11,2018,1
2018-11-22 06:00:00,84,6,3,0,47,11,2018,1
2018-11-22 09:00:00,34,9,3,0,47,11,2018,1
2018-11-22 12:00:00,81,12,3,0,47,11,2018,1
2018-11-22 15:00:00,99,15,3,0,47,11,2018,1
2018-11-22 18:00:00,64,18,3,0,47,11,2018,1
2018-11-22 21:00:00,28,21,3,0,47,11,2018,1
2018-11-23 03:00:00,7,3,4,0,47,11,2018,1
2018-11-23 06:00:00,93,6,4,0,47,11,2018,1
2018-11-23 09:00:00,47,9,4,0,47,11,2018,1
2018-11-23 12:00:00,53,12,4,0,47,11,2018,1
2018-11-23 15:00:00,78,15,4,0,47,11,2018,1
2018-11-23 18:00:00,56,18,4,0,47,11,2018,1
2018-11-23 21:00:00,21,21,4,0,47,11,2018,1
2018-11-24 03:00:00,4,3,5,1,47,11,2018,1
2018-11-24 06:00:00,36,6,5,1,47,11,2018,1
2018-11-24 09:00:00,52,9,5,1,47,11,2018,1
2018-11-24 12:00:00,68,12,5,1,47,11,2018,1
2018-11-24 15:00:00,77,15,5,1,47,11,2018,1
2018-11-24 18:00:00,47,18,5,1,47,11,2018,1
2018-11-24 21:00:00,18,21,5,1,47,11,2018,1
2018-11-25 06:00:00,32,6,6,1,47,11,2018,1
2018-11-25 09:00:00,54,9,6,1,47,11,2018,1
2018-11-25 12:00:00,62,12,6,1,47,11,2018,1
2018-11-25 15:00:00,33,15,6,1,47,11,2018,1
2018-11-25 18:00:00,48,18,6,1,47,11,2018,1
2018-11-25 21:00:00,14,21,6,1,47,11,2018,1
2018-11-26 03:00:00,7,3,0,0,48,11,2018,1
2018-11-26 06:00:00,65,6,0,0,48,11,2018,1
2018-11-26 09:00:00,49,9,0,0,48,11,2018,1
2018-11-26 12:00:00,43,12,0,0,48,11,2018,1
2018-11-26 15:00:00,74,15,0,0,48,11,2018,1
2018-11-26 18:00:00,82,18,0,0,48,11,2018,1
2018-11-26 21:00:00,22,21,0,0,48,11,2018,1
2018-11-27 03:00:00,5,3,1,0,48,11,2018,1
2018-11-27 06:00:00,80,6,1,0,48,11,2018,1
2018-11-27 09:00:00,26,9,1,0,48,11,2018,1
2018-11-27 12:00:00,49,12,1,0,48,11,2018,1
2018-11-27 15:00:00,59,15,1,0,48,11,2018,1
2018-11-27 18:00:00,34,18,1,0,48,11,2018,1
2018-11-27 21:00:00,8,21,1,0,48,11,2018,1
2018-11-28 03:00:00,2,3,2,0,48,11,2018,1
2018-11-28 06:00:00,49,6,2,0,48,11,2018,1
2018-11-28 09:00:00,31,9,2,0,48,11,2018,1
2018-11-28 12:00:00,36,12,2,0,48,11,2018,1
2018-11-28 15:00:00,32,15,2,0,48,11,2018,1
2018-11-28 18:00:00,27,18,2,0,48,11,2018,1
2018-11-28 21:00:00,15,21,2,0,48,11,2018,1
2018-11-29 03:00:00,4,3,3,0,48,11,2018,1
2018-11-29 06:00:00,64,6,3,0,48,11,2018,1
2018-11-29 09:00:00,39,9,3,0,48,11,2018,1
2018-11-29 12:00:00,64,12,3,0,48,11,2018,1
2018-11-29 15:00:00,58,15,3,0,48,11,2018,1
2018-11-29 18:00:00,39,18,3,0,48,11,2018,1
2018-11-29 21:00:00,12,21,3,0,48,11,2018,1
2019-04-01 06:00:00,3,6,0,0,14,4,2019,0
2019-04-01 09:00:00,6,9,0,0,14,4,2019,0
2019-04-01 12:00:00,21,12,0,0,14,4,2019,0
2019-04-01 15:00:00,52,15,0,0,14,4,2019,0
2019-04-01 18:00:00,18,18,0,0,14,4,2019,0
2019-04-01 21:00:00,1,21,0,0,14,4,2019,0
2019-04-02 03:00:00,21,3,1,0,14,4,2019,0
2019-04-02 06:00:00,47,6,1,0,14,4,2019,0
2019-04-02 09:00:00,31,9,1,0,14,4,2019,0
2019-04-02 12:00:00,70,12,1,0,14,4,2019,0
2019-04-02 15:00:00,106,15,1,0,14,4,2019,0
2019-04-02 18:00:00,62,18,1,0,14,4,2019,0
2019-04-02 21:00:00,18,21,1,0,14,4,2019,0
2019-04-03 03:00:00,25,3,2,0,14,4,2019,0
2019-04-03 06:00:00,98,6,2,0,14,4,2019,0
2019-04-03 09:00:00,68,9,2,0,14,4,2019,0
2019-04-03 12:00:00,165,12,2,0,14,4,2019,0
2019-04-03 15:00:00,168,15,2,0,14,4,2019,0
2019-04-03 18:00:00,73,18,2,0,14,4,2019,0
2019-04-03 21:00:00,11,21,2,0,14,4,2019,0
2019-04-04 03:00:00,45,3,3,0,14,4,2019,0
2019-04-04 06:00:00,136,6,3,0,14,4,2019,0
2019-04-04 09:00:00,129,9,3,0,14,4,2019,0
2019-04-04 12:00:00,220,12,3,0,14,4,2019,0
2019-04-04 15:00:00,230,15,3,0,14,4,2019,0
2019-04-04 18:00:00,112,18,3,0,14,4,2019,0
2019-04-04 21:00:00,15,21,3,0,14,4,2019,0
2019-04-05 03:00:00,64,3,4,0,14,4,2019,0
2019-04-05 06:00:00,177,6,4,0,14,4,2019,0
2019-04-05 09:00:00,168,9,4,0,14,4,2019,0
2019-04-05 12:00:00,260,12,4,0,14,4,2019,0
2019-04-05 15:00:00,214,15,4,0,14,4,2019,0
2019-04-05 18:00:00,109,18,4,0,14,4,2019,0
2019-04-05 21:00:00,28,21,4,0,14,4,2019,0
2019-04-06 03:00:00,6,3,5,1,14,4,2019,0
2019-04-06 06:00:00,79,6,5,1,14,4,2019,0
2019-04-06 09:00:00,199,9,5,1,14,4,2019,0
2019-04-06 12:00:00,271,12,5,1,14,4,2019,0
2019-04-06 15:00:00,204,15,5,1,14,4,2019,0
2019-04-06 18:00:00,95,18,5,1,14,4,2019,0
2019-04-06 21:00:00,33,21,5,1,14,4,2019,0
2019-04-07 03:00:00,10,3,6,1,14,4,2019,0
2019-04-07 06:00:00,41,6,6,1,14,4,2019,0
2019-04-07 09:00:00,128,9,6,1,14,4,2019,0
2019-04-07 12:00:00,61,12,6,1,14,4,2019,0
2019-04-07 15:00:00,121,15,6,1,14,4,2019,0
2019-04-07 18:00:00,70,18,6,1,14,4,2019,0
2019-04-07 21:00:00,11,21,6,1,14,4,2019,0
2019-04-08 03:00:00,75,3,0,0,15,4,2019,0
2019-04-08 06:00:00,185,6,0,0,15,4,2019,0
2019-04-08 09:00:00,162,9,0,0,15,4,2019,0
2019-04-08 12:00:00,341,12,0,0,15,4,2019,0
2019-04-08 15:00:00,311,15,0,0,15,4,2019,0
2019-04-08 18:00:00,173,18,0,0,15,4,2019,0
2019-04-08 21:00:00,11,21,0,0,15,4,2019,0
2019-04-09 03:00:00,87,3,1,0,15,4,2019,0
2019-04-09 06:00:00,246,6,1,0,15,4,2019,0
2019-04-09 09:00:00,216,9,1,0,15,4,2019,0
2019-04-09 12:00:00,395,12,1,0,15,4,2019,0
2019-04-09 15:00:00,478,15,1,0,15,4,2019,0
2019-04-09 18:00:00,237,18,1,0,15,4,2019,0
2019-04-09 21:00:00,37,21,1,0,15,4,2019,0
2019-04-10 03:00:00,83,3,2,0,15,4,2019,0
2019-04-10 06:00:00,343,6,2,0,15,4,2019,0
2019-04-10 09:00:00,268,9,2,0,15,4,2019,0
2019-04-10 12:00:00,507,12,2,0,15,4,2019,0
2019-04-10 15:00:00,447,15,2,0,15,4,2019,0
2019-04-10 18:00:00,270,18,2,0,15,4,2019,0
2019-04-10 21:00:00,63,21,2,0,15,4,2019,0
2019-04-11 03:00:00,105,3,3,0,15,4,2019,0
2019-04-11 06:00:00,344,6,3,0,15,4,2019,0
2019-04-11 09:00:00,313,9,3,0,15,4,2019,0
2019-04-11 12:00:00,495,12,3,0,15,4,2019,0
2019-04-11 15:00:00,486,15,3,0,15,4,2019,0
2019-04-11 18:00:00,226,18,3,0,15,4,2019,0
2019-04-11 21:00:00,34,21,3,0,15,4,2019,0
2019-04-12 03:00:00,97,3,4,0,15,4,2019,0
2019-04-12 06:00:00,267,6,4,0,15,4,2019,0
2019-04-12 09:00:00,306,9,4,0,15,4,2019,0
2019-04-12 12:00:00,484,12,4,0,15,4,2019,0
2019-04-12 15:00:00,431,15,4,0,15,4,2019,0
2019-04-12 18:00:00,229,18,4,0,15,4,2019,0
2019-04-12 21:00:00,48,21,4,0,15,4,2019,0
2019-04-13 03:00:00,21,3,5,1,15,4,2019,0
2019-04-13 06:00:00,104,6,5,1,15,4,2019,0
2019-04-13 09:00:00,247,9,5,1,15,4,2019,0
2019-04-13 12:00:00,378,12,5,1,15,4,2019,0
2019-04-13 15:00:00,398,15,5,1,15,4,2019,0
2019-04-13 18:00:00,190,18,5,1,15,4,2019,0
2019-04-13 21:00:00,34,21,5,1,15,4,2019,0
2019-04-14 03:00:00,19,3,6,1,15,4,2019,0
2019-04-14 06:00:00,60,6,6,1,15,4,2019,0
2019-04-14 09:00:00,266,9,6,1,15,4,2019,0
2019-04-14 12:00:00,422,12,6,1,15,4,2019,0
2019-04-14 15:00:00,349,15,6,1,15,4,2019,0
2019-04-14 18:00:00,160,18,6,1,15,4,2019,0
2019-04-14 21:00:00,23,21,6,1,15,4,2019,0
2019-04-15 03:00:00,41,3,0,0,16,4,2019,0
2019-04-15 06:00:00,113,6,0,0,16,4,2019,0
2019-04-15 09:00:00,112,9,0,0,16,4,2019,0
2019-04-15 12:00:00,216,12,0,0,16,4,2019,0
2019-04-15 15:00:00,205,15,0,0,16,4,2019,0
2019-04-15 18:00:00,106,18,0,0,16,4,2019,0
2019-04-15 21:00:00,20,21,0,0,16,4,2019,0
2019-04-16 03:00:00,41,3,1,0,16,4,2019,0
2019-04-16 06:00:00,81,6,1,0,16,4,2019,0
2019-04-16 09:00:00,145,9,1,0,16,4,2019,0
2019-04-16 12:00:00,250,12,1,0,16,4,2019,0
2019-04-16 15:00:00,206,15,1,0,16,4,2019,0
2019-04-16 18:00:00,104,18,1,0,16,4,2019,0
2019-04-16 21:00:00,23,21,1,0,16,4,2019,0
2019-04-17 03:00:00,30,3,2,0,16,4,2019,0
2019-04-17 06:00:00,77,6,2,0,16,4,2019,0
2019-04-17 09:00:00,196,9,2,0,16,4,2019,0
2019-04-17 12:00:00,241,12,2,0,16,4,2019,0
2019-04-17 15:00:00,109,15,2,0,16,4,2019,0
2019-04-17 18:00:00,106,18,2,0,16,4,2019,0
2019-04-17 21:00:00,14,21,2,0,16,4,2019,0
2019-04-18 09:00:00,27,9,3,0,16,4,2019,0
2019-04-18 12:00:00,136,12,3,0,16,4,2019,0
2019-04-18 15:00:00,157,15,3,0,16,4,2019,0
2019-04-18 18:00:00,68,18,3,0,16,4,2019,0
2019-04-18 21:00:00,5,21,3,0,16,4,2019,0
2019-04-19 03:00:00,11,3,4,0,16,4,2019,0
2019-04-19 06:00:00,58,6,4,0,16,4,2019,0
2019-04-19 09:00:00,133,9,4,0,16,4,2019,0
2019-04-19 12:00:00,160,12,4,0,16,4,2019,0
2019-04-19 15:00:00,151,15,4,0,16,4,2019,0
2019-04-19 18:00:00,99,18,4,0,16,4,2019,0
2019-04-19 21:00:00,20,21,4,0,16,4,2019,0
2019-04-20 03:00:00,12,3,5,1,16,4,2019,0
2019-04-20 06:00:00,54,6,5,1,16,4,2019,0
2019-04-20 09:00:00,175,9,5,1,16,4,2019,0
2019-04-20 12:00:00,209,12,5,1,16,4,2019,0
2019-04-20 15:00:00,174,15,5,1,16,4,2019,0
2019-04-20 18:00:00,72,18,5,1,16,4,2019,0
2019-04-20 21:00:00,15,21,5,1,16,4,2019,0
2019-04-21 03:00:00,8,3,6,1,16,4,2019,0
2019-04-21 06:00:00,31,6,6,1,16,4,2019,0
2019-04-21 09:00:00,63,9,6,1,16,4,2019,0
2019-04-21 12:00:00,62,12,6,1,16,4,2019,0
2019-04-21 15:00:00,87,15,6,1,16,4,2019,0
2019-04-21 18:00:00,98,18,6,1,16,4,2019,0
2019-04-21 21:00:00,16,21,6,1,16,4,2019,0
2019-04-22 03:00:00,24,3,0,0,17,4,2019,0
2019-04-22 06:00:00,61,6,0,0,17,4,2019,0
2019-04-22 09:00:00,228,9,0,0,17,4,2019,0
2019-04-22 12:00:00,367,12,0,0,17,4,2019,0
2019-04-22 15:00:00,268,15,0,0,17,4,2019,0
2019-04-22 18:00:00,188,18,0,0,17,4,2019,0
2019-04-22 21:00:00,20,21,0,0,17,4,2019,0
2019-04-23 03:00:00,108,3,1,0,17,4,2019,0
2019-04-23 06:00:00,261,6,1,0,17,4,2019,0
2019-04-23 09:00:00,170,9,1,0,17,4,2019,0
2019-04-23 12:00:00,444,12,1,0,17,4,2019,0
2019-04-23 15:00:00,397,15,1,0,17,4,2019,0
2019-04-23 18:00:00,234,18,1,0,17,4,2019,0
2019-04-23 21:00:00,20,21,1,0,17,4,2019,0
2019-04-24 03:00:00,124,3,2,0,17,4,2019,0
2019-04-24 06:00:00,304,6,2,0,17,4,2019,0
2019-04-24 09:00:00,279,9,2,0,17,4,2019,0
2019-04-24 12:00:00,524,12,2,0,17,4,2019,0
2019-04-24 15:00:00,441,15,2,0,17,4,2019,0
2019-04-24 18:00:00,289,18,2,0,17,4,2019,0
2019-04-24 21:00:00,37,21,2,0,17,4,2019,0
2019-04-25 03:00:00,144,3,3,0,17,4,2019,0
2019-04-25 06:00:00,349,6,3,0,17,4,2019,0
2019-04-25 09:00:00,243,9,3,0,17,4,2019,0
2019-04-25 12:00:00,387,12,3,0,17,4,2019,0
2019-04-25 15:00:00,445,15,3,0,17,4,2019,0
2019-04-25 18:00:00,259,18,3,0,17,4,2019,0
2019-04-25 21:00:00,39,21,3,0,17,4,2019,0
2019-04-26 03:00:00,138,3,4,0,17,4,2019,0
2019-04-26 06:00:00,313,6,4,0,17,4,2019,0
2019-04-26 09:00:00,304,9,4,0,17,4,2019,0
2019-04-26 12:00:00,542,12,4,0,17,4,2019,0
2019-04-26 15:00:00,465,15,4,0,17,4,2019,0
2019-04-26 18:00:00,332,18,4,0,17,4,2019,0
2019-04-26 21:00:00,66,21,4,0,17,4,2019,0
2019-04-27 03:00:00,27,3,5,1,17,4,2019,0
2019-04-27 06:00:00,221,6,5,1,17,4,2019,0
2019-04-27 09:00:00,427,9,5,1,17,4,2019,0
2019-04-27 12:00:00,510,12,5,1,17,4,2019,0
2019-04-27 15:00:00,471,15,5,1,17,4,2019,0
2019-04-27 18:00:00,290,18,5,1,17,4,2019,0
2019-04-27 21:00:00,76,21,5,1,17,4,2019,0
2019-04-28 03:00:00,24,3,6,1,17,4,2019,0
2019-04-28 06:00:00,164,6,6,1,17,4,2019,0
2019-04-28 09:00:00,426,9,6,1,17,4,2019,0
2019-04-28 12:00:00,556,12,6,1,17,4,2019,0
2019-04-28 15:00:00,460,15,6,1,17,4,2019,0
2019-04-28 18:00:00,288,18,6,1,17,4,2019,0
2019-04-28 21:00:00,33,21,6,1,17,4,2019,0
2019-04-29 03:00:00,135,3,0,0,18,4,2019,0
2019-04-29 06:00:00,357,6,0,0,18,4,2019,0
2019-04-29 09:00:00,270,9,0,0,18,4,2019,0
2019-04-29 12:00:00,498,12,0,0,18,4,2019,0
2019-04-29 15:00:00,431,15,0,0,18,4,2019,0
2019-04-29 18:00:00,243,18,0,0,18,4,2019,0
2019-04-29 21:00:00,25,21,0,0,18,4,2019,0
2019-04-30 03:00:00,185,3,1,0,18,4,2019,0
2019-04-30 06:00:00,371,6,1,0,18,4,2019,0
2019-04-30 09:00:00,261,9,1,0,18,4,2019,0
2019-04-30 12:00:00,452,12,1,0,18,4,2019,0
2019-04-30 15:00:00,329,15,1,0,18,4,2019,0
2019-04-30 18:00:00,151,18,1,0,18,4,2019,0
2019-04-30 21:00:00,38,21,1,0,18,4,2019,0
2019-05-01 03:00:00,54,3,2,0,18,5,2019,0
2019-05-01 06:00:00,206,6,2,0,18,5,2019,0
2019-05-01 09:00:00,145,9,2,0,18,5,2019,0
2019-05-01 12:00:00,174,12,2,0,18,5,2019,0
2019-05-01 15:00:00,239,15,2,0,18,5,2019,0
2019-05-01 18:00:00,158,18,2,0,18,5,2019,0
2019-05-01 21:00:00,34,21,2,0,18,5,2019,0
2019-05-02 03:00:00,143,3,3,0,18,5,2019,0
2019-05-02 06:00:00,348,6,3,0,18,5,2019,0
2019-05-02 09:00:00,176,9,3,0,18,5,2019,0
2019-05-02 12:00:00,345,12,3,0,18,5,2019,0
2019-05-02 15:00:00,365,15,3,0,18,5,2019,0
2019-05-02 18:00:00,188,18,3,0,18,5,2019,0
2019-05-02 21:00:00,28,21,3,0,18,5,2019,0
2019-05-03 03:00:00,126,3,4,0,18,5,2019,0
2019-05-03 06:00:00,336,6,4,0,18,5,2019,0
2019-05-03 09:00:00,175,9,4,0,18,5,2019,0
2019-05-03 12:00:00,415,12,4,0,18,5,2019,0
2019-05-03 15:00:00,350,15,4,0,18,5,2019,0
2019-05-03 18:00:00,203,18,4,0,18,5,2019,0
2019-05-03 21:00:00,47,21,4,0,18,5,2019,0
2019-05-04 03:00:00,14,3,5,1,18,5,2019,0
2019-05-04 06:00:00,151,6,5,1,18,5,2019,0
2019-05-04 09:00:00,153,9,5,1,18,5,2019,0
2019-05-04 12:00:00,180,12,5,1,18,5,2019,0
2019-05-04 15:00:00,170,15,5,1,18,5,2019,0
2019-05-04 18:00:00,115,18,5,1,18,5,2019,0
2019-05-04 21:00:00,29,21,5,1,18,5,2019,0
2019-05-05 03:00:00,18,3,6,1,18,5,2019,0
2019-05-05 06:00:00,78,6,6,1,18,5,2019,0
2019-05-05 09:00:00,116,9,6,1,18,5,2019,0
2019-05-05 12:00:00,189,12,6,1,18,5,2019,0
2019-05-05 15:00:00,246,15,6,1,18,5,2019,0
2019-05-05 18:00:00,151,18,6,1,18,5,2019,0
2019-05-05 21:00:00,25,21,6,1,18,5,2019,0
2019-05-06 03:00:00,134,3,0,0,19,5,2019,0
2019-05-06 06:00:00,339,6,0,0,19,5,2019,0
2019-05-06 09:00:00,220,9,0,0,19,5,2019,0
2019-05-06 12:00:00,354,12,0,0,19,5,2019,0
2019-05-06 15:00:00,403,15,0,0,19,5,2019,0
2019-05-06 18:00:00,256,18,0,0,19,5,2019,0
2019-05-06 21:00:00,27,21,0,0,19,5,2019,0
2019-05-07 03:00:00,169,3,1,0,19,5,2019,0
2019-05-07 06:00:00,382,6,1,0,19,5,2019,0
2019-05-07 09:00:00,207,9,1,0,19,5,2019,0
2019-05-07 12:00:00,424,12,1,0,19,5,2019,0
2019-05-07 15:00:00,455,15,1,0,19,5,2019,0
2019-05-07 18:00:00,214,18,1,0,19,5,2019,0
2019-05-07 21:00:00,30,21,1,0,19,5,2019,0
2019-05-08 03:00:00,156,3,2,0,19,5,2019,0
2019-05-08 06:00:00,366,6,2,0,19,5,2019,0
2019-05-08 09:00:00,242,9,2,0,19,5,2019,0
2019-05-08 12:00:00,444,12,2,0,19,5,2019,0
2019-05-08 15:00:00,412,15,2,0,19,5,2019,0
2019-05-08 18:00:00,267,18,2,0,19,5,2019,0
2019-05-08 21:00:00,40,21,2,0,19,5,2019,0
2019-05-09 03:00:00,168,3,3,0,19,5,2019,0
2019-05-09 06:00:00,364,6,3,0,19,5,2019,0
2019-05-09 09:00:00,193,9,3,0,19,5,2019,0
2019-05-09 12:00:00,465,12,3,0,19,5,2019,0
2019-05-09 15:00:00,352,15,3,0,19,5,2019,0
2019-05-09 18:00:00,234,18,3,0,19,5,2019,0
2019-05-09 21:00:00,31,21,3,0,19,5,2019,0
2019-05-10 03:00:00,174,3,4,0,19,5,2019,0
2019-05-10 06:00:00,341,6,4,0,19,5,2019,0
2019-05-10 09:00:00,229,9,4,0,19,5,2019,0
2019-05-10 12:00:00,476,12,4,0,19,5,2019,0
2019-05-10 15:00:00,446,15,4,0,19,5,2019,0
2019-05-10 18:00:00,192,18,4,0,19,5,2019,0
2019-05-10 21:00:00,41,21,4,0,19,5,2019,0
2019-05-11 00:00:00,1,0,5,1,19,5,2019,0
2019-05-11 03:00:00,26,3,5,1,19,5,2019,0
2019-05-11 06:00:00,110,6,5,1,19,5,2019,0
2019-05-11 09:00:00,185,9,5,1,19,5,2019,0
2019-05-11 12:00:00,249,12,5,1,19,5,2019,0
2019-05-11 15:00:00,300,15,5,1,19,5,2019,0
2019-05-11 18:00:00,207,18,5,1,19,5,2019,0
2019-05-11 21:00:00,39,21,5,1,19,5,2019,0
2019-05-12 03:00:00,38,3,6,1,19,5,2019,0
2019-05-12 06:00:00,188,6,6,1,19,5,2019,0
2019-05-12 09:00:00,228,9,6,1,19,5,2019,0
2019-05-12 12:00:00,267,12,6,1,19,5,2019,0
2019-05-12 15:00:00,301,15,6,1,19,5,2019,0
2019-05-12 18:00:00,184,18,6,1,19,5,2019,0
2019-05-12 21:00:00,36,21,6,1,19,5,2019,0
2019-05-13 03:00:00,150,3,0,0,20,5,2019,0
2019-05-13 06:00:00,255,6,0,0,20,5,2019,0
2019-05-13 09:00:00,182,9,0,0,20,5,2019,0
2019-05-13 12:00:00,384,12,0,0,20,5,2019,0
2019-05-13 15:00:00,388,15,0,0,20,5,2019,0
2019-05-13 18:00:00,297,18,0,0,20,5,2019,0
2019-05-13 21:00:00,20,21,0,0,20,5,2019,0
2019-05-14 03:00:00,132,3,1,0,20,5,2019,0
2019-05-14 06:00:00,366,6,1,0,20,5,2019,0
2019-05-14 09:00:00,232,9,1,0,20,5,2019,0
2019-05-14 12:00:00,449,12,1,0,20,5,2019,0
2019-05-14 15:00:00,413,15,1,0,20,5,2019,0
2019-05-14 18:00:00,234,18,1,0,20,5,2019,0
2019-05-14 21:00:00,21,21,1,0,20,5,2019,0
2019-05-15 03:00:00,147,3,2,0,20,5,2019,0
2019-05-15 06:00:00,310,6,2,0,20,5,2019,0
2019-05-15 09:00:00,247,9,2,0,20,5,2019,0
2019-05-15 12:00:00,500,12,2,0,20,5,2019,0
2019-05-15 15:00:00,504,15,2,0,20,5,2019,0
2019-05-15 18:00:00,370,18,2,0,20,5,2019,0
2019-05-15 21:00:00,60,21,2,0,20,5,2019,0
2019-05-16 03:00:00,150,3,3,0,20,5,2019,0
2019-05-16 06:00:00,370,6,3,0,20,5,2019,0
2019-05-16 09:00:00,344,9,3,0,20,5,2019,0
2019-05-16 12:00:00,588,12,3,0,20,5,2019,0
2019-05-16 15:00:00,522,15,3,0,20,5,2019,0
2019-05-16 18:00:00,309,18,3,0,20,5,2019,0
2019-05-16 21:00:00,54,21,3,0,20,5,2019,0
2019-05-17 06:00:00,1,6,4,0,20,5,2019,0
2019-05-17 12:00:00,1,12,4,0,20,5,2019,0
2019-05-17 18:00:00,1,18,4,0,20,5,2019,0
2019-05-17 21:00:00,1,21,4,0,20,5,2019,0
2019-05-18 03:00:00,21,3,5,1,20,5,2019,0
2019-05-18 06:00:00,149,6,5,1,20,5,2019,0
2019-05-18 09:00:00,282,9,5,1,20,5,2019,0
2019-05-18 12:00:00,447,12,5,1,20,5,2019,0
2019-05-18 15:00:00,437,15,5,1,20,5,2019,0
2019-05-18 18:00:00,314,18,5,1,20,5,2019,0
2019-05-18 21:00:00,50,21,5,1,20,5,2019,0
2019-05-19 03:00:00,45,3,6,1,20,5,2019,0
2019-05-19 06:00:00,176,6,6,1,20,5,2019,0
2019-05-19 09:00:00,148,9,6,1,20,5,2019,0
2019-05-19 12:00:00,347,12,6,1,20,5,2019,0
2019-05-19 15:00:00,385,15,6,1,20,5,2019,0
2019-05-19 18:00:00,293,18,6,1,20,5,2019,0
2019-05-19 21:00:00,30,21,6,1,20,5,2019,0
2019-05-20 03:00:00,160,3,0,0,21,5,2019,0
2019-05-20 06:00:00,341,6,0,0,21,5,2019,0
2019-05-20 09:00:00,249,9,0,0,21,5,2019,0
2019-05-20 12:00:00,522,12,0,0,21,5,2019,0
2019-05-20 15:00:00,527,15,0,0,21,5,2019,0
2019-05-20 18:00:00,338,18,0,0,21,5,2019,0
2019-05-20 21:00:00,44,21,0,0,21,5,2019,0
2019-05-21 03:00:00,174,3,1,0,21,5,2019,0
2019-05-21 06:00:00,379,6,1,0,21,5,2019,0
2019-05-21 09:00:00,273,9,1,0,21,5,2019,0
2019-05-21 12:00:00,549,12,1,0,21,5,2019,0
2019-05-21 15:00:00,603,15,1,0,21,5,2019,0
2019-05-21 18:00:00,410,18,1,0,21,5,2019,0
2019-05-21 21:00:00,56,21,1,0,21,5,2019,0
2019-05-22 03:00:00,186,3,2,0,21,5,2019,0
2019-05-22 06:00:00,402,6,2,0,21,5,2019,0
2019-05-22 09:00:00,272,9,2,0,21,5,2019,0
2019-05-22 12:00:00,553,12,2,0,21,5,2019,0
2019-05-22 15:00:00,606,15,2,0,21,5,2019,0
2019-05-22 18:00:00,463,18,2,0,21,5,2019,0
2019-05-22 21:00:00,54,21,2,0,21,5,2019,0
2019-05-23 03:00:00,130,3,3,0,21,5,2019,0
2019-05-23 06:00:00,296,6,3,0,21,5,2019,0
2019-05-23 09:00:00,287,9,3,0,21,5,2019,0
2019-05-23 12:00:00,513,12,3,0,21,5,2019,0
2019-05-23 15:00:00,437,15,3,0,21,5,2019,0
2019-05-23 18:00:00,283,18,3,0,21,5,2019,0
2019-05-23 21:00:00,48,21,3,0,21,5,2019,0
2019-05-24 03:00:00,165,3,4,0,21,5,2019,0
2019-05-24 06:00:00,383,6,4,0,21,5,2019,0
2019-05-24 09:00:00,324,9,4,0,21,5,2019,0
2019-05-24 12:00:00,617,12,4,0,21,5,2019,0
2019-05-24 15:00:00,491,15,4,0,21,5,2019,0
2019-05-24 18:00:00,263,18,4,0,21,5,2019,0
2019-05-24 21:00:00,78,21,4,0,21,5,2019,0
2019-05-25 03:00:00,28,3,5,1,21,5,2019,0
2019-05-25 06:00:00,226,6,5,1,21,5,2019,0
2019-05-25 09:00:00,350,9,5,1,21,5,2019,0
2019-05-25 12:00:00,394,12,5,1,21,5,2019,0
2019-05-25 15:00:00,421,15,5,1,21,5,2019,0
2019-05-25 18:00:00,325,18,5,1,21,5,2019,0
2019-05-25 21:00:00,64,21,5,1,21,5,2019,0
2019-05-26 03:00:00,27,3,6,1,21,5,2019,0
2019-05-26 06:00:00,147,6,6,1,21,5,2019,0
2019-05-26 09:00:00,219,9,6,1,21,5,2019,0
2019-05-26 12:00:00,304,12,6,1,21,5,2019,0
2019-05-26 15:00:00,332,15,6,1,21,5,2019,0
2019-05-26 18:00:00,255,18,6,1,21,5,2019,0
2019-05-26 21:00:00,26,21,6,1,21,5,2019,0
2019-05-27 03:00:00,136,3,0,0,22,5,2019,0
2019-05-27 06:00:00,342,6,0,0,22,5,2019,0
2019-05-27 09:00:00,207,9,0,0,22,5,2019,0
2019-05-27 12:00:00,491,12,0,0,22,5,2019,0
2019-05-27 15:00:00,397,15,0,0,22,5,2019,0
2019-05-27 18:00:00,277,18,0,0,22,5,2019,0
2019-05-27 21:00:00,23,21,0,0,22,5,2019,0
2019-05-28 03:00:00,160,3,1,0,22,5,2019,0
2019-05-28 06:00:00,362,6,1,0,22,5,2019,0
2019-05-28 09:00:00,264,9,1,0,22,5,2019,0
2019-05-28 12:00:00,462,12,1,0,22,5,2019,0
2019-05-28 15:00:00,318,15,1,0,22,5,2019,0
2019-05-28 18:00:00,187,18,1,0,22,5,2019,0
2019-05-28 21:00:00,27,21,1,0,22,5,2019,0
2019-05-29 03:00:00,144,3,2,0,22,5,2019,0
2019-05-29 06:00:00,389,6,2,0,22,5,2019,0
2019-05-29 09:00:00,248,9,2,0,22,5,2019,0
2019-05-29 12:00:00,413,12,2,0,22,5,2019,0
2019-05-29 15:00:00,378,15,2,0,22,5,2019,0
2019-05-29 18:00:00,270,18,2,0,22,5,2019,0
2019-05-29 21:00:00,47,21,2,0,22,5,2019,0
2019-05-30 03:00:00,46,3,3,0,22,5,2019,0
2019-05-30 06:00:00,213,6,3,0,22,5,2019,0
2019-05-30 09:00:00,256,9,3,0,22,5,2019,0
2019-05-30 12:00:00,138,12,3,0,22,5,2019,0
2019-05-30 15:00:00,220,15,3,0,22,5,2019,0
2019-05-30 18:00:00,166,18,3,0,22,5,2019,0
2019-05-30 21:00:00,24,21,3,0,22,5,2019,0
2019-05-31 03:00:00,53,3,4,0,22,5,2019,0
2019-05-31 06:00:00,143,6,4,0,22,5,2019,0
2019-05-31 09:00:00,55,9,4,0,22,5,2019,0
2019-05-31 12:00:00,158,12,4,0,22,5,2019,0
2019-05-31 15:00:00,211,15,4,0,22,5,2019,0
2019-05-31 18:00:00,127,18,4,0,22,5,2019,0
2019-05-31 21:00:00,32,21,4,0,22,5,2019,0
2019-06-01 03:00:00,28,3,5,1,22,6,2019,0
2019-06-01 06:00:00,187,6,5,1,22,6,2019,0
2019-06-01 09:00:00,294,9,5,1,22,6,2019,0
2019-06-01 12:00:00,391,12,5,1,22,6,2019,0
2019-06-01 15:00:00,412,15,5,1,22,6,2019,0
2019-06-01 18:00:00,213,18,5,1,22,6,2019,0
2019-06-01 21:00:00,111,21,5,1,22,6,2019,0
2019-06-02 00:00:00,1,0,6,1,22,6,2019,0
2019-06-02 03:00:00,36,3,6,1,22,6,2019,0
2019-06-02 06:00:00,135,6,6,1,22,6,2019,0
2019-06-02 09:00:00,198,9,6,1,22,6,2019,0
2019-06-02 12:00:00,241,12,6,1,22,6,2019,0
2019-06-02 15:00:00,350,15,6,1,22,6,2019,0
2019-06-02 18:00:00,241,18,6,1,22,6,2019,0
2019-06-02 21:00:00,34,21,6,1,22,6,2019,0
2019-06-03 03:00:00,155,3,0,0,23,6,2019,0
2019-06-03 06:00:00,301,6,0,0,23,6,2019,0
2019-06-03 09:00:00,256,9,0,0,23,6,2019,0
2019-06-03 12:00:00,502,12,0,0,23,6,2019,0
2019-06-03 15:00:00,516,15,0,0,23,6,2019,0
2019-06-03 18:00:00,285,18,0,0,23,6,2019,0
2019-06-03 21:00:00,39,21,0,0,23,6,2019,0
2019-06-04 03:00:00,116,3,1,0,23,6,2019,0
2019-06-04 06:00:00,376,6,1,0,23,6,2019,0
2019-06-04 09:00:00,328,9,1,0,23,6,2019,0
2019-06-04 12:00:00,520,12,1,0,23,6,2019,0
2019-06-04 15:00:00,402,15,1,0,23,6,2019,0
2019-06-04 18:00:00,259,18,1,0,23,6,2019,0
2019-06-04 21:00:00,39,21,1,0,23,6,2019,0
2019-06-05 03:00:00,144,3,2,0,23,6,2019,0
2019-06-05 06:00:00,382,6,2,0,23,6,2019,0
2019-06-05 09:00:00,253,9,2,0,23,6,2019,0
2019-06-05 12:00:00,469,12,2,0,23,6,2019,0
2019-06-05 15:00:00,490,15,2,0,23,6,2019,0
2019-06-05 18:00:00,342,18,2,0,23,6,2019,0
2019-06-05 21:00:00,72,21,2,0,23,6,2019,0
2019-06-06 03:00:00,154,3,3,0,23,6,2019,0
2019-06-06 06:00:00,369,6,3,0,23,6,2019,0
2019-06-06 09:00:00,439,9,3,0,23,6,2019,0
2019-06-06 12:00:00,672,12,3,0,23,6,2019,0
2019-06-06 15:00:00,554,15,3,0,23,6,2019,0
2019-06-06 18:00:00,319,18,3,0,23,6,2019,0
2019-06-06 21:00:00,80,21,3,0,23,6,2019,0
2019-06-07 03:00:00,149,3,4,0,23,6,2019,0
2019-06-07 06:00:00,287,6,4,0,23,6,2019,0
2019-06-07 09:00:00,129,9,4,0,23,6,2019,0
2019-06-07 12:00:00,218,12,4,0,23,6,2019,0
2019-06-07 15:00:00,222,15,4,0,23,6,2019,0
2019-06-07 18:00:00,145,18,4,0,23,6,2019,0
2019-06-07 21:00:00,45,21,4,0,23,6,2019,0
2019-06-08 03:00:00,29,3,5,1,23,6,2019,0
2019-06-08 06:00:00,152,6,5,1,23,6,2019,0
2019-06-08 09:00:00,328,9,5,1,23,6,2019,0
2019-06-08 12:00:00,489,12,5,1,23,6,2019,0
2019-06-08 15:00:00,498,15,5,1,23,6,2019,0
2019-06-08 18:00:00,329,18,5,1,23,6,2019,0
2019-06-08 21:00:00,72,21,5,1,23,6,2019,0
2019-06-09 03:00:00,21,3,6,1,23,6,2019,0
2019-06-09 06:00:00,127,6,6,1,23,6,2019,0
2019-06-09 09:00:00,359,9,6,1,23,6,2019,0
2019-06-09 12:00:00,327,12,6,1,23,6,2019,0
2019-06-09 15:00:00,179,15,6,1,23,6,2019,0
2019-06-09 18:00:00,151,18,6,1,23,6,2019,0
2019-06-09 21:00:00,25,21,6,1,23,6,2019,0
2019-06-10 03:00:00,26,3,0,0,24,6,2019,0
2019-06-10 06:00:00,77,6,0,0,24,6,2019,0
2019-06-10 09:00:00,243,9,0,0,24,6,2019,0
2019-06-10 12:00:00,297,12,0,0,24,6,2019,0
2019-06-10 15:00:00,210,15,0,0,24,6,2019,0
2019-06-10 18:00:00,163,18,0,0,24,6,2019,0
2019-06-10 21:00:00,29,21,0,0,24,6,2019,0
2019-06-11 03:00:00,165,3,1,0,24,6,2019,0
2019-06-11 06:00:00,286,6,1,0,24,6,2019,0
2019-06-11 09:00:00,325,9,1,0,24,6,2019,0
2019-06-11 12:00:00,544,12,1,0,24,6,2019,0
2019-06-11 15:00:00,472,15,1,0,24,6,2019,0
2019-06-11 18:00:00,283,18,1,0,24,6,2019,0
2019-06-11 21:00:00,34,21,1,0,24,6,2019,0
2019-06-12 03:00:00,171,3,2,0,24,6,2019,0
2019-06-12 06:00:00,312,6,2,0,24,6,2019,0
2019-06-12 09:00:00,300,9,2,0,24,6,2019,0
2019-06-12 12:00:00,488,12,2,0,24,6,2019,0
2019-06-12 15:00:00,343,15,2,0,24,6,2019,0
2019-06-12 18:00:00,204,18,2,0,24,6,2019,0
2019-06-12 21:00:00,43,21,2,0,24,6,2019,0
2019-06-13 03:00:00,130,3,3,0,24,6,2019,0
2019-06-13 06:00:00,197,6,3,0,24,6,2019,0
2019-06-13 09:00:00,141,9,3,0,24,6,2019,0
2019-06-13 12:00:00,439,12,3,0,24,6,2019,0
2019-06-13 15:00:00,358,15,3,0,24,6,2019,0
2019-06-13 18:00:00,247,18,3,0,24,6,2019,0
2019-06-13 21:00:00,50,21,3,0,24,6,2019,0
2019-06-14 03:00:00,172,3,4,0,24,6,2019,0
2019-06-14 06:00:00,266,6,4,0,24,6,2019,0
2019-06-14 09:00:00,299,9,4,0,24,6,2019,0
2019-06-14 12:00:00,489,12,4,0,24,6,2019,0
2019-06-14 15:00:00,328,15,4,0,24,6,2019,0
2019-06-14 18:00:00,225,18,4,0,24,6,2019,0
2019-06-14 21:00:00,51,21,4,0,24,6,2019,0
2019-06-15 00:00:00,1,0,5,1,24,6,2019,0
2019-06-15 03:00:00,17,3,5,1,24,6,2019,0
2019-06-15 06:00:00,149,6,5,1,24,6,2019,0
2019-06-15 09:00:00,393,9,5,1,24,6,2019,0
2019-06-15 12:00:00,533,12,5,1,24,6,2019,0
2019-06-15 15:00:00,488,15,5,1,24,6,2019,0
2019-06-15 18:00:00,351,18,5,1,24,6,2019,0
2019-06-15 21:00:00,112,21,5,1,24,6,2019,0
2019-06-16 00:00:00,2,0,6,1,24,6,2019,0
2019-06-16 03:00:00,38,3,6,1,24,6,2019,0
2019-06-16 06:00:00,117,6,6,1,24,6,2019,0
2019-06-16 09:00:00,323,9,6,1,24,6,2019,0
2019-06-16 12:00:00,395,12,6,1,24,6,2019,0
2019-06-16 15:00:00,342,15,6,1,24,6,2019,0
2019-06-16 18:00:00,246,18,6,1,24,6,2019,0
2019-06-16 21:00:00,30,21,6,1,24,6,2019,0
2019-06-17 03:00:00,110,3,0,0,25,6,2019,0
2019-06-17 06:00:00,228,6,0,0,25,6,2019,0
2019-06-17 09:00:00,228,9,0,0,25,6,2019,0
2019-06-17 12:00:00,484,12,0,0,25,6,2019,0
2019-06-17 15:00:00,478,15,0,0,25,6,2019,0
2019-06-17 18:00:00,341,18,0,0,25,6,2019,0
2019-06-17 21:00:00,53,21,0,0,25,6,2019,0
2019-06-18 03:00:00,159,3,1,0,25,6,2019,0
2019-06-18 06:00:00,382,6,1,0,25,6,2019,0
2019-06-18 09:00:00,305,9,1,0,25,6,2019,0
2019-06-18 12:00:00,517,12,1,0,25,6,2019,0
2019-06-18 15:00:00,334,15,1,0,25,6,2019,0
2019-06-18 18:00:00,136,18,1,0,25,6,2019,0
2019-06-18 21:00:00,20,21,1,0,25,6,2019,0
2019-06-19 03:00:00,165,3,2,0,25,6,2019,0
2019-06-19 06:00:00,285,6,2,0,25,6,2019,0
2019-06-19 09:00:00,205,9,2,0,25,6,2019,0
2019-06-19 12:00:00,431,12,2,0,25,6,2019,0
2019-06-19 15:00:00,410,15,2,0,25,6,2019,0
2019-06-19 18:00:00,279,18,2,0,25,6,2019,0
2019-06-19 21:00:00,63,21,2,0,25,6,2019,0
2019-06-20 03:00:00,103,3,3,0,25,6,2019,0
2019-06-20 06:00:00,235,6,3,0,25,6,2019,0
2019-06-20 09:00:00,237,9,3,0,25,6,2019,0
2019-06-20 12:00:00,458,12,3,0,25,6,2019,0
2019-06-20 15:00:00,389,15,3,0,25,6,2019,0
2019-06-20 18:00:00,169,18,3,0,25,6,2019,0
2019-06-20 21:00:00,33,21,3,0,25,6,2019,0
2019-06-21 03:00:00,97,3,4,0,25,6,2019,0
2019-06-21 06:00:00,215,6,4,0,25,6,2019,0
2019-06-21 09:00:00,137,9,4,0,25,6,2019,0
2019-06-21 12:00:00,253,12,4,0,25,6,2019,0
2019-06-21 15:00:00,277,15,4,0,25,6,2019,0
2019-06-21 18:00:00,145,18,4,0,25,6,2019,0
2019-06-21 21:00:00,40,21,4,0,25,6,2019,0
2019-06-22 03:00:00,24,3,5,1,25,6,2019,0
2019-06-22 06:00:00,80,6,5,1,25,6,2019,0
2019-06-22 09:00:00,224,9,5,1,25,6,2019,0
2019-06-22 12:00:00,298,12,5,1,25,6,2019,0
2019-06-22 15:00:00,262,15,5,1,25,6,2019,0
2019-06-22 18:00:00,196,18,5,1,25,6,2019,0
2019-06-22 21:00:00,33,21,5,1,25,6,2019,0
2019-06-23 03:00:00,33,3,6,1,25,6,2019,0
2019-06-23 06:00:00,50,6,6,1,25,6,2019,0
2019-06-23 09:00:00,178,9,6,1,25,6,2019,0
2019-06-23 12:00:00,251,12,6,1,25,6,2019,0
2019-06-23 15:00:00,214,15,6,1,25,6,2019,0
2019-06-23 18:00:00,145,18,6,1,25,6,2019,0
2019-06-23 21:00:00,37,21,6,1,25,6,2019,0
2019-06-24 03:00:00,158,3,0,0,26,6,2019,0
2019-06-24 06:00:00,250,6,0,0,26,6,2019,0
2019-06-24 09:00:00,171,9,0,0,26,6,2019,0
2019-06-24 12:00:00,433,12,0,0,26,6,2019,0
2019-06-24 15:00:00,350,15,0,0,26,6,2019,0
2019-06-24 18:00:00,195,18,0,0,26,6,2019,0
2019-06-24 21:00:00,45,21,0,0,26,6,2019,0
2019-06-25 03:00:00,188,3,1,0,26,6,2019,0
2019-06-25 06:00:00,301,6,1,0,26,6,2019,0
2019-06-25 09:00:00,181,9,1,0,26,6,2019,0
2019-06-25 12:00:00,399,12,1,0,26,6,2019,0
2019-06-25 15:00:00,248,15,1,0,26,6,2019,0
2019-06-25 18:00:00,165,18,1,0,26,6,2019,0
2019-06-25 21:00:00,36,21,1,0,26,6,2019,0
2019-06-26 03:00:00,162,3,2,0,26,6,2019,0
2019-06-26 06:00:00,265,6,2,0,26,6,2019,0
2019-06-26 09:00:00,212,9,2,0,26,6,2019,0
2019-06-26 12:00:00,494,12,2,0,26,6,2019,0
2019-06-26 15:00:00,376,15,2,0,26,6,2019,0
2019-06-26 18:00:00,215,18,2,0,26,6,2019,0
2019-06-26 21:00:00,50,21,2,0,26,6,2019,0
2019-06-27 03:00:00,139,3,3,0,26,6,2019,0
2019-06-27 06:00:00,195,6,3,0,26,6,2019,0
2019-06-27 09:00:00,166,9,3,0,26,6,2019,0
2019-06-27 12:00:00,413,12,3,0,26,6,2019,0
2019-06-27 15:00:00,292,15,3,0,26,6,2019,0
2019-06-27 18:00:00,189,18,3,0,26,6,2019,0
2019-06-27 21:00:00,61,21,3,0,26,6,2019,0
2019-06-28 03:00:00,124,3,4,0,26,6,2019,0
2019-06-28 06:00:00,214,6,4,0,26,6,2019,0
2019-06-28 09:00:00,185,9,4,0,26,6,2019,0
2019-06-28 12:00:00,372,12,4,0,26,6,2019,0
2019-06-28 15:00:00,205,15,4,0,26,6,2019,0
2019-06-28 18:00:00,152,18,4,0,26,6,2019,0
2019-06-28 21:00:00,47,21,4,0,26,6,2019,0
2019-06-29 03:00:00,21,3,5,1,26,6,2019,0
2019-06-29 06:00:00,55,6,5,1,26,6,2019,0
2019-06-29 09:00:00,93,9,5,1,26,6,2019,0
2019-06-29 12:00:00,162,12,5,1,26,6,2019,0
2019-06-29 15:00:00,99,15,5,1,26,6,2019,0
2019-06-29 18:00:00,122,18,5,1,26,6,2019,0
2019-06-29 21:00:00,38,21,5,1,26,6,2019,0
2019-06-30 03:00:00,24,3,6,1,26,6,2019,0
2019-06-30 06:00:00,41,6,6,1,26,6,2019,0
2019-06-30 09:00:00,62,9,6,1,26,6,2019,0
2019-06-30 12:00:00,101,12,6,1,26,6,2019,0
2019-06-30 15:00:00,61,15,6,1,26,6,2019,0
2019-06-30 18:00:00,108,18,6,1,26,6,2019,0
2019-06-30 21:00:00,11,21,6,1,26,6,2019,0
2019-07-01 03:00:00,111,3,0,0,27,7,2019,0
2019-07-01 06:00:00,117,6,0,0,27,7,2019,0
2019-07-01 09:00:00,83,9,0,0,27,7,2019,0
2019-07-01 12:00:00,311,12,0,0,27,7,2019,0
2019-07-01 15:00:00,234,15,0,0,27,7,2019,0
2019-07-01 18:00:00,115,18,0,0,27,7,2019,0
2019-07-01 21:00:00,22,21,0,0,27,7,2019,0
2019-07-02 03:00:00,119,3,1,0,27,7,2019,0
2019-07-02 06:00:00,191,6,1,0,27,7,2019,0
2019-07-02 09:00:00,141,9,1,0,27,7,2019,0
2019-07-02 12:00:00,308,12,1,0,27,7,2019,0
2019-07-02 15:00:00,183,15,1,0,27,7,2019,0
2019-07-02 18:00:00,114,18,1,0,27,7,2019,0
2019-07-02 21:00:00,27,21,1,0,27,7,2019,0
2019-07-03 03:00:00,114,3,2,0,27,7,2019,0
2019-07-03 06:00:00,186,6,2,0,27,7,2019,0
2019-07-03 09:00:00,133,9,2,0,27,7,2019,0
2019-07-03 12:00:00,241,12,2,0,27,7,2019,0
2019-07-03 15:00:00,209,15,2,0,27,7,2019,0
2019-07-03 18:00:00,127,18,2,0,27,7,2019,0
2019-07-03 21:00:00,23,21,2,0,27,7,2019,0
2019-07-04 03:00:00,77,3,3,0,27,7,2019,0
2019-07-04 06:00:00,133,6,3,0,27,7,2019,0
2019-07-04 09:00:00,116,9,3,0,27,7,2019,0
2019-07-04 12:00:00,205,12,3,0,27,7,2019,0
2019-07-04 15:00:00,236,15,3,0,27,7,2019,0
2019-07-04 18:00:00,113,18,3,0,27,7,2019,0
2019-07-04 21:00:00,18,21,3,0,27,7,2019,0
2019-07-05 03:00:00,94,3,4,0,27,7,2019,0
2019-07-05 06:00:00,170,6,4,0,27,7,2019,0
2019-07-05 09:00:00,105,9,4,0,27,7,2019,0
2019-07-05 12:00:00,234,12,4,0,27,7,2019,0
2019-07-05 15:00:00,166,15,4,0,27,7,2019,0
2019-07-05 18:00:00,141,18,4,0,27,7,2019,0
2019-07-05 21:00:00,41,21,4,0,27,7,2019,0
2019-07-06 03:00:00,30,3,5,1,27,7,2019,0
2019-07-06 06:00:00,72,6,5,1,27,7,2019,0
2019-07-06 09:00:00,169,9,5,1,27,7,2019,0
2019-07-06 12:00:00,228,12,5,1,27,7,2019,0
2019-07-06 15:00:00,202,15,5,1,27,7,2019,0
2019-07-06 18:00:00,136,18,5,1,27,7,2019,0
2019-07-06 21:00:00,58,21,5,1,27,7,2019,0
2019-07-07 03:00:00,27,3,6,1,27,7,2019,0
2019-07-07 06:00:00,44,6,6,1,27,7,2019,0
2019-07-07 09:00:00,168,9,6,1,27,7,2019,0
2019-07-07 12:00:00,229,12,6,1,27,7,2019,0
2019-07-07 15:00:00,151,15,6,1,27,7,2019,0
2019-07-07 18:00:00,168,18,6,1,27,7,2019,0
2019-07-07 21:00:00,25,21,6,1,27,7,2019,0
2019-07-08 03:00:00,76,3,0,0,28,7,2019,0
2019-07-08 06:00:00,114,6,0,0,28,7,2019,0
2019-07-08 09:00:00,115,9,0,0,28,7,2019,0
2019-07-08 12:00:00,324,12,0,0,28,7,2019,0
2019-07-08 15:00:00,256,15,0,0,28,7,2019,0
2019-07-08 18:00:00,146,18,0,0,28,7,2019,0
2019-07-08 21:00:00,26,21,0,0,28,7,2019,0
2019-07-09 03:00:00,122,3,1,0,28,7,2019,0
2019-07-09 06:00:00,153,6,1,0,28,7,2019,0
2019-07-09 09:00:00,116,9,1,0,28,7,2019,0
2019-07-09 12:00:00,332,12,1,0,28,7,2019,0
2019-07-09 15:00:00,317,15,1,0,28,7,2019,0
2019-07-09 18:00:00,190,18,1,0,28,7,2019,0
2019-07-09 21:00:00,40,21,1,0,28,7,2019,0
2019-07-10 03:00:00,111,3,2,0,28,7,2019,0
2019-07-10 06:00:00,198,6,2,0,28,7,2019,0
2019-07-10 09:00:00,217,9,2,0,28,7,2019,0
2019-07-10 12:00:00,397,12,2,0,28,7,2019,0
2019-07-10 15:00:00,295,15,2,0,28,7,2019,0
2019-07-10 18:00:00,230,18,2,0,28,7,2019,0
2019-07-10 21:00:00,30,21,2,0,28,7,2019,0
2019-07-11 03:00:00,116,3,3,0,28,7,2019,0
2019-07-11 06:00:00,205,6,3,0,28,7,2019,0
2019-07-11 09:00:00,188,9,3,0,28,7,2019,0
2019-07-11 12:00:00,379,12,3,0,28,7,2019,0
2019-07-11 15:00:00,352,15,3,0,28,7,2019,0
2019-07-11 18:00:00,182,18,3,0,28,7,2019,0
2019-07-11 21:00:00,50,21,3,0,28,7,2019,0
2019-07-12 03:00:00,111,3,4,0,28,7,2019,0
2019-07-12 06:00:00,191,6,4,0,28,7,2019,0
2019-07-12 09:00:00,253,9,4,0,28,7,2019,0
2019-07-12 12:00:00,432,12,4,0,28,7,2019,0
2019-07-12 15:00:00,339,15,4,0,28,7,2019,0
2019-07-12 18:00:00,230,18,4,0,28,7,2019,0
2019-07-12 21:00:00,46,21,4,0,28,7,2019,0
2019-07-13 03:00:00,20,3,5,1,28,7,2019,0
2019-07-13 06:00:00,113,6,5,1,28,7,2019,0
2019-07-13 09:00:00,306,9,5,1,28,7,2019,0
2019-07-13 12:00:00,371,12,5,1,28,7,2019,0
2019-07-13 15:00:00,223,15,5,1,28,7,2019,0
2019-07-13 18:00:00,105,18,5,1,28,7,2019,0
2019-07-13 21:00:00,53,21,5,1,28,7,2019,0
2019-07-14 03:00:00,25,3,6,1,28,7,2019,0
2019-07-14 06:00:00,36,6,6,1,28,7,2019,0
2019-07-14 09:00:00,132,9,6,1,28,7,2019,0
2019-07-14 12:00:00,177,12,6,1,28,7,2019,0
2019-07-14 15:00:00,190,15,6,1,28,7,2019,0
2019-07-14 18:00:00,87,18,6,1,28,7,2019,0
2019-07-14 21:00:00,33,21,6,1,28,7,2019,0
2019-07-15 03:00:00,72,3,0,0,29,7,2019,0
2019-07-15 06:00:00,126,6,0,0,29,7,2019,0
2019-07-15 09:00:00,88,9,0,0,29,7,2019,0
2019-07-15 12:00:00,138,12,0,0,29,7,2019,0
2019-07-15 15:00:00,138,15,0,0,29,7,2019,0
2019-07-15 18:00:00,109,18,0,0,29,7,2019,0
2019-07-15 21:00:00,16,21,0,0,29,7,2019,0
2019-07-16 03:00:00,89,3,1,0,29,7,2019,0
2019-07-16 06:00:00,170,6,1,0,29,7,2019,0
2019-07-16 09:00:00,192,9,1,0,29,7,2019,0
2019-07-16 12:00:00,329,12,1,0,29,7,2019,0
2019-07-16 15:00:00,264,15,1,0,29,7,2019,0
2019-07-16 18:00:00,230,18,1,0,29,7,2019,0
2019-07-16 21:00:00,26,21,1,0,29,7,2019,0
2019-07-17 03:00:00,91,3,2,0,29,7,2019,0
2019-07-17 06:00:00,197,6,2,0,29,7,2019,0
2019-07-17 09:00:00,231,9,2,0,29,7,2019,0
2019-07-17 12:00:00,419,12,2,0,29,7,2019,0
2019-07-17 15:00:00,430,15,2,0,29,7,2019,0
2019-07-17 18:00:00,261,18,2,0,29,7,2019,0
2019-07-17 21:00:00,47,21,2,0,29,7,2019,0
2019-07-18 03:00:00,88,3,3,0,29,7,2019,0
2019-07-18 06:00:00,183,6,3,0,29,7,2019,0
2019-07-18 09:00:00,220,9,3,0,29,7,2019,0
2019-07-18 12:00:00,376,12,3,0,29,7,2019,0
2019-07-18 15:00:00,305,15,3,0,29,7,2019,0
2019-07-18 18:00:00,268,18,3,0,29,7,2019,0
2019-07-18 21:00:00,45,21,3,0,29,7,2019,0
2019-07-19 03:00:00,75,3,4,0,29,7,2019,0
2019-07-19 06:00:00,167,6,4,0,29,7,2019,0
2019-07-19 09:00:00,239,9,4,0,29,7,2019,0
2019-07-19 12:00:00,330,12,4,0,29,7,2019,0
2019-07-19 15:00:00,252,15,4,0,29,7,2019,0
2019-07-19 18:00:00,193,18,4,0,29,7,2019,0
2019-07-19 21:00:00,43,21,4,0,29,7,2019,0
2019-07-20 03:00:00,29,3,5,1,29,7,2019,0
2019-07-20 06:00:00,124,6,5,1,29,7,2019,0
2019-07-20 09:00:00,242,9,5,1,29,7,2019,0
2019-07-20 12:00:00,307,12,5,1,29,7,2019,0
2019-07-20 15:00:00,291,15,5,1,29,7,2019,0
2019-07-20 18:00:00,240,18,5,1,29,7,2019,0
2019-07-20 21:00:00,43,21,5,1,29,7,2019,0
2019-07-21 03:00:00,33,3,6,1,29,7,2019,0
2019-07-21 06:00:00,63,6,6,1,29,7,2019,0
2019-07-21 09:00:00,125,9,6,1,29,7,2019,0
2019-07-21 12:00:00,132,12,6,1,29,7,2019,0
2019-07-21 15:00:00,152,15,6,1,29,7,2019,0
2019-07-21 18:00:00,132,18,6,1,29,7,2019,0
2019-07-21 21:00:00,20,21,6,1,29,7,2019,0
2019-07-22 03:00:00,99,3,0,0,30,7,2019,0
2019-07-22 06:00:00,145,6,0,0,30,7,2019,0
2019-07-22 09:00:00,209,9,0,0,30,7,2019,0
2019-07-22 12:00:00,391,12,0,0,30,7,2019,0
2019-07-22 15:00:00,322,15,0,0,30,7,2019,0
2019-07-22 18:00:00,185,18,0,0,30,7,2019,0
2019-07-22 21:00:00,44,21,0,0,30,7,2019,0
2019-07-23 03:00:00,107,3,1,0,30,7,2019,0
2019-07-23 06:00:00,187,6,1,0,30,7,2019,0
2019-07-23 09:00:00,235,9,1,0,30,7,2019,0
2019-07-23 12:00:00,437,12,1,0,30,7,2019,0
2019-07-23 15:00:00,303,15,1,0,30,7,2019,0
2019-07-23 18:00:00,236,18,1,0,30,7,2019,0
2019-07-23 21:00:00,44,21,1,0,30,7,2019,0
2019-07-24 03:00:00,120,3,2,0,30,7,2019,0
2019-07-24 06:00:00,213,6,2,0,30,7,2019,0
2019-07-24 09:00:00,222,9,2,0,30,7,2019,0
2019-07-24 12:00:00,395,12,2,0,30,7,2019,0
2019-07-24 15:00:00,424,15,2,0,30,7,2019,0
2019-07-24 18:00:00,270,18,2,0,30,7,2019,0
2019-07-24 21:00:00,39,21,2,0,30,7,2019,0
2019-07-25 03:00:00,128,3,3,0,30,7,2019,0
2019-07-25 06:00:00,242,6,3,0,30,7,2019,0
2019-07-25 09:00:00,242,9,3,0,30,7,2019,0
2019-07-25 12:00:00,462,12,3,0,30,7,2019,0
2019-07-25 15:00:00,326,15,3,0,30,7,2019,0
2019-07-25 18:00:00,260,18,3,0,30,7,2019,0
2019-07-25 21:00:00,29,21,3,0,30,7,2019,0
2019-07-26 03:00:00,95,3,4,0,30,7,2019,0
2019-07-26 06:00:00,216,6,4,0,30,7,2019,0
2019-07-26 09:00:00,252,9,4,0,30,7,2019,0
2019-07-26 12:00:00,406,12,4,0,30,7,2019,0
2019-07-26 15:00:00,306,15,4,0,30,7,2019,0
2019-07-26 18:00:00,249,18,4,0,30,7,2019,0
2019-07-26 21:00:00,45,21,4,0,30,7,2019,0
2019-07-27 03:00:00,28,3,5,1,30,7,2019,0
2019-07-27 06:00:00,136,6,5,1,30,7,2019,0
2019-07-27 09:00:00,333,9,5,1,30,7,2019,0
2019-07-27 12:00:00,375,12,5,1,30,7,2019,0
2019-07-27 15:00:00,364,15,5,1,30,7,2019,0
2019-07-27 18:00:00,284,18,5,1,30,7,2019,0
2019-07-27 21:00:00,67,21,5,1,30,7,2019,0
2019-07-28 03:00:00,27,3,6,1,30,7,2019,0
2019-07-28 06:00:00,83,6,6,1,30,7,2019,0
2019-07-28 09:00:00,305,9,6,1,30,7,2019,0
2019-07-28 12:00:00,384,12,6,1,30,7,2019,0
2019-07-28 15:00:00,291,15,6,1,30,7,2019,0
2019-07-28 18:00:00,233,18,6,1,30,7,2019,0
2019-07-28 21:00:00,49,21,6,1,30,7,2019,0
2019-07-29 03:00:00,132,3,0,0,31,7,2019,0
2019-07-29 06:00:00,210,6,0,0,31,7,2019,0
2019-07-29 09:00:00,200,9,0,0,31,7,2019,0
2019-07-29 12:00:00,427,12,0,0,31,7,2019,0
2019-07-29 15:00:00,345,15,0,0,31,7,2019,0
2019-07-29 18:00:00,303,18,0,0,31,7,2019,0
2019-07-29 21:00:00,40,21,0,0,31,7,2019,0
2019-07-30 03:00:00,135,3,1,0,31,7,2019,0
2019-07-30 06:00:00,222,6,1,0,31,7,2019,0
2019-07-30 09:00:00,227,9,1,0,31,7,2019,0
2019-07-30 12:00:00,401,12,1,0,31,7,2019,0
2019-07-30 15:00:00,394,15,1,0,31,7,2019,0
2019-07-30 18:00:00,225,18,1,0,31,7,2019,0
2019-07-30 21:00:00,51,21,1,0,31,7,2019,0
2019-07-31 03:00:00,131,3,2,0,31,7,2019,0
2019-07-31 06:00:00,273,6,2,0,31,7,2019,0
2019-07-31 09:00:00,303,9,2,0,31,7,2019,0
2019-07-31 12:00:00,565,12,2,0,31,7,2019,0
2019-07-31 15:00:00,436,15,2,0,31,7,2019,0
2019-07-31 18:00:00,322,18,2,0,31,7,2019,0
2019-07-31 21:00:00,88,21,2,0,31,7,2019,0
2019-08-01 03:00:00,150,3,3,0,31,8,2019,0
2019-08-01 06:00:00,266,6,3,0,31,8,2019,0
2019-08-01 09:00:00,293,9,3,0,31,8,2019,0
2019-08-01 12:00:00,495,12,3,0,31,8,2019,0
2019-08-01 15:00:00,411,15,3,0,31,8,2019,0
2019-08-01 18:00:00,329,18,3,0,31,8,2019,0
2019-08-01 21:00:00,66,21,3,0,31,8,2019,0
2019-08-02 03:00:00,111,3,4,0,31,8,2019,0
2019-08-02 06:00:00,268,6,4,0,31,8,2019,0
2019-08-02 09:00:00,382,9,4,0,31,8,2019,0
2019-08-02 12:00:00,530,12,4,0,31,8,2019,0
2019-08-02 15:00:00,403,15,4,0,31,8,2019,0
2019-08-02 18:00:00,252,18,4,0,31,8,2019,0
2019-08-02 21:00:00,71,21,4,0,31,8,2019,0
2019-08-03 03:00:00,31,3,5,1,31,8,2019,0
2019-08-03 06:00:00,126,6,5,1,31,8,2019,0
2019-08-03 09:00:00,334,9,5,1,31,8,2019,0
2019-08-03 12:00:00,434,12,5,1,31,8,2019,0
2019-08-03 15:00:00,419,15,5,1,31,8,2019,0
2019-08-03 18:00:00,258,18,5,1,31,8,2019,0
2019-08-03 21:00:00,77,21,5,1,31,8,2019,0
2019-08-04 03:00:00,29,3,6,1,31,8,2019,0
2019-08-04 06:00:00,67,6,6,1,31,8,2019,0
2019-08-04 09:00:00,282,9,6,1,31,8,2019,0
2019-08-04 12:00:00,292,12,6,1,31,8,2019,0
2019-08-04 15:00:00,263,15,6,1,31,8,2019,0
2019-08-04 18:00:00,191,18,6,1,31,8,2019,0
2019-08-04 21:00:00,33,21,6,1,31,8,2019,0
2019-08-05 03:00:00,142,3,0,0,32,8,2019,0
2019-08-05 06:00:00,254,6,0,0,32,8,2019,0
2019-08-05 09:00:00,247,9,0,0,32,8,2019,0
2019-08-05 12:00:00,474,12,0,0,32,8,2019,0
2019-08-05 15:00:00,321,15,0,0,32,8,2019,0
2019-08-05 18:00:00,202,18,0,0,32,8,2019,0
2019-08-05 21:00:00,51,21,0,0,32,8,2019,0
2019-08-06 03:00:00,146,3,1,0,32,8,2019,0
2019-08-06 06:00:00,265,6,1,0,32,8,2019,0
2019-08-06 09:00:00,232,9,1,0,32,8,2019,0
2019-08-06 12:00:00,417,12,1,0,32,8,2019,0
2019-08-06 15:00:00,329,15,1,0,32,8,2019,0
2019-08-06 18:00:00,253,18,1,0,32,8,2019,0
2019-08-06 21:00:00,42,21,1,0,32,8,2019,0
2019-08-07 03:00:00,143,3,2,0,32,8,2019,0
2019-08-07 06:00:00,261,6,2,0,32,8,2019,0
2019-08-07 09:00:00,247,9,2,0,32,8,2019,0
2019-08-07 12:00:00,502,12,2,0,32,8,2019,0
2019-08-07 15:00:00,404,15,2,0,32,8,2019,0
2019-08-07 18:00:00,222,18,2,0,32,8,2019,0
2019-08-07 21:00:00,31,21,2,0,32,8,2019,0
2019-08-08 03:00:00,146,3,3,0,32,8,2019,0
2019-08-08 06:00:00,287,6,3,0,32,8,2019,0
2019-08-08 09:00:00,275,9,3,0,32,8,2019,0
2019-08-08 12:00:00,418,12,3,0,32,8,2019,0
2019-08-08 15:00:00,344,15,3,0,32,8,2019,0
2019-08-08 18:00:00,215,18,3,0,32,8,2019,0
2019-08-08 21:00:00,24,21,3,0,32,8,2019,0
2019-08-09 03:00:00,157,3,4,0,32,8,2019,0
2019-08-09 06:00:00,250,6,4,0,32,8,2019,0
2019-08-09 09:00:00,298,9,4,0,32,8,2019,0
2019-08-09 12:00:00,516,12,4,0,32,8,2019,0
2019-08-09 15:00:00,393,15,4,0,32,8,2019,0
2019-08-09 18:00:00,246,18,4,0,32,8,2019,0
2019-08-09 21:00:00,92,21,4,0,32,8,2019,0
2019-08-10 03:00:00,35,3,5,1,32,8,2019,0
2019-08-10 06:00:00,151,6,5,1,32,8,2019,0
2019-08-10 09:00:00,443,9,5,1,32,8,2019,0
2019-08-10 12:00:00,474,12,5,1,32,8,2019,0
2019-08-10 15:00:00,436,15,5,1,32,8,2019,0
2019-08-10 18:00:00,247,18,5,1,32,8,2019,0
2019-08-10 21:00:00,110,21,5,1,32,8,2019,0
2019-08-11 03:00:00,44,3,6,1,32,8,2019,0
2019-08-11 06:00:00,113,6,6,1,32,8,2019,0
2019-08-11 09:00:00,367,9,6,1,32,8,2019,0
2019-08-11 12:00:00,409,12,6,1,32,8,2019,0
2019-08-11 15:00:00,298,15,6,1,32,8,2019,0
2019-08-11 18:00:00,228,18,6,1,32,8,2019,0
2019-08-11 21:00:00,39,21,6,1,32,8,2019,0
2019-08-12 03:00:00,116,3,0,0,33,8,2019,0
2019-08-12 06:00:00,141,6,0,0,33,8,2019,0
2019-08-12 09:00:00,254,9,0,0,33,8,2019,0
2019-08-12 12:00:00,342,12,0,0,33,8,2019,0
2019-08-12 15:00:00,207,15,0,0,33,8,2019,0
2019-08-12 18:00:00,93,18,0,0,33,8,2019,0
2019-08-12 21:00:00,37,21,0,0,33,8,2019,0
2019-08-13 03:00:00,115,3,1,0,33,8,2019,0
2019-08-13 06:00:00,191,6,1,0,33,8,2019,0
2019-08-13 09:00:00,189,9,1,0,33,8,2019,0
2019-08-13 12:00:00,534,12,1,0,33,8,2019,0
2019-08-13 15:00:00,414,15,1,0,33,8,2019,0
2019-08-13 18:00:00,225,18,1,0,33,8,2019,0
2019-08-13 21:00:00,31,21,1,0,33,8,2019,0
2019-08-14 03:00:00,151,3,2,0,33,8,2019,0
2019-08-14 06:00:00,343,6,2,0,33,8,2019,0
2019-08-14 09:00:00,360,9,2,0,33,8,2019,0
2019-08-14 12:00:00,650,12,2,0,33,8,2019,0
2019-08-14 15:00:00,481,15,2,0,33,8,2019,0
2019-08-14 18:00:00,255,18,2,0,33,8,2019,0
2019-08-14 21:00:00,62,21,2,0,33,8,2019,0
2019-08-15 03:00:00,183,3,3,0,33,8,2019,0
2019-08-15 06:00:00,364,6,3,0,33,8,2019,0
2019-08-15 09:00:00,421,9,3,0,33,8,2019,0
2019-08-15 12:00:00,736,12,3,0,33,8,2019,0
2019-08-15 15:00:00,459,15,3,0,33,8,2019,0
2019-08-15 18:00:00,310,18,3,0,33,8,2019,0
2019-08-15 21:00:00,81,21,3,0,33,8,2019,0
2019-08-16 00:00:00,1,0,4,0,33,8,2019,0
2019-08-16 03:00:00,137,3,4,0,33,8,2019,0
2019-08-16 06:00:00,290,6,4,0,33,8,2019,0
2019-08-16 09:00:00,363,9,4,0,33,8,2019,0
2019-08-16 12:00:00,782,12,4,0,33,8,2019,0
2019-08-16 15:00:00,468,15,4,0,33,8,2019,0
2019-08-16 18:00:00,304,18,4,0,33,8,2019,0
2019-08-16 21:00:00,91,21,4,0,33,8,2019,0
2019-08-17 00:00:00,1,0,5,1,33,8,2019,0
2019-08-17 03:00:00,40,3,5,1,33,8,2019,0
2019-08-17 06:00:00,121,6,5,1,33,8,2019,0
2019-08-17 09:00:00,413,9,5,1,33,8,2019,0
2019-08-17 12:00:00,360,12,5,1,33,8,2019,0
2019-08-17 15:00:00,364,15,5,1,33,8,2019,0
2019-08-17 18:00:00,262,18,5,1,33,8,2019,0
2019-08-17 21:00:00,86,21,5,1,33,8,2019,0
2019-08-18 00:00:00,1,0,6,1,33,8,2019,0
2019-08-18 03:00:00,37,3,6,1,33,8,2019,0
2019-08-18 06:00:00,71,6,6,1,33,8,2019,0
2019-08-18 09:00:00,286,9,6,1,33,8,2019,0
2019-08-18 12:00:00,532,12,6,1,33,8,2019,0
2019-08-18 15:00:00,529,15,6,1,33,8,2019,0
2019-08-18 18:00:00,376,18,6,1,33,8,2019,0
2019-08-18 21:00:00,56,21,6,1,33,8,2019,0
2019-08-19 03:00:00,210,3,0,0,34,8,2019,0
2019-08-19 06:00:00,438,6,0,0,34,8,2019,0
2019-08-19 09:00:00,519,9,0,0,34,8,2019,0
2019-08-19 12:00:00,614,12,0,0,34,8,2019,0
2019-08-19 15:00:00,469,15,0,0,34,8,2019,0
2019-08-19 18:00:00,308,18,0,0,34,8,2019,0
2019-08-19 21:00:00,72,21,0,0,34,8,2019,0
2019-08-20 03:00:00,245,3,1,0,34,8,2019,0
2019-08-20 06:00:00,454,6,1,0,34,8,2019,0
2019-08-20 09:00:00,537,9,1,0,34,8,2019,0
2019-08-20 12:00:00,748,12,1,0,34,8,2019,0
2019-08-20 15:00:00,516,15,1,0,34,8,2019,0
2019-08-20 18:00:00,278,18,1,0,34,8,2019,0
2019-08-20 21:00:00,50,21,1,0,34,8,2019,0
2019-08-21 03:00:00,215,3,2,0,34,8,2019,0
2019-08-21 06:00:00,470,6,2,0,34,8,2019,0
2019-08-21 09:00:00,490,9,2,0,34,8,2019,0
2019-08-21 12:00:00,879,12,2,0,34,8,2019,0
2019-08-21 15:00:00,706,15,2,0,34,8,2019,0
2019-08-21 18:00:00,336,18,2,0,34,8,2019,0
2019-08-21 21:00:00,85,21,2,0,34,8,2019,0
2019-08-22 03:00:00,199,3,3,0,34,8,2019,0
2019-08-22 06:00:00,493,6,3,0,34,8,2019,0
2019-08-22 09:00:00,596,9,3,0,34,8,2019,0
2019-08-22 12:00:00,910,12,3,0,34,8,2019,0
2019-08-22 15:00:00,612,15,3,0,34,8,2019,0
2019-08-22 18:00:00,319,18,3,0,34,8,2019,0
2019-08-22 21:00:00,51,21,3,0,34,8,2019,0
2019-08-23 03:00:00,170,3,4,0,34,8,2019,0
2019-08-23 06:00:00,420,6,4,0,34,8,2019,0
2019-08-23 09:00:00,516,9,4,0,34,8,2019,0
2019-08-23 12:00:00,804,12,4,0,34,8,2019,0
2019-08-23 15:00:00,589,15,4,0,34,8,2019,0
2019-08-23 18:00:00,317,18,4,0,34,8,2019,0
2019-08-23 21:00:00,100,21,4,0,34,8,2019,0
2019-08-24 03:00:00,47,3,5,1,34,8,2019,0
2019-08-24 06:00:00,171,6,5,1,34,8,2019,0
2019-08-24 09:00:00,420,9,5,1,34,8,2019,0
2019-08-24 12:00:00,559,12,5,1,34,8,2019,0
2019-08-24 15:00:00,565,15,5,1,34,8,2019,0
2019-08-24 18:00:00,320,18,5,1,34,8,2019,0
2019-08-24 21:00:00,118,21,5,1,34,8,2019,0
2019-08-25 03:00:00,31,3,6,1,34,8,2019,0
2019-08-25 06:00:00,75,6,6,1,34,8,2019,0
2019-08-25 09:00:00,247,9,6,1,34,8,2019,0
2019-08-25 12:00:00,406,12,6,1,34,8,2019,0
2019-08-25 15:00:00,415,15,6,1,34,8,2019,0
2019-08-25 18:00:00,257,18,6,1,34,8,2019,0
2019-08-25 21:00:00,30,21,6,1,34,8,2019,0
2019-08-26 03:00:00,223,3,0,0,35,8,2019,0
2019-08-26 06:00:00,423,6,0,0,35,8,2019,0
2019-08-26 09:00:00,454,9,0,0,35,8,2019,0
2019-08-26 12:00:00,782,12,0,0,35,8,2019,0
2019-08-26 15:00:00,664,15,0,0,35,8,2019,0
2019-08-26 18:00:00,361,18,0,0,35,8,2019,0
2019-08-26 21:00:00,41,21,0,0,35,8,2019,0
2019-08-27 03:00:00,226,3,1,0,35,8,2019,0
2019-08-27 06:00:00,507,6,1,0,35,8,2019,0
2019-08-27 09:00:00,493,9,1,0,35,8,2019,0
2019-08-27 12:00:00,883,12,1,0,35,8,2019,0
2019-08-27 15:00:00,781,15,1,0,35,8,2019,0
2019-08-27 18:00:00,540,18,1,0,35,8,2019,0
2019-08-27 21:00:00,131,21,1,0,35,8,2019,0
2019-08-28 03:00:00,256,3,2,0,35,8,2019,0
2019-08-28 06:00:00,504,6,2,0,35,8,2019,0
2019-08-28 09:00:00,504,9,2,0,35,8,2019,0
2019-08-28 12:00:00,855,12,2,0,35,8,2019,0
2019-08-28 15:00:00,763,15,2,0,35,8,2019,0
2019-08-28 18:00:00,411,18,2,0,35,8,2019,0
2019-08-28 21:00:00,54,21,2,0,35,8,2019,0
2019-08-29 03:00:00,260,3,3,0,35,8,2019,0
2019-08-29 06:00:00,476,6,3,0,35,8,2019,0
2019-08-29 09:00:00,332,9,3,0,35,8,2019,0
2019-08-29 12:00:00,322,12,3,0,35,8,2019,0
2019-08-29 15:00:00,338,15,3,0,35,8,2019,0
2019-08-29 18:00:00,289,18,3,0,35,8,2019,0
2019-08-29 21:00:00,53,21,3,0,35,8,2019,0
2019-08-30 03:00:00,199,3,4,0,35,8,2019,0
2019-08-30 06:00:00,490,6,4,0,35,8,2019,0
2019-08-30 09:00:00,614,9,4,0,35,8,2019,0
2019-08-30 12:00:00,811,12,4,0,35,8,2019,0
2019-08-30 15:00:00,414,15,4,0,35,8,2019,0
2019-08-30 18:00:00,253,18,4,0,35,8,2019,0
2019-08-30 21:00:00,142,21,4,0,35,8,2019,0
2019-08-31 03:00:00,28,3,5,1,35,8,2019,0
2019-08-31 06:00:00,179,6,5,1,35,8,2019,0
2019-08-31 09:00:00,459,9,5,1,35,8,2019,0
2019-08-31 12:00:00,642,12,5,1,35,8,2019,0
2019-08-31 15:00:00,411,15,5,1,35,8,2019,0
2019-08-31 18:00:00,242,18,5,1,35,8,2019,0
2019-08-31 21:00:00,104,21,5,1,35,8,2019,0
2019-09-01 03:00:00,30,3,6,1,35,9,2019,0
2019-09-01 06:00:00,132,6,6,1,35,9,2019,0
2019-09-01 09:00:00,256,9,6,1,35,9,2019,0
2019-09-01 12:00:00,428,12,6,1,35,9,2019,0
2019-09-01 15:00:00,444,15,6,1,35,9,2019,0
2019-09-01 18:00:00,279,18,6,1,35,9,2019,0
2019-09-01 21:00:00,28,21,6,1,35,9,2019,0
2019-09-02 03:00:00,225,3,0,0,36,9,2019,0
2019-09-02 06:00:00,451,6,0,0,36,9,2019,0
2019-09-02 09:00:00,400,9,0,0,36,9,2019,0
2019-09-02 12:00:00,725,12,0,0,36,9,2019,0
2019-09-02 15:00:00,587,15,0,0,36,9,2019,0
2019-09-02 18:00:00,307,18,0,0,36,9,2019,0
2019-09-02 21:00:00,37,21,0,0,36,9,2019,0
2019-09-03 03:00:00,239,3,1,0,36,9,2019,0
2019-09-03 06:00:00,475,6,1,0,36,9,2019,0
2019-09-03 09:00:00,345,9,1,0,36,9,2019,0
2019-09-03 12:00:00,603,12,1,0,36,9,2019,0
2019-09-03 15:00:00,548,15,1,0,36,9,2019,0
2019-09-03 18:00:00,327,18,1,0,36,9,2019,0
2019-09-03 21:00:00,25,21,1,0,36,9,2019,0
2019-09-04 03:00:00,247,3,2,0,36,9,2019,0
2019-09-04 06:00:00,497,6,2,0,36,9,2019,0
2019-09-04 09:00:00,383,9,2,0,36,9,2019,0
2019-09-04 12:00:00,724,12,2,0,36,9,2019,0
2019-09-04 15:00:00,563,15,2,0,36,9,2019,0
2019-09-04 18:00:00,333,18,2,0,36,9,2019,0
2019-09-04 21:00:00,49,21,2,0,36,9,2019,0
2019-09-05 03:00:00,124,3,3,0,36,9,2019,0
2019-09-05 06:00:00,232,6,3,0,36,9,2019,0
2019-09-05 09:00:00,209,9,3,0,36,9,2019,0
2019-09-05 12:00:00,414,12,3,0,36,9,2019,0
2019-09-05 15:00:00,363,15,3,0,36,9,2019,0
2019-09-05 18:00:00,251,18,3,0,36,9,2019,0
2019-09-05 21:00:00,45,21,3,0,36,9,2019,0
2019-09-06 03:00:00,182,3,4,0,36,9,2019,0
2019-09-06 06:00:00,395,6,4,0,36,9,2019,0
2019-09-06 09:00:00,427,9,4,0,36,9,2019,0
2019-09-06 12:00:00,641,12,4,0,36,9,2019,0
2019-09-06 15:00:00,385,15,4,0,36,9,2019,0
2019-09-06 18:00:00,194,18,4,0,36,9,2019,0
2019-09-06 21:00:00,30,21,4,0,36,9,2019,0
2019-09-07 03:00:00,23,3,5,1,36,9,2019,0
2019-09-07 06:00:00,175,6,5,1,36,9,2019,0
2019-09-07 09:00:00,390,9,5,1,36,9,2019,0
2019-09-07 12:00:00,507,12,5,1,36,9,2019,0
2019-09-07 15:00:00,460,15,5,1,36,9,2019,0
2019-09-07 18:00:00,213,18,5,1,36,9,2019,0
2019-09-07 21:00:00,93,21,5,1,36,9,2019,0
2019-09-08 03:00:00,26,3,6,1,36,9,2019,0
2019-09-08 06:00:00,89,6,6,1,36,9,2019,0
2019-09-08 09:00:00,312,9,6,1,36,9,2019,0
2019-09-08 12:00:00,443,12,6,1,36,9,2019,0
2019-09-08 15:00:00,439,15,6,1,36,9,2019,0
2019-09-08 18:00:00,215,18,6,1,36,9,2019,0
2019-09-08 21:00:00,41,21,6,1,36,9,2019,0
2019-09-09 03:00:00,210,3,0,0,37,9,2019,0
2019-09-09 06:00:00,395,6,0,0,37,9,2019,0
2019-09-09 09:00:00,354,9,0,0,37,9,2019,0
2019-09-09 12:00:00,681,12,0,0,37,9,2019,0
2019-09-09 15:00:00,632,15,0,0,37,9,2019,0
2019-09-09 18:00:00,333,18,0,0,37,9,2019,0
2019-09-09 21:00:00,40,21,0,0,37,9,2019,0
2019-09-10 03:00:00,252,3,1,0,37,9,2019,0
2019-09-10 06:00:00,434,6,1,0,37,9,2019,0
2019-09-10 09:00:00,403,9,1,0,37,9,2019,0
2019-09-10 12:00:00,679,12,1,0,37,9,2019,0
2019-09-10 15:00:00,597,15,1,0,37,9,2019,0
2019-09-10 18:00:00,352,18,1,0,37,9,2019,0
2019-09-10 21:00:00,46,21,1,0,37,9,2019,0
2019-09-11 03:00:00,219,3,2,0,37,9,2019,0
2019-09-11 06:00:00,496,6,2,0,37,9,2019,0
2019-09-11 09:00:00,407,9,2,0,37,9,2019,0
2019-09-11 12:00:00,661,12,2,0,37,9,2019,0
2019-09-11 15:00:00,536,15,2,0,37,9,2019,0
2019-09-11 18:00:00,227,18,2,0,37,9,2019,0
2019-09-11 21:00:00,30,21,2,0,37,9,2019,0
2019-09-12 03:00:00,166,3,3,0,37,9,2019,0
2019-09-12 06:00:00,440,6,3,0,37,9,2019,0
2019-09-12 09:00:00,270,9,3,0,37,9,2019,0
2019-09-12 12:00:00,522,12,3,0,37,9,2019,0
2019-09-12 15:00:00,412,15,3,0,37,9,2019,0
2019-09-12 18:00:00,275,18,3,0,37,9,2019,0
2019-09-12 21:00:00,47,21,3,0,37,9,2019,0
2019-09-13 03:00:00,145,3,4,0,37,9,2019,0
2019-09-13 06:00:00,372,6,4,0,37,9,2019,0
2019-09-13 09:00:00,228,9,4,0,37,9,2019,0
2019-09-13 12:00:00,421,12,4,0,37,9,2019,0
2019-09-13 15:00:00,278,15,4,0,37,9,2019,0
2019-09-13 18:00:00,153,18,4,0,37,9,2019,0
2019-09-13 21:00:00,69,21,4,0,37,9,2019,0
2019-09-14 03:00:00,19,3,5,1,37,9,2019,0
2019-09-14 06:00:00,148,6,5,1,37,9,2019,0
2019-09-14 09:00:00,242,9,5,1,37,9,2019,0
2019-09-14 12:00:00,301,12,5,1,37,9,2019,0
2019-09-14 15:00:00,247,15,5,1,37,9,2019,0
2019-09-14 18:00:00,75,18,5,1,37,9,2019,0
2019-09-14 21:00:00,34,21,5,1,37,9,2019,0
2019-09-15 03:00:00,20,3,6,1,37,9,2019,0
2019-09-15 06:00:00,87,6,6,1,37,9,2019,0
2019-09-15 09:00:00,228,9,6,1,37,9,2019,0
2019-09-15 12:00:00,242,12,6,1,37,9,2019,0
2019-09-15 15:00:00,115,15,6,1,37,9,2019,0
2019-09-15 18:00:00,82,18,6,1,37,9,2019,0
2019-09-15 21:00:00,18,21,6,1,37,9,2019,0
2019-09-16 03:00:00,73,3,0,0,38,9,2019,0
2019-09-16 06:00:00,177,6,0,0,38,9,2019,0
2019-09-16 09:00:00,201,9,0,0,38,9,2019,0
2019-09-16 12:00:00,528,12,0,0,38,9,2019,0
2019-09-16 15:00:00,397,15,0,0,38,9,2019,0
2019-09-16 18:00:00,215,18,0,0,38,9,2019,0
2019-09-16 21:00:00,24,21,0,0,38,9,2019,0
2019-09-17 03:00:00,188,3,1,0,38,9,2019,0
2019-09-17 06:00:00,384,6,1,0,38,9,2019,0
2019-09-17 09:00:00,274,9,1,0,38,9,2019,0
2019-09-17 12:00:00,515,12,1,0,38,9,2019,0
2019-09-17 15:00:00,511,15,1,0,38,9,2019,0
2019-09-17 18:00:00,344,18,1,0,38,9,2019,0
2019-09-17 21:00:00,46,21,1,0,38,9,2019,0
2019-09-18 03:00:00,180,3,2,0,38,9,2019,0
2019-09-18 06:00:00,291,6,2,0,38,9,2019,0
2019-09-18 09:00:00,232,9,2,0,38,9,2019,0
2019-09-18 12:00:00,433,12,2,0,38,9,2019,0
2019-09-18 15:00:00,466,15,2,0,38,9,2019,0
2019-09-18 18:00:00,215,18,2,0,38,9,2019,0
2019-09-18 21:00:00,39,21,2,0,38,9,2019,0
2019-09-19 03:00:00,176,3,3,0,38,9,2019,0
2019-09-19 06:00:00,336,6,3,0,38,9,2019,0
2019-09-19 09:00:00,238,9,3,0,38,9,2019,0
2019-09-19 12:00:00,489,12,3,0,38,9,2019,0
2019-09-19 15:00:00,325,15,3,0,38,9,2019,0
2019-09-19 18:00:00,198,18,3,0,38,9,2019,0
2019-09-19 21:00:00,47,21,3,0,38,9,2019,0
2019-09-20 03:00:00,66,3,4,0,38,9,2019,0
2019-09-20 06:00:00,146,6,4,0,38,9,2019,0
2019-09-20 09:00:00,205,9,4,0,38,9,2019,0
2019-09-20 12:00:00,418,12,4,0,38,9,2019,0
2019-09-20 15:00:00,256,15,4,0,38,9,2019,0
2019-09-20 18:00:00,123,18,4,0,38,9,2019,0
2019-09-20 21:00:00,40,21,4,0,38,9,2019,0
2019-09-21 03:00:00,22,3,5,1,38,9,2019,0
2019-09-21 06:00:00,105,6,5,1,38,9,2019,0
2019-09-21 09:00:00,203,9,5,1,38,9,2019,0
2019-09-21 12:00:00,368,12,5,1,38,9,2019,0
2019-09-21 15:00:00,359,15,5,1,38,9,2019,0
2019-09-21 18:00:00,171,18,5,1,38,9,2019,0
2019-09-21 21:00:00,70,21,5,1,38,9,2019,0
2019-09-22 03:00:00,32,3,6,1,38,9,2019,0
2019-09-22 06:00:00,83,6,6,1,38,9,2019,0
2019-09-22 09:00:00,202,9,6,1,38,9,2019,0
2019-09-22 12:00:00,282,12,6,1,38,9,2019,0
2019-09-22 15:00:00,293,15,6,1,38,9,2019,0
2019-09-22 18:00:00,181,18,6,1,38,9,2019,0
2019-09-22 21:00:00,26,21,6,1,38,9,2019,0
2019-09-23 03:00:00,162,3,0,0,39,9,2019,0
2019-09-23 06:00:00,375,6,0,0,39,9,2019,0
2019-09-23 09:00:00,283,9,0,0,39,9,2019,0
2019-09-23 12:00:00,595,12,0,0,39,9,2019,0
2019-09-23 15:00:00,501,15,0,0,39,9,2019,0
2019-09-23 18:00:00,302,18,0,0,39,9,2019,0
2019-09-23 21:00:00,29,21,0,0,39,9,2019,0
2019-09-24 03:00:00,202,3,1,0,39,9,2019,0
2019-09-24 06:00:00,394,6,1,0,39,9,2019,0
2019-09-24 09:00:00,301,9,1,0,39,9,2019,0
2019-09-24 12:00:00,601,12,1,0,39,9,2019,0
2019-09-24 15:00:00,511,15,1,0,39,9,2019,0
2019-09-24 18:00:00,253,18,1,0,39,9,2019,0
2019-09-24 21:00:00,40,21,1,0,39,9,2019,0
2019-09-25 03:00:00,182,3,2,0,39,9,2019,0
2019-09-25 06:00:00,436,6,2,0,39,9,2019,0
2019-09-25 09:00:00,297,9,2,0,39,9,2019,0
2019-09-25 12:00:00,577,12,2,0,39,9,2019,0
2019-09-25 15:00:00,483,15,2,0,39,9,2019,0
2019-09-25 18:00:00,254,18,2,0,39,9,2019,0
2019-09-25 21:00:00,30,21,2,0,39,9,2019,0
2019-09-26 03:00:00,176,3,3,0,39,9,2019,0
2019-09-26 06:00:00,368,6,3,0,39,9,2019,0
2019-09-26 09:00:00,319,9,3,0,39,9,2019,0
2019-09-26 12:00:00,564,12,3,0,39,9,2019,0
2019-09-26 15:00:00,499,15,3,0,39,9,2019,0
2019-09-26 18:00:00,253,18,3,0,39,9,2019,0
2019-09-26 21:00:00,34,21,3,0,39,9,2019,0
2019-09-27 03:00:00,142,3,4,0,39,9,2019,0
2019-09-27 06:00:00,348,6,4,0,39,9,2019,0
2019-09-27 09:00:00,349,9,4,0,39,9,2019,0
2019-09-27 12:00:00,584,12,4,0,39,9,2019,0
2019-09-27 15:00:00,459,15,4,0,39,9,2019,0
2019-09-27 18:00:00,204,18,4,0,39,9,2019,0
2019-09-27 21:00:00,80,21,4,0,39,9,2019,0
2019-09-28 03:00:00,30,3,5,1,39,9,2019,0
2019-09-28 06:00:00,145,6,5,1,39,9,2019,0
2019-09-28 09:00:00,322,9,5,1,39,9,2019,0
2019-09-28 12:00:00,422,12,5,1,39,9,2019,0
2019-09-28 15:00:00,434,15,5,1,39,9,2019,0
2019-09-28 18:00:00,218,18,5,1,39,9,2019,0
2019-09-28 21:00:00,65,21,5,1,39,9,2019,0
2019-09-29 03:00:00,33,3,6,1,39,9,2019,0
2019-09-29 06:00:00,65,6,6,1,39,9,2019,0
2019-09-29 09:00:00,79,9,6,1,39,9,2019,0
2019-09-29 12:00:00,156,12,6,1,39,9,2019,0
2019-09-29 15:00:00,213,15,6,1,39,9,2019,0
2019-09-29 18:00:00,128,18,6,1,39,9,2019,0
2019-09-29 21:00:00,25,21,6,1,39,9,2019,0
2019-09-30 03:00:00,117,3,0,0,40,9,2019,0
2019-09-30 06:00:00,230,6,0,0,40,9,2019,0
2019-09-30 09:00:00,226,9,0,0,40,9,2019,0
2019-09-30 12:00:00,492,12,0,0,40,9,2019,0
2019-09-30 15:00:00,374,15,0,0,40,9,2019,0
2019-09-30 18:00:00,242,18,0,0,40,9,2019,0
2019-09-30 21:00:00,23,21,0,0,40,9,2019,0
2019-10-01 03:00:00,173,3,1,0,40,10,2019,0
2019-10-01 06:00:00,308,6,1,0,40,10,2019,0
2019-10-01 09:00:00,269,9,1,0,40,10,2019,0
2019-10-01 12:00:00,259,12,1,0,40,10,2019,0
2019-10-01 15:00:00,214,15,1,0,40,10,2019,0
2019-10-01 18:00:00,156,18,1,0,40,10,2019,0
2019-10-01 21:00:00,29,21,1,0,40,10,2019,0
2019-10-02 03:00:00,144,3,2,0,40,10,2019,0
2019-10-02 06:00:00,398,6,2,0,40,10,2019,0
2019-10-02 09:00:00,252,9,2,0,40,10,2019,0
2019-10-02 12:00:00,582,12,2,0,40,10,2019,0
2019-10-02 15:00:00,322,15,2,0,40,10,2019,0
2019-10-02 18:00:00,157,18,2,0,40,10,2019,0
2019-10-02 21:00:00,32,21,2,0,40,10,2019,0
2019-10-03 03:00:00,153,3,3,0,40,10,2019,0
2019-10-03 06:00:00,298,6,3,0,40,10,2019,0
2019-10-03 09:00:00,217,9,3,0,40,10,2019,0
2019-10-03 12:00:00,498,12,3,0,40,10,2019,0
2019-10-03 15:00:00,426,15,3,0,40,10,2019,0
2019-10-03 18:00:00,269,18,3,0,40,10,2019,0
2019-10-03 21:00:00,32,21,3,0,40,10,2019,0
2019-10-04 03:00:00,160,3,4,0,40,10,2019,0
2019-10-04 06:00:00,333,6,4,0,40,10,2019,0
2019-10-04 09:00:00,342,9,4,0,40,10,2019,0
2019-10-04 12:00:00,539,12,4,0,40,10,2019,0
2019-10-04 15:00:00,377,15,4,0,40,10,2019,0
2019-10-04 18:00:00,183,18,4,0,40,10,2019,0
2019-10-04 21:00:00,63,21,4,0,40,10,2019,0
2019-10-05 03:00:00,22,3,5,1,40,10,2019,0
2019-10-05 06:00:00,133,6,5,1,40,10,2019,0
2019-10-05 09:00:00,314,9,5,1,40,10,2019,0
2019-10-05 12:00:00,394,12,5,1,40,10,2019,0
2019-10-05 15:00:00,310,15,5,1,40,10,2019,0
2019-10-05 18:00:00,163,18,5,1,40,10,2019,0
2019-10-05 21:00:00,48,21,5,1,40,10,2019,0
2019-10-06 03:00:00,26,3,6,1,40,10,2019,0
2019-10-06 06:00:00,86,6,6,1,40,10,2019,0
2019-10-06 09:00:00,216,9,6,1,40,10,2019,0
2019-10-06 12:00:00,292,12,6,1,40,10,2019,0
2019-10-06 15:00:00,236,15,6,1,40,10,2019,0
2019-10-06 18:00:00,160,18,6,1,40,10,2019,0
2019-10-06 21:00:00,20,21,6,1,40,10,2019,0
2019-10-07 03:00:00,111,3,0,0,41,10,2019,0
2019-10-07 06:00:00,354,6,0,0,41,10,2019,0
2019-10-07 09:00:00,221,9,0,0,41,10,2019,0
2019-10-07 12:00:00,399,12,0,0,41,10,2019,0
2019-10-07 15:00:00,317,15,0,0,41,10,2019,0
2019-10-07 18:00:00,178,18,0,0,41,10,2019,0
2019-10-07 21:00:00,21,21,0,0,41,10,2019,0
2019-10-08 03:00:00,131,3,1,0,41,10,2019,0
2019-10-08 06:00:00,350,6,1,0,41,10,2019,0
2019-10-08 09:00:00,240,9,1,0,41,10,2019,0
2019-10-08 12:00:00,456,12,1,0,41,10,2019,0
2019-10-08 15:00:00,408,15,1,0,41,10,2019,0
2019-10-08 18:00:00,218,18,1,0,41,10,2019,0
2019-10-08 21:00:00,34,21,1,0,41,10,2019,0
2019-10-09 03:00:00,128,3,2,0,41,10,2019,0
2019-10-09 06:00:00,313,6,2,0,41,10,2019,0
2019-10-09 09:00:00,246,9,2,0,41,10,2019,0
2019-10-09 12:00:00,428,12,2,0,41,10,2019,0
2019-10-09 15:00:00,365,15,2,0,41,10,2019,0
2019-10-09 18:00:00,214,18,2,0,41,10,2019,0
2019-10-09 21:00:00,52,21,2,0,41,10,2019,0
2019-10-10 03:00:00,135,3,3,0,41,10,2019,0
2019-10-10 06:00:00,312,6,3,0,41,10,2019,0
2019-10-10 09:00:00,245,9,3,0,41,10,2019,0
2019-10-10 12:00:00,501,12,3,0,41,10,2019,0
2019-10-10 15:00:00,358,15,3,0,41,10,2019,0
2019-10-10 18:00:00,172,18,3,0,41,10,2019,0
2019-10-10 21:00:00,30,21,3,0,41,10,2019,0
2019-10-11 03:00:00,84,3,4,0,41,10,2019,0
2019-10-11 06:00:00,300,6,4,0,41,10,2019,0
2019-10-11 09:00:00,244,9,4,0,41,10,2019,0
2019-10-11 12:00:00,461,12,4,0,41,10,2019,0
2019-10-11 15:00:00,303,15,4,0,41,10,2019,0
2019-10-11 18:00:00,142,18,4,0,41,10,2019,0
2019-10-11 21:00:00,29,21,4,0,41,10,2019,0
2019-10-12 03:00:00,16,3,5,1,41,10,2019,0
2019-10-12 06:00:00,121,6,5,1,41,10,2019,0
2019-10-12 09:00:00,264,9,5,1,41,10,2019,0
2019-10-12 12:00:00,293,12,5,1,41,10,2019,0
2019-10-12 15:00:00,294,15,5,1,41,10,2019,0
2019-10-12 18:00:00,150,18,5,1,41,10,2019,0
2019-10-12 21:00:00,65,21,5,1,41,10,2019,0
2019-10-13 03:00:00,36,3,6,1,41,10,2019,0
2019-10-13 06:00:00,64,6,6,1,41,10,2019,0
2019-10-13 09:00:00,204,9,6,1,41,10,2019,0
2019-10-13 12:00:00,261,12,6,1,41,10,2019,0
2019-10-13 15:00:00,249,15,6,1,41,10,2019,0
2019-10-13 18:00:00,157,18,6,1,41,10,2019,0
2019-10-13 21:00:00,26,21,6,1,41,10,2019,0
2019-10-14 03:00:00,115,3,0,0,42,10,2019,0
2019-10-14 06:00:00,260,6,0,0,42,10,2019,0
2019-10-14 09:00:00,227,9,0,0,42,10,2019,0
2019-10-14 12:00:00,464,12,0,0,42,10,2019,0
2019-10-14 15:00:00,370,15,0,0,42,10,2019,0
2019-10-14 18:00:00,193,18,0,0,42,10,2019,0
2019-10-14 21:00:00,35,21,0,0,42,10,2019,0
2019-10-15 03:00:00,123,3,1,0,42,10,2019,0
2019-10-15 06:00:00,297,6,1,0,42,10,2019,0
2019-10-15 09:00:00,213,9,1,0,42,10,2019,0
2019-10-15 12:00:00,426,12,1,0,42,10,2019,0
2019-10-15 15:00:00,352,15,1,0,42,10,2019,0
2019-10-15 18:00:00,195,18,1,0,42,10,2019,0
2019-10-15 21:00:00,32,21,1,0,42,10,2019,0
2019-10-16 03:00:00,116,3,2,0,42,10,2019,0
2019-10-16 06:00:00,316,6,2,0,42,10,2019,0
2019-10-16 09:00:00,231,9,2,0,42,10,2019,0
2019-10-16 12:00:00,458,12,2,0,42,10,2019,0
2019-10-16 15:00:00,332,15,2,0,42,10,2019,0
2019-10-16 18:00:00,167,18,2,0,42,10,2019,0
2019-10-16 21:00:00,19,21,2,0,42,10,2019,0
2019-10-17 03:00:00,115,3,3,0,42,10,2019,0
2019-10-17 06:00:00,300,6,3,0,42,10,2019,0
2019-10-17 09:00:00,247,9,3,0,42,10,2019,0
2019-10-17 12:00:00,488,12,3,0,42,10,2019,0
2019-10-17 15:00:00,418,15,3,0,42,10,2019,0
2019-10-17 18:00:00,224,18,3,0,42,10,2019,0
2019-10-17 21:00:00,40,21,3,0,42,10,2019,0
2019-10-18 03:00:00,116,3,4,0,42,10,2019,0
2019-10-18 06:00:00,315,6,4,0,42,10,2019,0
2019-10-18 09:00:00,269,9,4,0,42,10,2019,0
2019-10-18 12:00:00,484,12,4,0,42,10,2019,0
2019-10-18 15:00:00,314,15,4,0,42,10,2019,0
2019-10-18 18:00:00,188,18,4,0,42,10,2019,0
2019-10-18 21:00:00,50,21,4,0,42,10,2019,0
2019-10-19 03:00:00,21,3,5,1,42,10,2019,0
2019-10-19 06:00:00,118,6,5,1,42,10,2019,0
2019-10-19 09:00:00,261,9,5,1,42,10,2019,0
2019-10-19 12:00:00,312,12,5,1,42,10,2019,0
2019-10-19 15:00:00,289,15,5,1,42,10,2019,0
2019-10-19 18:00:00,134,18,5,1,42,10,2019,0
2019-10-19 21:00:00,41,21,5,1,42,10,2019,0
2019-10-20 03:00:00,33,3,6,1,42,10,2019,0
2019-10-20 06:00:00,75,6,6,1,42,10,2019,0
2019-10-20 09:00:00,261,9,6,1,42,10,2019,0
2019-10-20 12:00:00,346,12,6,1,42,10,2019,0
2019-10-20 15:00:00,242,15,6,1,42,10,2019,0
2019-10-20 18:00:00,148,18,6,1,42,10,2019,0
2019-10-20 21:00:00,27,21,6,1,42,10,2019,0
2019-10-21 03:00:00,118,3,0,0,43,10,2019,0
2019-10-21 06:00:00,306,6,0,0,43,10,2019,0
2019-10-21 09:00:00,216,9,0,0,43,10,2019,0
2019-10-21 12:00:00,462,12,0,0,43,10,2019,0
2019-10-21 15:00:00,343,15,0,0,43,10,2019,0
2019-10-21 18:00:00,198,18,0,0,43,10,2019,0
2019-10-21 21:00:00,23,21,0,0,43,10,2019,0
2019-10-22 03:00:00,133,3,1,0,43,10,2019,0
2019-10-22 06:00:00,320,6,1,0,43,10,2019,0
2019-10-22 09:00:00,250,9,1,0,43,10,2019,0
2019-10-22 12:00:00,433,12,1,0,43,10,2019,0
2019-10-22 15:00:00,251,15,1,0,43,10,2019,0
2019-10-22 18:00:00,158,18,1,0,43,10,2019,0
2019-10-22 21:00:00,26,21,1,0,43,10,2019,0
2019-10-23 03:00:00,112,3,2,0,43,10,2019,0
2019-10-23 06:00:00,279,6,2,0,43,10,2019,0
2019-10-23 09:00:00,232,9,2,0,43,10,2019,0
2019-10-23 12:00:00,447,12,2,0,43,10,2019,0
2019-10-23 15:00:00,322,15,2,0,43,10,2019,0
2019-10-23 18:00:00,160,18,2,0,43,10,2019,0
2019-10-23 21:00:00,26,21,2,0,43,10,2019,0
2019-10-24 03:00:00,116,3,3,0,43,10,2019,0
2019-10-24 06:00:00,269,6,3,0,43,10,2019,0
2019-10-24 09:00:00,230,9,3,0,43,10,2019,0
2019-10-24 12:00:00,403,12,3,0,43,10,2019,0
2019-10-24 15:00:00,367,15,3,0,43,10,2019,0
2019-10-24 18:00:00,186,18,3,0,43,10,2019,0
2019-10-24 21:00:00,27,21,3,0,43,10,2019,0
2019-10-25 03:00:00,99,3,4,0,43,10,2019,0
2019-10-25 06:00:00,167,6,4,0,43,10,2019,0
2019-10-25 09:00:00,89,9,4,0,43,10,2019,0
2019-10-25 12:00:00,282,12,4,0,43,10,2019,0
2019-10-25 15:00:00,260,15,4,0,43,10,2019,0
2019-10-25 18:00:00,136,18,4,0,43,10,2019,0
2019-10-25 21:00:00,35,21,4,0,43,10,2019,0
2019-10-26 03:00:00,15,3,5,1,43,10,2019,0
2019-10-26 06:00:00,89,6,5,1,43,10,2019,0
2019-10-26 09:00:00,251,9,5,1,43,10,2019,0
2019-10-26 12:00:00,341,12,5,1,43,10,2019,0
2019-10-26 15:00:00,208,15,5,1,43,10,2019,0
2019-10-26 18:00:00,107,18,5,1,43,10,2019,0
2019-10-26 21:00:00,37,21,5,1,43,10,2019,0
2019-10-27 03:00:00,6,3,6,1,43,10,2019,0
2019-10-27 06:00:00,35,6,6,1,43,10,2019,0
2019-10-27 09:00:00,80,9,6,1,43,10,2019,0
2019-10-27 12:00:00,139,12,6,1,43,10,2019,0
2019-10-27 15:00:00,157,15,6,1,43,10,2019,0
2019-10-27 18:00:00,121,18,6,1,43,10,2019,0
2019-10-27 21:00:00,61,21,6,1,43,10,2019,0
2019-10-28 03:00:00,11,3,0,0,44,10,2019,0
2019-10-28 06:00:00,230,6,0,0,44,10,2019,0
2019-10-28 09:00:00,119,9,0,0,44,10,2019,0
2019-10-28 12:00:00,213,12,0,0,44,10,2019,0
2019-10-28 15:00:00,280,15,0,0,44,10,2019,0
2019-10-28 18:00:00,208,18,0,0,44,10,2019,0
2019-10-28 21:00:00,64,21,0,0,44,10,2019,0
2019-10-29 03:00:00,15,3,1,0,44,10,2019,0
2019-10-29 06:00:00,278,6,1,0,44,10,2019,0
2019-10-29 09:00:00,178,9,1,0,44,10,2019,0
2019-10-29 12:00:00,208,12,1,0,44,10,2019,0
2019-10-29 15:00:00,325,15,1,0,44,10,2019,0
2019-10-29 18:00:00,216,18,1,0,44,10,2019,0
2019-10-29 21:00:00,48,21,1,0,44,10,2019,0
2019-10-30 03:00:00,17,3,2,0,44,10,2019,0
2019-10-30 06:00:00,305,6,2,0,44,10,2019,0
2019-10-30 09:00:00,192,9,2,0,44,10,2019,0
2019-10-30 12:00:00,173,12,2,0,44,10,2019,0
2019-10-30 15:00:00,223,15,2,0,44,10,2019,0
2019-10-30 18:00:00,116,18,2,0,44,10,2019,0
2019-10-30 21:00:00,29,21,2,0,44,10,2019,0
2019-10-31 03:00:00,22,3,3,0,44,10,2019,0
2019-10-31 06:00:00,236,6,3,0,44,10,2019,0
2019-10-31 09:00:00,132,9,3,0,44,10,2019,0
2019-10-31 12:00:00,214,12,3,0,44,10,2019,0
2019-10-31 15:00:00,301,15,3,0,44,10,2019,0
2019-10-31 18:00:00,154,18,3,0,44,10,2019,0
2019-10-31 21:00:00,58,21,3,0,44,10,2019,0
2019-11-01 03:00:00,19,3,4,0,44,11,2019,1
2019-11-01 06:00:00,277,6,4,0,44,11,2019,1
2019-11-01 09:00:00,223,9,4,0,44,11,2019,1
2019-11-01 12:00:00,271,12,4,0,44,11,2019,1
2019-11-01 15:00:00,299,15,4,0,44,11,2019,1
2019-11-01 18:00:00,133,18,4,0,44,11,2019,1
2019-11-01 21:00:00,62,21,4,0,44,11,2019,1
2019-11-02 03:00:00,6,3,5,1,44,11,2019,1
2019-11-02 06:00:00,69,6,5,1,44,11,2019,1
2019-11-02 09:00:00,152,9,5,1,44,11,2019,1
2019-11-02 12:00:00,196,12,5,1,44,11,2019,1
2019-11-02 15:00:00,227,15,5,1,44,11,2019,1
2019-11-02 18:00:00,129,18,5,1,44,11,2019,1
2019-11-02 21:00:00,42,21,5,1,44,11,2019,1
2019-11-03 03:00:00,3,3,6,1,44,11,2019,1
2019-11-03 06:00:00,33,6,6,1,44,11,2019,1
2019-11-03 09:00:00,92,9,6,1,44,11,2019,1
2019-11-03 12:00:00,156,12,6,1,44,11,2019,1
2019-11-03 15:00:00,133,15,6,1,44,11,2019,1
2019-11-03 18:00:00,95,18,6,1,44,11,2019,1
2019-11-03 21:00:00,35,21,6,1,44,11,2019,1
2019-11-04 03:00:00,14,3,0,0,45,11,2019,1
2019-11-04 06:00:00,188,6,0,0,45,11,2019,1
2019-11-04 09:00:00,145,9,0,0,45,11,2019,1
2019-11-04 12:00:00,179,12,0,0,45,11,2019,1
2019-11-04 15:00:00,222,15,0,0,45,11,2019,1
2019-11-04 18:00:00,136,18,0,0,45,11,2019,1
2019-11-04 21:00:00,49,21,0,0,45,11,2019,1
2019-11-05 03:00:00,19,3,1,0,45,11,2019,1
2019-11-05 06:00:00,201,6,1,0,45,11,2019,1
2019-11-05 09:00:00,104,9,1,0,45,11,2019,1
2019-11-05 12:00:00,171,12,1,0,45,11,2019,1
2019-11-05 15:00:00,216,15,1,0,45,11,2019,1
2019-11-05 18:00:00,111,18,1,0,45,11,2019,1
2019-11-05 21:00:00,42,21,1,0,45,11,2019,1
2019-11-06 03:00:00,10,3,2,0,45,11,2019,1
2019-11-06 06:00:00,193,6,2,0,45,11,2019,1
2019-11-06 09:00:00,145,9,2,0,45,11,2019,1
2019-11-06 12:00:00,160,12,2,0,45,11,2019,1
2019-11-06 15:00:00,239,15,2,0,45,11,2019,1
2019-11-06 18:00:00,133,18,2,0,45,11,2019,1
2019-11-06 21:00:00,51,21,2,0,45,11,2019,1
2019-11-07 03:00:00,12,3,3,0,45,11,2019,1
2019-11-07 06:00:00,237,6,3,0,45,11,2019,1
2019-11-07 09:00:00,137,9,3,0,45,11,2019,1
2019-11-07 12:00:00,198,12,3,0,45,11,2019,1
2019-11-07 15:00:00,254,15,3,0,45,11,2019,1
2019-11-07 18:00:00,121,18,3,0,45,11,2019,1
2019-11-07 21:00:00,36,21,3,0,45,11,2019,1
2019-11-08 03:00:00,14,3,4,0,45,11,2019,1
2019-11-08 06:00:00,198,6,4,0,45,11,2019,1
2019-11-08 09:00:00,135,9,4,0,45,11,2019,1
2019-11-08 12:00:00,186,12,4,0,45,11,2019,1
2019-11-08 15:00:00,252,15,4,0,45,11,2019,1
2019-11-08 18:00:00,106,18,4,0,45,11,2019,1
2019-11-08 21:00:00,46,21,4,0,45,11,2019,1
2019-11-09 03:00:00,3,3,5,1,45,11,2019,1
2019-11-09 06:00:00,32,6,5,1,45,11,2019,1
2019-11-09 09:00:00,116,9,5,1,45,11,2019,1
2019-11-09 12:00:00,165,12,5,1,45,11,2019,1
2019-11-09 15:00:00,149,15,5,1,45,11,2019,1
2019-11-09 18:00:00,80,18,5,1,45,11,2019,1
2019-11-09 21:00:00,30,21,5,1,45,11,2019,1
2019-11-10 00:00:00,1,0,6,1,45,11,2019,1
2019-11-10 03:00:00,6,3,6,1,45,11,2019,1
2019-11-10 06:00:00,28,6,6,1,45,11,2019,1
2019-11-10 09:00:00,57,9,6,1,45,11,2019,1
2019-11-10 12:00:00,70,12,6,1,45,11,2019,1
2019-11-10 15:00:00,60,15,6,1,45,11,2019,1
2019-11-10 18:00:00,28,18,6,1,45,11,2019,1
2019-11-10 21:00:00,10,21,6,1,45,11,2019,1
2019-11-11 03:00:00,6,3,0,0,46,11,2019,1
2019-11-11 06:00:00,78,6,0,0,46,11,2019,1
2019-11-11 09:00:00,49,9,0,0,46,11,2019,1
2019-11-11 12:00:00,79,12,0,0,46,11,2019,1
2019-11-11 15:00:00,119,15,0,0,46,11,2019,1
2019-11-11 18:00:00,70,18,0,0,46,11,2019,1
2019-11-11 21:00:00,28,21,0,0,46,11,2019,1
2019-11-12 03:00:00,7,3,1,0,46,11,2019,1
2019-11-12 06:00:00,98,6,1,0,46,11,2019,1
2019-11-12 09:00:00,59,9,1,0,46,11,2019,1
2019-11-12 12:00:00,90,12,1,0,46,11,2019,1
2019-11-12 15:00:00,137,15,1,0,46,11,2019,1
2019-11-12 18:00:00,69,18,1,0,46,11,2019,1
2019-11-12 21:00:00,30,21,1,0,46,11,2019,1
2019-11-13 03:00:00,7,3,2,0,46,11,2019,1
2019-11-13 06:00:00,113,6,2,0,46,11,2019,1
2019-11-13 09:00:00,99,9,2,0,46,11,2019,1
2019-11-13 12:00:00,94,12,2,0,46,11,2019,1
2019-11-13 15:00:00,127,15,2,0,46,11,2019,1
2019-11-13 18:00:00,80,18,2,0,46,11,2019,1
2019-11-13 21:00:00,29,21,2,0,46,11,2019,1
2019-11-14 03:00:00,11,3,3,0,46,11,2019,1
2019-11-14 06:00:00,128,6,3,0,46,11,2019,1
2019-11-14 09:00:00,77,9,3,0,46,11,2019,1
2019-11-14 12:00:00,105,12,3,0,46,11,2019,1
2019-11-14 15:00:00,128,15,3,0,46,11,2019,1
2019-11-14 18:00:00,82,18,3,0,46,11,2019,1
2019-11-14 21:00:00,30,21,3,0,46,11,2019,1
2019-11-15 03:00:00,10,3,4,0,46,11,2019,1
2019-11-15 06:00:00,117,6,4,0,46,11,2019,1
2019-11-15 09:00:00,80,9,4,0,46,11,2019,1
2019-11-15 12:00:00,103,12,4,0,46,11,2019,1
2019-11-15 15:00:00,146,15,4,0,46,11,2019,1
2019-11-15 18:00:00,66,18,4,0,46,11,2019,1
2019-11-15 21:00:00,38,21,4,0,46,11,2019,1
2019-11-16 03:00:00,4,3,5,1,46,11,2019,1
2019-11-16 06:00:00,33,6,5,1,46,11,2019,1
2019-11-16 09:00:00,53,9,5,1,46,11,2019,1
2019-11-16 12:00:00,77,12,5,1,46,11,2019,1
2019-11-16 15:00:00,110,15,5,1,46,11,2019,1
2019-11-16 18:00:00,51,18,5,1,46,11,2019,1
2019-11-16 21:00:00,31,21,5,1,46,11,2019,1
2019-11-17 03:00:00,7,3,6,1,46,11,2019,1
2019-11-17 06:00:00,38,6,6,1,46,11,2019,1
2019-11-17 09:00:00,77,9,6,1,46,11,2019,1
2019-11-17 12:00:00,68,12,6,1,46,11,2019,1
2019-11-17 15:00:00,104,15,6,1,46,11,2019,1
2019-11-17 18:00:00,56,18,6,1,46,11,2019,1
2019-11-17 21:00:00,29,21,6,1,46,11,2019,1
2019-11-18 03:00:00,9,3,0,0,47,11,2019,1
2019-11-18 06:00:00,117,6,0,0,47,11,2019,1
2019-11-18 09:00:00,95,9,0,0,47,11,2019,1
2019-11-18 12:00:00,87,12,0,0,47,11,2019,1
2019-11-18 15:00:00,133,15,0,0,47,11,2019,1
2019-11-18 18:00:00,71,18,0,0,47,11,2019,1
2019-11-18 21:00:00,18,21,0,0,47,11,2019,1
2019-11-19 03:00:00,9,3,1,0,47,11,2019,1
2019-11-19 06:00:00,104,6,1,0,47,11,2019,1
2019-11-19 09:00:00,41,9,1,0,47,11,2019,1
2019-11-19 12:00:00,67,12,1,0,47,11,2019,1
2019-11-19 15:00:00,91,15,1,0,47,11,2019,1
2019-11-19 18:00:00,35,18,1,0,47,11,2019,1
2019-11-19 21:00:00,23,21,1,0,47,11,2019,1
2019-11-20 03:00:00,5,3,2,0,47,11,2019,1
2019-11-20 06:00:00,96,6,2,0,47,11,2019,1
2019-11-20 09:00:00,18,9,2,0,47,11,2019,1
2020-05-26 21:00:00,10,21,1,0,22,5,2020,0
2020-05-27 03:00:00,21,3,2,0,22,5,2020,0
2020-05-27 06:00:00,27,6,2,0,22,5,2020,0
2020-05-27 09:00:00,32,9,2,0,22,5,2020,0
2020-05-27 12:00:00,61,12,2,0,22,5,2020,0
2020-05-27 15:00:00,37,15,2,0,22,5,2020,0
2020-05-27 18:00:00,22,18,2,0,22,5,2020,0
2020-05-27 21:00:00,3,21,2,0,22,5,2020,0
2020-05-28 03:00:00,11,3,3,0,22,5,2020,0
2020-05-28 06:00:00,30,6,3,0,22,5,2020,0
2020-05-28 09:00:00,32,9,3,0,22,5,2020,0
2020-05-28 12:00:00,37,12,3,0,22,5,2020,0
2020-05-28 15:00:00,37,15,3,0,22,5,2020,0
2020-05-28 18:00:00,13,18,3,0,22,5,2020,0
2020-05-28 21:00:00,4,21,3,0,22,5,2020,0
2020-05-29 03:00:00,17,3,4,0,22,5,2020,0
2020-05-29 06:00:00,24,6,4,0,22,5,2020,0
2020-05-29 09:00:00,37,9,4,0,22,5,2020,0
2020-05-29 12:00:00,45,12,4,0,22,5,2020,0
2020-05-29 15:00:00,35,15,4,0,22,5,2020,0
2020-05-29 18:00:00,15,18,4,0,22,5,2020,0
2020-05-29 21:00:00,1,21,4,0,22,5,2020,0
2020-05-30 06:00:00,19,6,5,1,22,5,2020,0
2020-05-30 09:00:00,68,9,5,1,22,5,2020,0
2020-05-30 12:00:00,79,12,5,1,22,5,2020,0
2020-05-30 15:00:00,56,15,5,1,22,5,2020,0
2020-05-30 18:00:00,45,18,5,1,22,5,2020,0
2020-05-30 21:00:00,5,21,5,1,22,5,2020,0
2020-05-31 03:00:00,4,3,6,1,22,5,2020,0
2020-05-31 06:00:00,20,6,6,1,22,5,2020,0
2020-05-31 09:00:00,52,9,6,1,22,5,2020,0
2020-05-31 12:00:00,76,12,6,1,22,5,2020,0
2020-05-31 15:00:00,59,15,6,1,22,5,2020,0
2020-05-31 18:00:00,46,18,6,1,22,5,2020,0
2020-05-31 21:00:00,7,21,6,1,22,5,2020,0
2020-06-01 03:00:00,5,3,0,0,23,6,2020,0
2020-06-01 06:00:00,14,6,0,0,23,6,2020,0
2020-06-01 09:00:00,44,9,0,0,23,6,2020,0
2020-06-01 12:00:00,74,12,0,0,23,6,2020,0
2020-06-01 15:00:00,60,15,0,0,23,6,2020,0
2020-06-01 18:00:00,24,18,0,0,23,6,2020,0
2020-06-01 21:00:00,3,21,0,0,23,6,2020,0
2020-06-02 03:00:00,29,3,1,0,23,6,2020,0
2020-06-02 06:00:00,31,6,1,0,23,6,2020,0
2020-06-02 09:00:00,35,9,1,0,23,6,2020,0
2020-06-02 12:00:00,64,12,1,0,23,6,2020,0
2020-06-02 15:00:00,57,15,1,0,23,6,2020,0
2020-06-02 18:00:00,36,18,1,0,23,6,2020,0
2020-06-02 21:00:00,4,21,1,0,23,6,2020,0
2020-06-03 03:00:00,12,3,2,0,23,6,2020,0
2020-06-03 06:00:00,27,6,2,0,23,6,2020,0
2020-06-03 09:00:00,6,9,2,0,23,6,2020,0
2020-06-03 12:00:00,43,12,2,0,23,6,2020,0
2020-06-03 15:00:00,27,15,2,0,23,6,2020,0
2020-06-03 18:00:00,21,18,2,0,23,6,2020,0
2020-06-03 21:00:00,7,21,2,0,23,6,2020,0
2020-06-04 03:00:00,15,3,3,0,23,6,2020,0
2020-06-04 06:00:00,31,6,3,0,23,6,2020,0
2020-06-04 09:00:00,35,9,3,0,23,6,2020,0
2020-06-04 12:00:00,78,12,3,0,23,6,2020,0
2020-06-04 15:00:00,59,15,3,0,23,6,2020,0
2020-06-04 18:00:00,36,18,3,0,23,6,2020,0
2020-06-04 21:00:00,6,21,3,0,23,6,2020,0
2020-06-05 03:00:00,27,3,4,0,23,6,2020,0
2020-06-05 06:00:00,44,6,4,0,23,6,2020,0
2020-06-05 09:00:00,41,9,4,0,23,6,2020,0
2020-06-05 12:00:00,100,12,4,0,23,6,2020,0
2020-06-05 15:00:00,81,15,4,0,23,6,2020,0
2020-06-05 18:00:00,38,18,4,0,23,6,2020,0
2020-06-05 21:00:00,13,21,4,0,23,6,2020,0
2020-06-06 03:00:00,4,3,5,1,23,6,2020,0
2020-06-06 06:00:00,27,6,5,1,23,6,2020,0
2020-06-06 09:00:00,42,9,5,1,23,6,2020,0
2020-06-06 12:00:00,60,12,5,1,23,6,2020,0
2020-06-06 15:00:00,63,15,5,1,23,6,2020,0
2020-06-06 18:00:00,20,18,5,1,23,6,2020,0
2020-06-06 21:00:00,11,21,5,1,23,6,2020,0
2020-06-07 03:00:00,1,3,6,1,23,6,2020,0
2020-06-07 06:00:00,4,6,6,1,23,6,2020,0
2020-06-07 09:00:00,12,9,6,1,23,6,2020,0
2020-06-07 12:00:00,29,12,6,1,23,6,2020,0
2020-06-07 15:00:00,21,15,6,1,23,6,2020,0
2020-06-07 18:00:00,14,18,6,1,23,6,2020,0
2020-06-07 21:00:00,8,21,6,1,23,6,2020,0
2020-06-08 03:00:00,23,3,0,0,24,6,2020,0
2020-06-08 06:00:00,25,6,0,0,24,6,2020,0
2020-06-08 09:00:00,23,9,0,0,24,6,2020,0
2020-06-08 12:00:00,71,12,0,0,24,6,2020,0
2020-06-08 15:00:00,52,15,0,0,24,6,2020,0
2020-06-08 18:00:00,17,18,0,0,24,6,2020,0
2020-06-08 21:00:00,5,21,0,0,24,6,2020,0
2020-06-09 03:00:00,35,3,1,0,24,6,2020,0
2020-06-09 06:00:00,37,6,1,0,24,6,2020,0
2020-06-09 09:00:00,29,9,1,0,24,6,2020,0
2020-06-09 12:00:00,89,12,1,0,24,6,2020,0
2020-06-09 15:00:00,76,15,1,0,24,6,2020,0
2020-06-09 18:00:00,56,18,1,0,24,6,2020,0
2020-06-09 21:00:00,8,21,1,0,24,6,2020,0
2020-06-10 03:00:00,35,3,2,0,24,6,2020,0
2020-06-10 06:00:00,39,6,2,0,24,6,2020,0
2020-06-10 09:00:00,46,9,2,0,24,6,2020,0
2020-06-10 12:00:00,93,12,2,0,24,6,2020,0
2020-06-10 15:00:00,68,15,2,0,24,6,2020,0
2020-06-10 18:00:00,33,18,2,0,24,6,2020,0
2020-06-10 21:00:00,8,21,2,0,24,6,2020,0
2020-06-11 03:00:00,34,3,3,0,24,6,2020,0
2020-06-11 06:00:00,42,6,3,0,24,6,2020,0
2020-06-11 09:00:00,60,9,3,0,24,6,2020,0
2020-06-11 12:00:00,100,12,3,0,24,6,2020,0
2020-06-11 15:00:00,87,15,3,0,24,6,2020,0
2020-06-11 18:00:00,57,18,3,0,24,6,2020,0
2020-06-11 21:00:00,17,21,3,0,24,6,2020,0
2020-06-12 03:00:00,29,3,4,0,24,6,2020,0
2020-06-12 06:00:00,52,6,4,0,24,6,2020,0
2020-06-12 09:00:00,52,9,4,0,24,6,2020,0
2020-06-12 12:00:00,85,12,4,0,24,6,2020,0
2020-06-12 15:00:00,83,15,4,0,24,6,2020,0
2020-06-12 18:00:00,44,18,4,0,24,6,2020,0
2020-06-12 21:00:00,16,21,4,0,24,6,2020,0
2020-06-13 03:00:00,8,3,5,1,24,6,2020,0
2020-06-13 06:00:00,13,6,5,1,24,6,2020,0
2020-06-13 09:00:00,63,9,5,1,24,6,2020,0
2020-06-13 12:00:00,78,12,5,1,24,6,2020,0
2020-06-13 15:00:00,80,15,5,1,24,6,2020,0
2020-06-13 18:00:00,35,18,5,1,24,6,2020,0
2020-06-13 21:00:00,12,21,5,1,24,6,2020,0
2020-06-14 03:00:00,3,3,6,1,24,6,2020,0
2020-06-14 06:00:00,11,6,6,1,24,6,2020,0
2020-06-14 09:00:00,57,9,6,1,24,6,2020,0
2020-06-14 12:00:00,104,12,6,1,24,6,2020,0
2020-06-14 15:00:00,57,15,6,1,24,6,2020,0
2020-06-14 18:00:00,34,18,6,1,24,6,2020,0
2020-06-14 21:00:00,3,21,6,1,24,6,2020,0
2020-06-15 03:00:00,27,3,0,0,25,6,2020,0
2020-06-15 06:00:00,41,6,0,0,25,6,2020,0
2020-06-15 09:00:00,52,9,0,0,25,6,2020,0
2020-06-15 12:00:00,85,12,0,0,25,6,2020,0
2020-06-15 15:00:00,57,15,0,0,25,6,2020,0
2020-06-15 18:00:00,31,18,0,0,25,6,2020,0
2020-06-15 21:00:00,4,21,0,0,25,6,2020,0
2020-06-16 03:00:00,32,3,1,0,25,6,2020,0
2020-06-16 06:00:00,47,6,1,0,25,6,2020,0
2020-06-16 09:00:00,33,9,1,0,25,6,2020,0
2020-06-16 12:00:00,98,12,1,0,25,6,2020,0
2020-06-16 15:00:00,72,15,1,0,25,6,2020,0
2020-06-16 18:00:00,53,18,1,0,25,6,2020,0
2020-06-16 21:00:00,9,21,1,0,25,6,2020,0
2020-06-17 03:00:00,40,3,2,0,25,6,2020,0
2020-06-17 06:00:00,43,6,2,0,25,6,2020,0
2020-06-17 09:00:00,43,9,2,0,25,6,2020,0
2020-06-17 12:00:00,99,12,2,0,25,6,2020,0
2020-06-17 15:00:00,73,15,2,0,25,6,2020,0
2020-06-17 18:00:00,51,18,2,0,25,6,2020,0
2020-06-17 21:00:00,9,21,2,0,25,6,2020,0
2020-06-18 03:00:00,39,3,3,0,25,6,2020,0
2020-06-18 06:00:00,59,6,3,0,25,6,2020,0
2020-06-18 09:00:00,30,9,3,0,25,6,2020,0
2020-06-18 12:00:00,93,12,3,0,25,6,2020,0
2020-06-18 15:00:00,65,15,3,0,25,6,2020,0
2020-06-18 18:00:00,42,18,3,0,25,6,2020,0
2020-06-18 21:00:00,9,21,3,0,25,6,2020,0
2020-06-19 03:00:00,22,3,4,0,25,6,2020,0
2020-06-19 06:00:00,27,6,4,0,25,6,2020,0
2020-06-19 09:00:00,38,9,4,0,25,6,2020,0
2020-06-19 12:00:00,62,12,4,0,25,6,2020,0
2020-06-19 15:00:00,63,15,4,0,25,6,2020,0
2020-06-19 18:00:00,25,18,4,0,25,6,2020,0
2020-06-19 21:00:00,15,21,4,0,25,6,2020,0
2020-06-20 03:00:00,8,3,5,1,25,6,2020,0
2020-06-20 06:00:00,17,6,5,1,25,6,2020,0
2020-06-20 09:00:00,76,9,5,1,25,6,2020,0
2020-06-20 12:00:00,103,12,5,1,25,6,2020,0
2020-06-20 15:00:00,80,15,5,1,25,6,2020,0
2020-06-20 18:00:00,41,18,5,1,25,6,2020,0
2020-06-20 21:00:00,13,21,5,1,25,6,2020,0
2020-06-21 03:00:00,4,3,6,1,25,6,2020,0
2020-06-21 06:00:00,14,6,6,1,25,6,2020,0
2020-06-21 09:00:00,68,9,6,1,25,6,2020,0
2020-06-21 12:00:00,84,12,6,1,25,6,2020,0
2020-06-21 15:00:00,87,15,6,1,25,6,2020,0
2020-06-21 18:00:00,57,18,6,1,25,6,2020,0
2020-06-21 21:00:00,10,21,6,1,25,6,2020,0
2020-06-22 03:00:00,68,3,0,0,26,6,2020,0
2020-06-22 06:00:00,67,6,0,0,26,6,2020,0
2020-06-22 09:00:00,54,9,0,0,26,6,2020,0
2020-06-22 12:00:00,124,12,0,0,26,6,2020,0
2020-06-22 15:00:00,113,15,0,0,26,6,2020,0
2020-06-22 18:00:00,47,18,0,0,26,6,2020,0
2020-06-22 21:00:00,11,21,0,0,26,6,2020,0
2020-06-23 03:00:00,78,3,1,0,26,6,2020,0
2020-06-23 06:00:00,86,6,1,0,26,6,2020,0
2020-06-23 09:00:00,89,9,1,0,26,6,2020,0
2020-06-23 12:00:00,160,12,1,0,26,6,2020,0
2020-06-23 15:00:00,124,15,1,0,26,6,2020,0
2020-06-23 18:00:00,61,18,1,0,26,6,2020,0
2020-06-23 21:00:00,9,21,1,0,26,6,2020,0
2020-06-24 03:00:00,64,3,2,0,26,6,2020,0
2020-06-24 06:00:00,115,6,2,0,26,6,2020,0
2020-06-24 09:00:00,86,9,2,0,26,6,2020,0
2020-06-24 12:00:00,193,12,2,0,26,6,2020,0
2020-06-24 15:00:00,164,15,2,0,26,6,2020,0
2020-06-24 18:00:00,94,18,2,0,26,6,2020,0
2020-06-24 21:00:00,33,21,2,0,26,6,2020,0
2020-06-25 03:00:00,72,3,3,0,26,6,2020,0
2020-06-25 06:00:00,84,6,3,0,26,6,2020,0
2020-06-25 09:00:00,90,9,3,0,26,6,2020,0
2020-06-25 12:00:00,204,12,3,0,26,6,2020,0
2020-06-25 15:00:00,150,15,3,0,26,6,2020,0
2020-06-25 18:00:00,98,18,3,0,26,6,2020,0
2020-06-25 21:00:00,28,21,3,0,26,6,2020,0
2020-06-26 03:00:00,66,3,4,0,26,6,2020,0
2020-06-26 06:00:00,113,6,4,0,26,6,2020,0
2020-06-26 09:00:00,136,9,4,0,26,6,2020,0
2020-06-26 12:00:00,241,12,4,0,26,6,2020,0
2020-06-26 15:00:00,179,15,4,0,26,6,2020,0
2020-06-26 18:00:00,117,18,4,0,26,6,2020,0
2020-06-26 21:00:00,47,21,4,0,26,6,2020,0
2020-06-27 03:00:00,11,3,5,1,26,6,2020,0
2020-06-27 06:00:00,54,6,5,1,26,6,2020,0
2020-06-27 09:00:00,140,9,5,1,26,6,2020,0
2020-06-27 12:00:00,162,12,5,1,26,6,2020,0
2020-06-27 15:00:00,141,15,5,1,26,6,2020,0
2020-06-27 18:00:00,106,18,5,1,26,6,2020,0
2020-06-27 21:00:00,55,21,5,1,26,6,2020,0
2020-06-28 03:00:00,6,3,6,1,26,6,2020,0
2020-06-28 06:00:00,31,6,6,1,26,6,2020,0
2020-06-28 09:00:00,110,9,6,1,26,6,2020,0
2020-06-28 12:00:00,171,12,6,1,26,6,2020,0
2020-06-28 15:00:00,105,15,6,1,26,6,2020,0
2020-06-28 18:00:00,49,18,6,1,26,6,2020,0
2020-06-28 21:00:00,10,21,6,1,26,6,2020,0
2020-06-29 03:00:00,44,3,0,0,27,6,2020,0
2020-06-29 06:00:00,59,6,0,0,27,6,2020,0
2020-06-29 09:00:00,77,9,0,0,27,6,2020,0
2020-06-29 12:00:00,169,12,0,0,27,6,2020,0
2020-06-29 15:00:00,145,15,0,0,27,6,2020,0
2020-06-29 18:00:00,95,18,0,0,27,6,2020,0
2020-06-29 21:00:00,3,21,0,0,27,6,2020,0
2020-06-30 03:00:00,67,3,1,0,27,6,2020,0
2020-06-30 06:00:00,92,6,1,0,27,6,2020,0
2020-06-30 09:00:00,106,9,1,0,27,6,2020,0
2020-06-30 12:00:00,183,12,1,0,27,6,2020,0
2020-06-30 15:00:00,110,15,1,0,27,6,2020,0
2020-06-30 18:00:00,72,18,1,0,27,6,2020,0
2020-06-30 21:00:00,9,21,1,0,27,6,2020,0
2020-07-01 03:00:00,68,3,2,0,27,7,2020,0
2020-07-01 06:00:00,120,6,2,0,27,7,2020,0
2020-07-01 09:00:00,94,9,2,0,27,7,2020,0
2020-07-01 12:00:00,195,12,2,0,27,7,2020,0
2020-07-01 15:00:00,163,15,2,0,27,7,2020,0
2020-07-01 18:00:00,92,18,2,0,27,7,2020,0
2020-07-01 21:00:00,13,21,2,0,27,7,2020,0
2020-07-02 03:00:00,58,3,3,0,27,7,2020,0
2020-07-02 06:00:00,109,6,3,0,27,7,2020,0
2020-07-02 09:00:00,113,9,3,0,27,7,2020,0
2020-07-02 12:00:00,181,12,3,0,27,7,2020,0
2020-07-02 15:00:00,184,15,3,0,27,7,2020,0
2020-07-02 18:00:00,108,18,3,0,27,7,2020,0
2020-07-02 21:00:00,15,21,3,0,27,7,2020,0
2020-07-03 03:00:00,60,3,4,0,27,7,2020,0
2020-07-03 06:00:00,100,6,4,0,27,7,2020,0
2020-07-03 09:00:00,87,9,4,0,27,7,2020,0
2020-07-03 12:00:00,120,12,4,0,27,7,2020,0
2020-07-03 15:00:00,73,15,4,0,27,7,2020,0
2020-07-03 18:00:00,53,18,4,0,27,7,2020,0
2020-07-03 21:00:00,15,21,4,0,27,7,2020,0
2020-07-04 03:00:00,9,3,5,1,27,7,2020,0
2020-07-04 06:00:00,43,6,5,1,27,7,2020,0
2020-07-04 09:00:00,146,9,5,1,27,7,2020,0
2020-07-04 12:00:00,173,12,5,1,27,7,2020,0
2020-07-04 15:00:00,165,15,5,1,27,7,2020,0
2020-07-04 18:00:00,112,18,5,1,27,7,2020,0
2020-07-04 21:00:00,25,21,5,1,27,7,2020,0
2020-07-05 03:00:00,6,3,6,1,27,7,2020,0
2020-07-05 06:00:00,39,6,6,1,27,7,2020,0
2020-07-05 09:00:00,133,9,6,1,27,7,2020,0
2020-07-05 12:00:00,137,12,6,1,27,7,2020,0
2020-07-05 15:00:00,67,15,6,1,27,7,2020,0
2020-07-05 18:00:00,24,18,6,1,27,7,2020,0
2020-07-05 21:00:00,4,21,6,1,27,7,2020,0
2020-07-06 03:00:00,27,3,0,0,28,7,2020,0
2020-07-06 06:00:00,52,6,0,0,28,7,2020,0
2020-07-06 09:00:00,70,9,0,0,28,7,2020,0
2020-07-06 12:00:00,158,12,0,0,28,7,2020,0
2020-07-06 15:00:00,124,15,0,0,28,7,2020,0
2020-07-06 18:00:00,47,18,0,0,28,7,2020,0
2020-07-06 21:00:00,9,21,0,0,28,7,2020,0
2020-07-07 03:00:00,37,3,1,0,28,7,2020,0
2020-07-07 06:00:00,74,6,1,0,28,7,2020,0
2020-07-07 09:00:00,88,9,1,0,28,7,2020,0
2020-07-07 12:00:00,154,12,1,0,28,7,2020,0
2020-07-07 15:00:00,115,15,1,0,28,7,2020,0
2020-07-07 18:00:00,57,18,1,0,28,7,2020,0
2020-07-07 21:00:00,4,21,1,0,28,7,2020,0
2020-07-08 03:00:00,48,3,2,0,28,7,2020,0
2020-07-08 06:00:00,73,6,2,0,28,7,2020,0
2020-07-08 09:00:00,71,9,2,0,28,7,2020,0
2020-07-08 12:00:00,160,12,2,0,28,7,2020,0
2020-07-08 15:00:00,114,15,2,0,28,7,2020,0
2020-07-08 18:00:00,51,18,2,0,28,7,2020,0
2020-07-08 21:00:00,6,21,2,0,28,7,2020,0
2020-07-09 03:00:00,45,3,3,0,28,7,2020,0
2020-07-09 06:00:00,68,6,3,0,28,7,2020,0
2020-07-09 09:00:00,64,9,3,0,28,7,2020,0
2020-07-09 12:00:00,114,12,3,0,28,7,2020,0
2020-07-09 15:00:00,111,15,3,0,28,7,2020,0
2020-07-09 18:00:00,60,18,3,0,28,7,2020,0
2020-07-09 21:00:00,15,21,3,0,28,7,2020,0
2020-07-10 03:00:00,43,3,4,0,28,7,2020,0
2020-07-10 06:00:00,85,6,4,0,28,7,2020,0
2020-07-10 09:00:00,91,9,4,0,28,7,2020,0
2020-07-10 12:00:00,161,12,4,0,28,7,2020,0
2020-07-10 15:00:00,116,15,4,0,28,7,2020,0
2020-07-10 18:00:00,52,18,4,0,28,7,2020,0
2020-07-10 21:00:00,13,21,4,0,28,7,2020,0
2020-07-11 03:00:00,9,3,5,1,28,7,2020,0
2020-07-11 06:00:00,32,6,5,1,28,7,2020,0
2020-07-11 09:00:00,92,9,5,1,28,7,2020,0
2020-07-11 12:00:00,119,12,5,1,28,7,2020,0
2020-07-11 15:00:00,107,15,5,1,28,7,2020,0
2020-07-11 18:00:00,58,18,5,1,28,7,2020,0
2020-07-11 21:00:00,15,21,5,1,28,7,2020,0
2020-07-12 03:00:00,3,3,6,1,28,7,2020,0
2020-07-12 06:00:00,10,6,6,1,28,7,2020,0
2020-07-12 09:00:00,36,9,6,1,28,7,2020,0
2020-07-12 12:00:00,37,12,6,1,28,7,2020,0
2020-07-12 15:00:00,55,15,6,1,28,7,2020,0
2020-07-12 18:00:00,26,18,6,1,28,7,2020,0
2020-07-12 21:00:00,5,21,6,1,28,7,2020,0
2020-07-13 03:00:00,37,3,0,0,29,7,2020,0
2020-07-13 06:00:00,64,6,0,0,29,7,2020,0
2020-07-13 09:00:00,99,9,0,0,29,7,2020,0
2020-07-13 12:00:00,158,12,0,0,29,7,2020,0
2020-07-13 15:00:00,174,15,0,0,29,7,2020,0
2020-07-13 18:00:00,90,18,0,0,29,7,2020,0
2020-07-13 21:00:00,12,21,0,0,29,7,2020,0
2020-07-14 03:00:00,41,3,1,0,29,7,2020,0
2020-07-14 06:00:00,84,6,1,0,29,7,2020,0
2020-07-14 09:00:00,108,9,1,0,29,7,2020,0
2020-07-14 12:00:00,166,12,1,0,29,7,2020,0
2020-07-14 15:00:00,143,15,1,0,29,7,2020,0
2020-07-14 18:00:00,96,18,1,0,29,7,2020,0
2020-07-14 21:00:00,11,21,1,0,29,7,2020,0
2020-07-15 03:00:00,47,3,2,0,29,7,2020,0
2020-07-15 06:00:00,91,6,2,0,29,7,2020,0
2020-07-15 09:00:00,119,9,2,0,29,7,2020,0
2020-07-15 12:00:00,184,12,2,0,29,7,2020,0
2020-07-15 15:00:00,151,15,2,0,29,7,2020,0
2020-07-15 18:00:00,91,18,2,0,29,7,2020,0
2020-07-15 21:00:00,12,21,2,0,29,7,2020,0
2020-07-16 03:00:00,35,3,3,0,29,7,2020,0
2020-07-16 06:00:00,83,6,3,0,29,7,2020,0
2020-07-16 09:00:00,134,9,3,0,29,7,2020,0
2020-07-16 12:00:00,194,12,3,0,29,7,2020,0
2020-07-16 15:00:00,161,15,3,0,29,7,2020,0
2020-07-16 18:00:00,86,18,3,0,29,7,2020,0
2020-07-16 21:00:00,11,21,3,0,29,7,2020,0
2020-07-17 03:00:00,34,3,4,0,29,7,2020,0
2020-07-17 06:00:00,67,6,4,0,29,7,2020,0
2020-07-17 09:00:00,62,9,4,0,29,7,2020,0
2020-07-17 12:00:00,78,12,4,0,29,7,2020,0
2020-07-17 15:00:00,129,15,4,0,29,7,2020,0
2020-07-17 18:00:00,52,18,4,0,29,7,2020,0
2020-07-17 21:00:00,5,21,4,0,29,7,2020,0
2020-07-18 03:00:00,9,3,5,1,29,7,2020,0
2020-07-18 06:00:00,36,6,5,1,29,7,2020,0
2020-07-18 09:00:00,101,9,5,1,29,7,2020,0
2020-07-18 12:00:00,178,12,5,1,29,7,2020,0
2020-07-18 15:00:00,132,15,5,1,29,7,2020,0
2020-07-18 18:00:00,32,18,5,1,29,7,2020,0
2020-07-18 21:00:00,14,21,5,1,29,7,2020,0
2020-07-19 03:00:00,8,3,6,1,29,7,2020,0
2020-07-19 06:00:00,36,6,6,1,29,7,2020,0
2020-07-19 09:00:00,121,9,6,1,29,7,2020,0
2020-07-19 12:00:00,126,12,6,1,29,7,2020,0
2020-07-19 15:00:00,118,15,6,1,29,7,2020,0
2020-07-19 18:00:00,48,18,6,1,29,7,2020,0
2020-07-19 21:00:00,4,21,6,1,29,7,2020,0
2020-07-20 03:00:00,26,3,0,0,30,7,2020,0
2020-07-20 06:00:00,58,6,0,0,30,7,2020,0
2020-07-20 09:00:00,75,9,0,0,30,7,2020,0
2020-07-20 12:00:00,159,12,0,0,30,7,2020,0
2020-07-20 15:00:00,158,15,0,0,30,7,2020,0
2020-07-20 18:00:00,68,18,0,0,30,7,2020,0
2020-07-20 21:00:00,13,21,0,0,30,7,2020,0
2020-07-21 03:00:00,31,3,1,0,30,7,2020,0
2020-07-21 06:00:00,67,6,1,0,30,7,2020,0
2020-07-21 09:00:00,61,9,1,0,30,7,2020,0
2020-07-21 12:00:00,101,12,1,0,30,7,2020,0
2020-07-21 15:00:00,186,15,1,0,30,7,2020,0
2020-07-21 18:00:00,60,18,1,0,30,7,2020,0
2020-07-21 21:00:00,13,21,1,0,30,7,2020,0
2020-07-22 03:00:00,37,3,2,0,30,7,2020,0
2020-07-22 06:00:00,61,6,2,0,30,7,2020,0
2020-07-22 09:00:00,63,9,2,0,30,7,2020,0
2020-07-22 12:00:00,116,12,2,0,30,7,2020,0
2020-07-22 15:00:00,114,15,2,0,30,7,2020,0
2020-07-22 18:00:00,50,18,2,0,30,7,2020,0
2020-07-22 21:00:00,11,21,2,0,30,7,2020,0
2020-07-23 00:00:00,1,0,3,0,30,7,2020,0
2020-07-23 03:00:00,31,3,3,0,30,7,2020,0
2020-07-23 06:00:00,57,6,3,0,30,7,2020,0
2020-07-23 09:00:00,73,9,3,0,30,7,2020,0
2020-07-23 12:00:00,131,12,3,0,30,7,2020,0
2020-07-23 15:00:00,153,15,3,0,30,7,2020,0
2020-07-23 18:00:00,70,18,3,0,30,7,2020,0
2020-07-23 21:00:00,5,21,3,0,30,7,2020,0
2020-07-24 03:00:00,30,3,4,0,30,7,2020,0
2020-07-24 06:00:00,42,6,4,0,30,7,2020,0
2020-07-24 09:00:00,12,9,4,0,30,7,2020,0
2020-07-24 12:00:00,42,12,4,0,30,7,2020,0
2020-07-24 15:00:00,34,15,4,0,30,7,2020,0
2020-07-24 18:00:00,17,18,4,0,30,7,2020,0
2020-07-24 21:00:00,6,21,4,0,30,7,2020,0
2020-07-25 03:00:00,10,3,5,1,30,7,2020,0
2020-07-25 06:00:00,35,6,5,1,30,7,2020,0
2020-07-25 09:00:00,131,9,5,1,30,7,2020,0
2020-07-25 12:00:00,168,12,5,1,30,7,2020,0
2020-07-25 15:00:00,100,15,5,1,30,7,2020,0
2020-07-25 18:00:00,92,18,5,1,30,7,2020,0
2020-07-25 21:00:00,22,21,5,1,30,7,2020,0
2020-07-26 00:00:00,1,0,6,1,30,7,2020,0
2020-07-26 03:00:00,7,3,6,1,30,7,2020,0
2020-07-26 06:00:00,35,6,6,1,30,7,2020,0
2020-07-26 09:00:00,143,9,6,1,30,7,2020,0
2020-07-26 12:00:00,153,12,6,1,30,7,2020,0
2020-07-26 15:00:00,124,15,6,1,30,7,2020,0
2020-07-26 18:00:00,41,18,6,1,30,7,2020,0
2020-07-26 21:00:00,11,21,6,1,30,7,2020,0
2020-07-27 03:00:00,22,3,0,0,31,7,2020,0
2020-07-27 06:00:00,31,6,0,0,31,7,2020,0
2020-07-27 09:00:00,66,9,0,0,31,7,2020,0
2020-07-27 12:00:00,182,12,0,0,31,7,2020,0
2020-07-27 15:00:00,111,15,0,0,31,7,2020,0
2020-07-27 18:00:00,101,18,0,0,31,7,2020,0
2020-07-27 21:00:00,12,21,0,0,31,7,2020,0
2020-07-28 03:00:00,53,3,1,0,31,7,2020,0
2020-07-28 06:00:00,102,6,1,0,31,7,2020,0
2020-07-28 09:00:00,128,9,1,0,31,7,2020,0
2020-07-28 12:00:00,213,12,1,0,31,7,2020,0
2020-07-28 15:00:00,174,15,1,0,31,7,2020,0
2020-07-28 18:00:00,79,18,1,0,31,7,2020,0
2020-07-28 21:00:00,29,21,1,0,31,7,2020,0
2020-07-29 03:00:00,42,3,2,0,31,7,2020,0
2020-07-29 06:00:00,98,6,2,0,31,7,2020,0
2020-07-29 09:00:00,109,9,2,0,31,7,2020,0
2020-07-29 12:00:00,225,12,2,0,31,7,2020,0
2020-07-29 15:00:00,203,15,2,0,31,7,2020,0
2020-07-29 18:00:00,91,18,2,0,31,7,2020,0
2020-07-29 21:00:00,21,21,2,0,31,7,2020,0
2020-07-30 03:00:00,43,3,3,0,31,7,2020,0
2020-07-30 06:00:00,75,6,3,0,31,7,2020,0
2020-07-30 09:00:00,86,9,3,0,31,7,2020,0
2020-07-30 12:00:00,152,12,3,0,31,7,2020,0
2020-07-30 15:00:00,97,15,3,0,31,7,2020,0
2020-07-30 18:00:00,79,18,3,0,31,7,2020,0
2020-07-30 21:00:00,16,21,3,0,31,7,2020,0
2020-07-31 03:00:00,39,3,4,0,31,7,2020,0
2020-07-31 06:00:00,80,6,4,0,31,7,2020,0
2020-07-31 09:00:00,81,9,4,0,31,7,2020,0
2020-07-31 12:00:00,199,12,4,0,31,7,2020,0
2020-07-31 15:00:00,145,15,4,0,31,7,2020,0
2020-07-31 18:00:00,96,18,4,0,31,7,2020,0
2020-07-31 21:00:00,8,21,4,0,31,7,2020,0
2020-08-01 03:00:00,15,3,5,1,31,8,2020,0
2020-08-01 06:00:00,54,6,5,1,31,8,2020,0
2020-08-01 09:00:00,180,9,5,1,31,8,2020,0
2020-08-01 12:00:00,213,12,5,1,31,8,2020,0
2020-08-01 15:00:00,134,15,5,1,31,8,2020,0
2020-08-01 18:00:00,112,18,5,1,31,8,2020,0
2020-08-01 21:00:00,25,21,5,1,31,8,2020,0
2020-08-02 03:00:00,8,3,6,1,31,8,2020,0
2020-08-02 06:00:00,27,6,6,1,31,8,2020,0
2020-08-02 09:00:00,146,9,6,1,31,8,2020,0
2020-08-02 12:00:00,176,12,6,1,31,8,2020,0
2020-08-02 15:00:00,92,15,6,1,31,8,2020,0
2020-08-02 18:00:00,82,18,6,1,31,8,2020,0
2020-08-02 21:00:00,3,21,6,1,31,8,2020,0
2020-08-03 03:00:00,39,3,0,0,32,8,2020,0
2020-08-03 06:00:00,46,6,0,0,32,8,2020,0
2020-08-03 09:00:00,47,9,0,0,32,8,2020,0
2020-08-03 12:00:00,97,12,0,0,32,8,2020,0
2020-08-03 15:00:00,88,15,0,0,32,8,2020,0
2020-08-03 18:00:00,51,18,0,0,32,8,2020,0
2020-08-03 21:00:00,3,21,0,0,32,8,2020,0
2020-08-04 03:00:00,40,3,1,0,32,8,2020,0
2020-08-04 06:00:00,94,6,1,0,32,8,2020,0
2020-08-04 09:00:00,89,9,1,0,32,8,2020,0
2020-08-04 12:00:00,209,12,1,0,32,8,2020,0
2020-08-04 15:00:00,125,15,1,0,32,8,2020,0
2020-08-04 18:00:00,78,18,1,0,32,8,2020,0
2020-08-04 21:00:00,14,21,1,0,32,8,2020,0
2020-08-05 03:00:00,60,3,2,0,32,8,2020,0
2020-08-05 06:00:00,102,6,2,0,32,8,2020,0
2020-08-05 09:00:00,123,9,2,0,32,8,2020,0
2020-08-05 12:00:00,199,12,2,0,32,8,2020,0
2020-08-05 15:00:00,181,15,2,0,32,8,2020,0
2020-08-05 18:00:00,89,18,2,0,32,8,2020,0
2020-08-05 21:00:00,12,21,2,0,32,8,2020,0
2020-08-06 03:00:00,50,3,3,0,32,8,2020,0
2020-08-06 06:00:00,97,6,3,0,32,8,2020,0
2020-08-06 09:00:00,140,9,3,0,32,8,2020,0
2020-08-06 12:00:00,184,12,3,0,32,8,2020,0
2020-08-06 15:00:00,176,15,3,0,32,8,2020,0
2020-08-06 18:00:00,104,18,3,0,32,8,2020,0
2020-08-06 21:00:00,7,21,3,0,32,8,2020,0
2020-08-07 03:00:00,56,3,4,0,32,8,2020,0
2020-08-07 06:00:00,143,6,4,0,32,8,2020,0
2020-08-07 09:00:00,230,9,4,0,32,8,2020,0
2020-08-07 12:00:00,320,12,4,0,32,8,2020,0
2020-08-07 15:00:00,259,15,4,0,32,8,2020,0
2020-08-07 18:00:00,143,18,4,0,32,8,2020,0
2020-08-07 21:00:00,31,21,4,0,32,8,2020,0
2020-08-08 03:00:00,10,3,5,1,32,8,2020,0
2020-08-08 06:00:00,71,6,5,1,32,8,2020,0
2020-08-08 09:00:00,236,9,5,1,32,8,2020,0
2020-08-08 12:00:00,171,12,5,1,32,8,2020,0
2020-08-08 15:00:00,129,15,5,1,32,8,2020,0
2020-08-08 18:00:00,97,18,5,1,32,8,2020,0
2020-08-08 21:00:00,25,21,5,1,32,8,2020,0
2020-08-09 03:00:00,8,3,6,1,32,8,2020,0
2020-08-09 06:00:00,33,6,6,1,32,8,2020,0
2020-08-09 09:00:00,204,9,6,1,32,8,2020,0
2020-08-09 12:00:00,248,12,6,1,32,8,2020,0
2020-08-09 15:00:00,194,15,6,1,32,8,2020,0
2020-08-09 18:00:00,97,18,6,1,32,8,2020,0
2020-08-09 21:00:00,13,21,6,1,32,8,2020,0
2020-08-10 03:00:00,91,3,0,0,33,8,2020,0
2020-08-10 06:00:00,171,6,0,0,33,8,2020,0
2020-08-10 09:00:00,217,9,0,0,33,8,2020,0
2020-08-10 12:00:00,330,12,0,0,33,8,2020,0
2020-08-10 15:00:00,233,15,0,0,33,8,2020,0
2020-08-10 18:00:00,143,18,0,0,33,8,2020,0
2020-08-10 21:00:00,30,21,0,0,33,8,2020,0
2020-08-11 00:00:00,1,0,1,0,33,8,2020,0
2020-08-11 03:00:00,72,3,1,0,33,8,2020,0
2020-08-11 06:00:00,175,6,1,0,33,8,2020,0
2020-08-11 09:00:00,216,9,1,0,33,8,2020,0
2020-08-11 12:00:00,345,12,1,0,33,8,2020,0
2020-08-11 15:00:00,273,15,1,0,33,8,2020,0
2020-08-11 18:00:00,118,18,1,0,33,8,2020,0
2020-08-11 21:00:00,34,21,1,0,33,8,2020,0
2020-08-12 03:00:00,78,3,2,0,33,8,2020,0
2020-08-12 06:00:00,170,6,2,0,33,8,2020,0
2020-08-12 09:00:00,246,9,2,0,33,8,2020,0
2020-08-12 12:00:00,341,12,2,0,33,8,2020,0
2020-08-12 15:00:00,324,15,2,0,33,8,2020,0
2020-08-12 18:00:00,162,18,2,0,33,8,2020,0
2020-08-12 21:00:00,35,21,2,0,33,8,2020,0
2020-08-13 00:00:00,1,0,3,0,33,8,2020,0
2020-08-13 03:00:00,80,3,3,0,33,8,2020,0
2020-08-13 06:00:00,145,6,3,0,33,8,2020,0
2020-08-13 09:00:00,202,9,3,0,33,8,2020,0
2020-08-13 12:00:00,291,12,3,0,33,8,2020,0
2020-08-13 15:00:00,218,15,3,0,33,8,2020,0
2020-08-13 18:00:00,106,18,3,0,33,8,2020,0
2020-08-13 21:00:00,18,21,3,0,33,8,2020,0
2020-08-14 03:00:00,74,3,4,0,33,8,2020,0
2020-08-14 06:00:00,163,6,4,0,33,8,2020,0
2020-08-14 09:00:00,238,9,4,0,33,8,2020,0
2020-08-14 12:00:00,322,12,4,0,33,8,2020,0
2020-08-14 15:00:00,265,15,4,0,33,8,2020,0
2020-08-14 18:00:00,116,18,4,0,33,8,2020,0
2020-08-14 21:00:00,36,21,4,0,33,8,2020,0
2020-08-15 00:00:00,1,0,5,1,33,8,2020,0
2020-08-15 03:00:00,15,3,5,1,33,8,2020,0
2020-08-15 06:00:00,55,6,5,1,33,8,2020,0
2020-08-15 09:00:00,245,9,5,1,33,8,2020,0
2020-08-15 12:00:00,281,12,5,1,33,8,2020,0
2020-08-15 15:00:00,199,15,5,1,33,8,2020,0
2020-08-15 18:00:00,100,18,5,1,33,8,2020,0
2020-08-15 21:00:00,31,21,5,1,33,8,2020,0
2020-08-16 03:00:00,9,3,6,1,33,8,2020,0
2020-08-16 06:00:00,40,6,6,1,33,8,2020,0
2020-08-16 09:00:00,160,9,6,1,33,8,2020,0
2020-08-16 12:00:00,250,12,6,1,33,8,2020,0
2020-08-16 15:00:00,226,15,6,1,33,8,2020,0
2020-08-16 18:00:00,128,18,6,1,33,8,2020,0
2020-08-16 21:00:00,19,21,6,1,33,8,2020,0
2020-08-17 03:00:00,106,3,0,0,34,8,2020,0
2020-08-17 06:00:00,169,6,0,0,34,8,2020,0
2020-08-17 09:00:00,241,9,0,0,34,8,2020,0
2020-08-17 12:00:00,608,12,0,0,34,8,2020,0
2020-08-17 15:00:00,348,15,0,0,34,8,2020,0
2020-08-17 18:00:00,198,18,0,0,34,8,2020,0
2020-08-17 21:00:00,21,21,0,0,34,8,2020,0
2020-08-18 00:00:00,1,0,1,0,34,8,2020,0
2020-08-18 03:00:00,122,3,1,0,34,8,2020,0
2020-08-18 06:00:00,230,6,1,0,34,8,2020,0
2020-08-18 09:00:00,255,9,1,0,34,8,2020,0
2020-08-18 12:00:00,618,12,1,0,34,8,2020,0
2020-08-18 15:00:00,383,15,1,0,34,8,2020,0
2020-08-18 18:00:00,228,18,1,0,34,8,2020,0
2020-08-18 21:00:00,26,21,1,0,34,8,2020,0
2020-08-19 03:00:00,115,3,2,0,34,8,2020,0
2020-08-19 06:00:00,216,6,2,0,34,8,2020,0
2020-08-19 09:00:00,242,9,2,0,34,8,2020,0
2020-08-19 12:00:00,388,12,2,0,34,8,2020,0
2020-08-19 15:00:00,280,15,2,0,34,8,2020,0
2020-08-19 18:00:00,98,18,2,0,34,8,2020,0
2020-08-19 21:00:00,19,21,2,0,34,8,2020,0
2020-08-20 03:00:00,100,3,3,0,34,8,2020,0
2020-08-20 06:00:00,207,6,3,0,34,8,2020,0
2020-08-20 09:00:00,217,9,3,0,34,8,2020,0
2020-08-20 12:00:00,424,12,3,0,34,8,2020,0
2020-08-20 15:00:00,356,15,3,0,34,8,2020,0
2020-08-20 18:00:00,161,18,3,0,34,8,2020,0
2020-08-20 21:00:00,37,21,3,0,34,8,2020,0
2020-08-21 03:00:00,93,3,4,0,34,8,2020,0
2020-08-21 06:00:00,193,6,4,0,34,8,2020,0
2020-08-21 09:00:00,257,9,4,0,34,8,2020,0
2020-08-21 12:00:00,434,12,4,0,34,8,2020,0
2020-08-21 15:00:00,277,15,4,0,34,8,2020,0
2020-08-21 18:00:00,119,18,4,0,34,8,2020,0
2020-08-21 21:00:00,37,21,4,0,34,8,2020,0
2020-08-22 03:00:00,13,3,5,1,34,8,2020,0
2020-08-22 06:00:00,73,6,5,1,34,8,2020,0
2020-08-22 09:00:00,220,9,5,1,34,8,2020,0
2020-08-22 12:00:00,335,12,5,1,34,8,2020,0
2020-08-22 15:00:00,269,15,5,1,34,8,2020,0
2020-08-22 18:00:00,83,18,5,1,34,8,2020,0
2020-08-22 21:00:00,24,21,5,1,34,8,2020,0
2020-08-23 03:00:00,5,3,6,1,34,8,2020,0
2020-08-23 06:00:00,19,6,6,1,34,8,2020,0
2020-08-23 09:00:00,122,9,6,1,34,8,2020,0
2020-08-23 12:00:00,160,12,6,1,34,8,2020,0
2020-08-23 15:00:00,115,15,6,1,34,8,2020,0
2020-08-23 18:00:00,91,18,6,1,34,8,2020,0
2020-08-23 21:00:00,48,21,6,1,34,8,2020,0
2020-08-24 03:00:00,105,3,0,0,35,8,2020,0
2020-08-24 06:00:00,206,6,0,0,35,8,2020,0
2020-08-24 09:00:00,197,9,0,0,35,8,2020,0
2020-08-24 12:00:00,352,12,0,0,35,8,2020,0
2020-08-24 15:00:00,243,15,0,0,35,8,2020,0
2020-08-24 18:00:00,129,18,0,0,35,8,2020,0
2020-08-24 21:00:00,6,21,0,0,35,8,2020,0
2020-08-25 03:00:00,97,3,1,0,35,8,2020,0
2020-08-25 06:00:00,206,6,1,0,35,8,2020,0
2020-08-25 09:00:00,180,9,1,0,35,8,2020,0
2020-08-25 12:00:00,186,12,1,0,35,8,2020,0
2020-08-25 15:00:00,232,15,1,0,35,8,2020,0
2020-08-25 18:00:00,119,18,1,0,35,8,2020,0
2020-08-25 21:00:00,12,21,1,0,35,8,2020,0
2020-08-26 03:00:00,93,3,2,0,35,8,2020,0
2020-08-26 06:00:00,213,6,2,0,35,8,2020,0
2020-08-26 09:00:00,176,9,2,0,35,8,2020,0
2020-08-26 12:00:00,329,12,2,0,35,8,2020,0
2020-08-26 15:00:00,290,15,2,0,35,8,2020,0
2020-08-26 18:00:00,166,18,2,0,35,8,2020,0
2020-08-26 21:00:00,14,21,2,0,35,8,2020,0
2020-08-27 03:00:00,97,3,3,0,35,8,2020,0
2020-08-27 06:00:00,222,6,3,0,35,8,2020,0
2020-08-27 09:00:00,192,9,3,0,35,8,2020,0
2020-08-27 12:00:00,347,12,3,0,35,8,2020,0
2020-08-27 15:00:00,269,15,3,0,35,8,2020,0
2020-08-27 18:00:00,130,18,3,0,35,8,2020,0
2020-08-27 21:00:00,11,21,3,0,35,8,2020,0
2020-08-28 03:00:00,84,3,4,0,35,8,2020,0
2020-08-28 06:00:00,206,6,4,0,35,8,2020,0
2020-08-28 09:00:00,219,9,4,0,35,8,2020,0
2020-08-28 12:00:00,364,12,4,0,35,8,2020,0
2020-08-28 15:00:00,235,15,4,0,35,8,2020,0
2020-08-28 18:00:00,104,18,4,0,35,8,2020,0
2020-08-28 21:00:00,30,21,4,0,35,8,2020,0
2020-08-29 00:00:00,1,0,5,1,35,8,2020,0
2020-08-29 03:00:00,15,3,5,1,35,8,2020,0
2020-08-29 06:00:00,85,6,5,1,35,8,2020,0
2020-08-29 09:00:00,190,9,5,1,35,8,2020,0
2020-08-29 12:00:00,295,12,5,1,35,8,2020,0
2020-08-29 15:00:00,246,15,5,1,35,8,2020,0
2020-08-29 18:00:00,92,18,5,1,35,8,2020,0
2020-08-29 21:00:00,28,21,5,1,35,8,2020,0
2020-08-30 03:00:00,6,3,6,1,35,8,2020,0
2020-08-30 06:00:00,34,6,6,1,35,8,2020,0
2020-08-30 09:00:00,89,9,6,1,35,8,2020,0
2020-08-30 12:00:00,164,12,6,1,35,8,2020,0
2020-08-30 15:00:00,143,15,6,1,35,8,2020,0
2020-08-30 18:00:00,88,18,6,1,35,8,2020,0
2020-08-30 21:00:00,15,21,6,1,35,8,2020,0
2020-08-31 03:00:00,74,3,0,0,36,8,2020,0
2020-08-31 06:00:00,204,6,0,0,36,8,2020,0
2020-08-31 09:00:00,217,9,0,0,36,8,2020,0
2020-08-31 12:00:00,314,12,0,0,36,8,2020,0
2020-08-31 15:00:00,282,15,0,0,36,8,2020,0
2020-08-31 18:00:00,157,18,0,0,36,8,2020,0
2020-08-31 21:00:00,14,21,0,0,36,8,2020,0
2020-09-01 03:00:00,91,3,1,0,36,9,2020,0
2020-09-01 06:00:00,233,6,1,0,36,9,2020,0
2020-09-01 09:00:00,221,9,1,0,36,9,2020,0
2020-09-01 12:00:00,365,12,1,0,36,9,2020,0
2020-09-01 15:00:00,321,15,1,0,36,9,2020,0
2020-09-01 18:00:00,169,18,1,0,36,9,2020,0
2020-09-01 21:00:00,21,21,1,0,36,9,2020,0
2020-09-02 03:00:00,116,3,2,0,36,9,2020,0
2020-09-02 06:00:00,233,6,2,0,36,9,2020,0
2020-09-02 09:00:00,179,9,2,0,36,9,2020,0
2020-09-02 12:00:00,394,12,2,0,36,9,2020,0
2020-09-02 15:00:00,348,15,2,0,36,9,2020,0
2020-09-02 18:00:00,203,18,2,0,36,9,2020,0
2020-09-02 21:00:00,18,21,2,0,36,9,2020,0
2020-09-03 03:00:00,116,3,3,0,36,9,2020,0
2020-09-03 06:00:00,212,6,3,0,36,9,2020,0
2020-09-03 09:00:00,189,9,3,0,36,9,2020,0
2020-09-03 12:00:00,388,12,3,0,36,9,2020,0
2020-09-03 15:00:00,325,15,3,0,36,9,2020,0
2020-09-03 18:00:00,152,18,3,0,36,9,2020,0
2020-09-03 21:00:00,24,21,3,0,36,9,2020,0
2020-09-04 03:00:00,87,3,4,0,36,9,2020,0
2020-09-04 06:00:00,223,6,4,0,36,9,2020,0
2020-09-04 09:00:00,207,9,4,0,36,9,2020,0
2020-09-04 12:00:00,391,12,4,0,36,9,2020,0
2020-09-04 15:00:00,263,15,4,0,36,9,2020,0
2020-09-04 18:00:00,81,18,4,0,36,9,2020,0
2020-09-04 21:00:00,33,21,4,0,36,9,2020,0
2020-09-05 03:00:00,5,3,5,1,36,9,2020,0
2020-09-05 06:00:00,70,6,5,1,36,9,2020,0
2020-09-05 09:00:00,244,9,5,1,36,9,2020,0
2020-09-05 12:00:00,312,12,5,1,36,9,2020,0
2020-09-05 15:00:00,206,15,5,1,36,9,2020,0
2020-09-05 18:00:00,79,18,5,1,36,9,2020,0
2020-09-05 21:00:00,40,21,5,1,36,9,2020,0
2020-09-06 03:00:00,6,3,6,1,36,9,2020,0
2020-09-06 06:00:00,39,6,6,1,36,9,2020,0
2020-09-06 09:00:00,178,9,6,1,36,9,2020,0
2020-09-06 12:00:00,236,12,6,1,36,9,2020,0
2020-09-06 15:00:00,199,15,6,1,36,9,2020,0
2020-09-06 18:00:00,105,18,6,1,36,9,2020,0
2020-09-06 21:00:00,15,21,6,1,36,9,2020,0
2020-09-07 03:00:00,105,3,0,0,37,9,2020,0
2020-09-07 06:00:00,230,6,0,0,37,9,2020,0
2020-09-07 09:00:00,202,9,0,0,37,9,2020,0
2020-09-07 12:00:00,306,12,0,0,37,9,2020,0
2020-09-07 15:00:00,158,15,0,0,37,9,2020,0
2020-09-07 18:00:00,111,18,0,0,37,9,2020,0
2020-09-07 21:00:00,13,21,0,0,37,9,2020,0
2020-09-08 03:00:00,92,3,1,0,37,9,2020,0
2020-09-08 06:00:00,175,6,1,0,37,9,2020,0
2020-09-08 09:00:00,148,9,1,0,37,9,2020,0
2020-09-08 12:00:00,337,12,1,0,37,9,2020,0
2020-09-08 15:00:00,291,15,1,0,37,9,2020,0
2020-09-08 18:00:00,140,18,1,0,37,9,2020,0
2020-09-08 21:00:00,17,21,1,0,37,9,2020,0
2020-09-09 03:00:00,93,3,2,0,37,9,2020,0
2020-09-09 06:00:00,184,6,2,0,37,9,2020,0
2020-09-09 09:00:00,141,9,2,0,37,9,2020,0
2020-09-09 12:00:00,227,12,2,0,37,9,2020,0
2020-09-09 15:00:00,212,15,2,0,37,9,2020,0
2020-09-09 18:00:00,129,18,2,0,37,9,2020,0
2020-09-09 21:00:00,17,21,2,0,37,9,2020,0
2020-09-10 03:00:00,90,3,3,0,37,9,2020,0
2020-09-10 06:00:00,197,6,3,0,37,9,2020,0
2020-09-10 09:00:00,153,9,3,0,37,9,2020,0
2020-09-10 12:00:00,252,12,3,0,37,9,2020,0
2020-09-10 15:00:00,233,15,3,0,37,9,2020,0
2020-09-10 18:00:00,105,18,3,0,37,9,2020,0
2020-09-10 21:00:00,17,21,3,0,37,9,2020,0
2020-09-11 03:00:00,79,3,4,0,37,9,2020,0
2020-09-11 06:00:00,204,6,4,0,37,9,2020,0
2020-09-11 09:00:00,184,9,4,0,37,9,2020,0
2020-09-11 12:00:00,342,12,4,0,37,9,2020,0
2020-09-11 15:00:00,210,15,4,0,37,9,2020,0
2020-09-11 18:00:00,74,18,4,0,37,9,2020,0
2020-09-11 21:00:00,41,21,4,0,37,9,2020,0
2020-09-12 03:00:00,8,3,5,1,37,9,2020,0
2020-09-12 06:00:00,91,6,5,1,37,9,2020,0
2020-09-12 09:00:00,233,9,5,1,37,9,2020,0
2020-09-12 12:00:00,256,12,5,1,37,9,2020,0
2020-09-12 15:00:00,197,15,5,1,37,9,2020,0
2020-09-12 18:00:00,75,18,5,1,37,9,2020,0
2020-09-12 21:00:00,27,21,5,1,37,9,2020,0
2020-09-13 03:00:00,2,3,6,1,37,9,2020,0
2020-09-13 06:00:00,30,6,6,1,37,9,2020,0
2020-09-13 09:00:00,99,9,6,1,37,9,2020,0
2020-09-13 12:00:00,88,12,6,1,37,9,2020,0
2020-09-13 15:00:00,138,15,6,1,37,9,2020,0
2020-09-13 18:00:00,85,18,6,1,37,9,2020,0
2020-09-13 21:00:00,15,21,6,1,37,9,2020,0
2020-09-14 03:00:00,96,3,0,0,38,9,2020,0
2020-09-14 06:00:00,208,6,0,0,38,9,2020,0
2020-09-14 09:00:00,144,9,0,0,38,9,2020,0
2020-09-14 12:00:00,316,12,0,0,38,9,2020,0
2020-09-14 15:00:00,240,15,0,0,38,9,2020,0
2020-09-14 18:00:00,125,18,0,0,38,9,2020,0
2020-09-14 21:00:00,8,21,0,0,38,9,2020,0
2020-09-15 03:00:00,91,3,1,0,38,9,2020,0
2020-09-15 06:00:00,225,6,1,0,38,9,2020,0
2020-09-15 09:00:00,198,9,1,0,38,9,2020,0
2020-09-15 12:00:00,261,12,1,0,38,9,2020,0
2020-09-15 15:00:00,201,15,1,0,38,9,2020,0
2020-09-15 18:00:00,91,18,1,0,38,9,2020,0
2020-09-15 21:00:00,9,21,1,0,38,9,2020,0
2020-09-16 03:00:00,78,3,2,0,38,9,2020,0
2020-09-16 06:00:00,225,6,2,0,38,9,2020,0
2020-09-16 09:00:00,162,9,2,0,38,9,2020,0
2020-09-16 12:00:00,303,12,2,0,38,9,2020,0
2020-09-16 15:00:00,233,15,2,0,38,9,2020,0
2020-09-16 18:00:00,134,18,2,0,38,9,2020,0
2020-09-16 21:00:00,15,21,2,0,38,9,2020,0
2020-09-17 03:00:00,89,3,3,0,38,9,2020,0
2020-09-17 06:00:00,209,6,3,0,38,9,2020,0
2020-09-17 09:00:00,163,9,3,0,38,9,2020,0
2020-09-17 12:00:00,375,12,3,0,38,9,2020,0
2020-09-17 15:00:00,234,15,3,0,38,9,2020,0
2020-09-17 18:00:00,100,18,3,0,38,9,2020,0
2020-09-17 21:00:00,14,21,3,0,38,9,2020,0
2020-09-18 03:00:00,72,3,4,0,38,9,2020,0
2020-09-18 06:00:00,117,6,4,0,38,9,2020,0
2020-09-18 09:00:00,128,9,4,0,38,9,2020,0
2020-09-18 12:00:00,357,12,4,0,38,9,2020,0
2020-09-18 15:00:00,242,15,4,0,38,9,2020,0
2020-09-18 18:00:00,97,18,4,0,38,9,2020,0
2020-09-18 21:00:00,29,21,4,0,38,9,2020,0
2020-09-19 03:00:00,12,3,5,1,38,9,2020,0
2020-09-19 06:00:00,78,6,5,1,38,9,2020,0
2020-09-19 09:00:00,163,9,5,1,38,9,2020,0
2020-09-19 12:00:00,199,12,5,1,38,9,2020,0
2020-09-19 15:00:00,245,15,5,1,38,9,2020,0
2020-09-19 18:00:00,100,18,5,1,38,9,2020,0
2020-09-19 21:00:00,27,21,5,1,38,9,2020,0
2020-09-20 03:00:00,9,3,6,1,38,9,2020,0
2020-09-20 06:00:00,47,6,6,1,38,9,2020,0
2020-09-20 09:00:00,58,9,6,1,38,9,2020,0
2020-09-20 12:00:00,108,12,6,1,38,9,2020,0
2020-09-20 15:00:00,126,15,6,1,38,9,2020,0
2020-09-20 18:00:00,75,18,6,1,38,9,2020,0
2020-09-20 21:00:00,12,21,6,1,38,9,2020,0
2020-09-21 03:00:00,81,3,0,0,39,9,2020,0
2020-09-21 06:00:00,215,6,0,0,39,9,2020,0
2020-09-21 09:00:00,146,9,0,0,39,9,2020,0
2020-09-21 12:00:00,236,12,0,0,39,9,2020,0
2020-09-21 15:00:00,139,15,0,0,39,9,2020,0
2020-09-21 18:00:00,79,18,0,0,39,9,2020,0
2020-09-21 21:00:00,4,21,0,0,39,9,2020,0
2020-09-22 03:00:00,94,3,1,0,39,9,2020,0
2020-09-22 06:00:00,204,6,1,0,39,9,2020,0
2020-09-22 09:00:00,175,9,1,0,39,9,2020,0
2020-09-22 12:00:00,231,12,1,0,39,9,2020,0
2020-09-22 15:00:00,189,15,1,0,39,9,2020,0
2020-09-22 18:00:00,120,18,1,0,39,9,2020,0
2020-09-22 21:00:00,7,21,1,0,39,9,2020,0
2020-09-23 03:00:00,103,3,2,0,39,9,2020,0
2020-09-23 06:00:00,200,6,2,0,39,9,2020,0
2020-09-23 09:00:00,127,9,2,0,39,9,2020,0
2020-09-23 12:00:00,254,12,2,0,39,9,2020,0
2020-09-23 15:00:00,263,15,2,0,39,9,2020,0
2020-09-23 18:00:00,142,18,2,0,39,9,2020,0
2020-09-23 21:00:00,16,21,2,0,39,9,2020,0
2020-09-24 03:00:00,57,3,3,0,39,9,2020,0
2020-09-24 06:00:00,156,6,3,0,39,9,2020,0
2020-09-24 09:00:00,133,9,3,0,39,9,2020,0
2020-09-24 12:00:00,302,12,3,0,39,9,2020,0
2020-09-24 15:00:00,239,15,3,0,39,9,2020,0
2020-09-24 18:00:00,126,18,3,0,39,9,2020,0
2020-09-24 21:00:00,18,21,3,0,39,9,2020,0
2020-09-25 03:00:00,45,3,4,0,39,9,2020,0
2020-09-25 06:00:00,145,6,4,0,39,9,2020,0
2020-09-25 09:00:00,184,9,4,0,39,9,2020,0
2020-09-25 12:00:00,322,12,4,0,39,9,2020,0
2020-09-25 15:00:00,261,15,4,0,39,9,2020,0
2020-09-25 18:00:00,87,18,4,0,39,9,2020,0
2020-09-25 21:00:00,32,21,4,0,39,9,2020,0
2020-09-26 03:00:00,26,3,5,1,39,9,2020,0
2020-09-26 06:00:00,94,6,5,1,39,9,2020,0
2020-09-26 09:00:00,262,9,5,1,39,9,2020,0
2020-09-26 12:00:00,355,12,5,1,39,9,2020,0
2020-09-26 15:00:00,309,15,5,1,39,9,2020,0
2020-09-26 18:00:00,92,18,5,1,39,9,2020,0
2020-09-26 21:00:00,51,21,5,1,39,9,2020,0
2020-09-27 03:00:00,14,3,6,1,39,9,2020,0
2020-09-27 06:00:00,54,6,6,1,39,9,2020,0
2020-09-27 09:00:00,245,9,6,1,39,9,2020,0
2020-09-27 12:00:00,256,12,6,1,39,9,2020,0
2020-09-27 15:00:00,233,15,6,1,39,9,2020,0
2020-09-27 18:00:00,109,18,6,1,39,9,2020,0
2020-09-27 21:00:00,10,21,6,1,39,9,2020,0
2020-09-28 03:00:00,140,3,0,0,40,9,2020,0
2020-09-28 06:00:00,315,6,0,0,40,9,2020,0
2020-09-28 09:00:00,246,9,0,0,40,9,2020,0
2020-09-28 12:00:00,511,12,0,0,40,9,2020,0
2020-09-28 15:00:00,423,15,0,0,40,9,2020,0
2020-09-28 18:00:00,238,18,0,0,40,9,2020,0
2020-09-28 21:00:00,37,21,0,0,40,9,2020,0
2020-09-29 03:00:00,201,3,1,0,40,9,2020,0
2020-09-29 06:00:00,361,6,1,0,40,9,2020,0
2020-09-29 09:00:00,327,9,1,0,40,9,2020,0
2020-09-29 12:00:00,611,12,1,0,40,9,2020,0
2020-09-29 15:00:00,422,15,1,0,40,9,2020,0
2020-09-29 18:00:00,263,18,1,0,40,9,2020,0
2020-09-29 21:00:00,31,21,1,0,40,9,2020,0
2020-09-30 03:00:00,183,3,2,0,40,9,2020,0
2020-09-30 06:00:00,387,6,2,0,40,9,2020,0
2020-09-30 09:00:00,329,9,2,0,40,9,2020,0
2020-09-30 12:00:00,604,12,2,0,40,9,2020,0
2020-09-30 15:00:00,466,15,2,0,40,9,2020,0
2020-09-30 18:00:00,233,18,2,0,40,9,2020,0
2020-09-30 21:00:00,26,21,2,0,40,9,2020,0
2020-10-01 03:00:00,184,3,3,0,40,10,2020,0
2020-10-01 06:00:00,432,6,3,0,40,10,2020,0
2020-10-01 09:00:00,286,9,3,0,40,10,2020,0
2020-10-01 12:00:00,504,12,3,0,40,10,2020,0
2020-10-01 15:00:00,353,15,3,0,40,10,2020,0
2020-10-01 18:00:00,189,18,3,0,40,10,2020,0
2020-10-01 21:00:00,13,21,3,0,40,10,2020,0
2020-10-02 03:00:00,93,3,4,0,40,10,2020,0
2020-10-02 06:00:00,227,6,4,0,40,10,2020,0
2020-10-02 09:00:00,252,9,4,0,40,10,2020,0
2020-10-02 12:00:00,479,12,4,0,40,10,2020,0
2020-10-02 15:00:00,279,15,4,0,40,10,2020,0
2020-10-02 18:00:00,125,18,4,0,40,10,2020,0
2020-10-02 21:00:00,27,21,4,0,40,10,2020,0
2020-10-03 03:00:00,16,3,5,1,40,10,2020,0
2020-10-03 06:00:00,94,6,5,1,40,10,2020,0
2020-10-03 09:00:00,224,9,5,1,40,10,2020,0
2020-10-03 12:00:00,284,12,5,1,40,10,2020,0
2020-10-03 15:00:00,211,15,5,1,40,10,2020,0
2020-10-03 18:00:00,87,18,5,1,40,10,2020,0
2020-10-03 21:00:00,30,21,5,1,40,10,2020,0
2020-10-04 03:00:00,9,3,6,1,40,10,2020,0
2020-10-04 06:00:00,57,6,6,1,40,10,2020,0
2020-10-04 09:00:00,177,9,6,1,40,10,2020,0
2020-10-04 12:00:00,251,12,6,1,40,10,2020,0
2020-10-04 15:00:00,180,15,6,1,40,10,2020,0
2020-10-04 18:00:00,112,18,6,1,40,10,2020,0
2020-10-04 21:00:00,7,21,6,1,40,10,2020,0
2020-10-05 03:00:00,70,3,0,0,41,10,2020,0
2020-10-05 06:00:00,152,6,0,0,41,10,2020,0
2020-10-05 09:00:00,163,9,0,0,41,10,2020,0
2020-10-05 12:00:00,299,12,0,0,41,10,2020,0
2020-10-05 15:00:00,275,15,0,0,41,10,2020,0
2020-10-05 18:00:00,162,18,0,0,41,10,2020,0
2020-10-05 21:00:00,15,21,0,0,41,10,2020,0
2020-10-06 03:00:00,83,3,1,0,41,10,2020,0
2020-10-06 06:00:00,249,6,1,0,41,10,2020,0
2020-10-06 09:00:00,203,9,1,0,41,10,2020,0
2020-10-06 12:00:00,372,12,1,0,41,10,2020,0
2020-10-06 15:00:00,272,15,1,0,41,10,2020,0
2020-10-06 18:00:00,153,18,1,0,41,10,2020,0
2020-10-06 21:00:00,16,21,1,0,41,10,2020,0
2020-10-07 03:00:00,86,3,2,0,41,10,2020,0
2020-10-07 06:00:00,192,6,2,0,41,10,2020,0
2020-10-07 09:00:00,159,9,2,0,41,10,2020,0
2020-10-07 12:00:00,259,12,2,0,41,10,2020,0
2020-10-07 15:00:00,251,15,2,0,41,10,2020,0
2020-10-07 18:00:00,134,18,2,0,41,10,2020,0
2020-10-07 21:00:00,26,21,2,0,41,10,2020,0
2020-10-08 03:00:00,64,3,3,0,41,10,2020,0
2020-10-08 06:00:00,218,6,3,0,41,10,2020,0
2020-10-08 09:00:00,205,9,3,0,41,10,2020,0
2020-10-08 12:00:00,264,12,3,0,41,10,2020,0
2020-10-08 15:00:00,140,15,3,0,41,10,2020,0
2020-10-08 18:00:00,116,18,3,0,41,10,2020,0
2020-10-08 21:00:00,32,21,3,0,41,10,2020,0
2020-10-09 03:00:00,57,3,4,0,41,10,2020,0
2020-10-09 06:00:00,163,6,4,0,41,10,2020,0
2020-10-09 09:00:00,166,9,4,0,41,10,2020,0
2020-10-09 12:00:00,299,12,4,0,41,10,2020,0
2020-10-09 15:00:00,231,15,4,0,41,10,2020,0
2020-10-09 18:00:00,68,18,4,0,41,10,2020,0
2020-10-09 21:00:00,10,21,4,0,41,10,2020,0
2020-10-10 03:00:00,7,3,5,1,41,10,2020,0
2020-10-10 06:00:00,77,6,5,1,41,10,2020,0
2020-10-10 09:00:00,203,9,5,1,41,10,2020,0
2020-10-10 12:00:00,262,12,5,1,41,10,2020,0
2020-10-10 15:00:00,217,15,5,1,41,10,2020,0
2020-10-10 18:00:00,66,18,5,1,41,10,2020,0
2020-10-10 21:00:00,24,21,5,1,41,10,2020,0
2020-10-11 03:00:00,8,3,6,1,41,10,2020,0
2020-10-11 06:00:00,42,6,6,1,41,10,2020,0
2020-10-11 09:00:00,125,9,6,1,41,10,2020,0
2020-10-11 12:00:00,173,12,6,1,41,10,2020,0
2020-10-11 15:00:00,149,15,6,1,41,10,2020,0
2020-10-11 18:00:00,53,18,6,1,41,10,2020,0
2020-10-11 21:00:00,9,21,6,1,41,10,2020,0
2020-10-12 03:00:00,80,3,0,0,42,10,2020,0
2020-10-12 06:00:00,156,6,0,0,42,10,2020,0
2020-10-12 09:00:00,130,9,0,0,42,10,2020,0
2020-10-12 12:00:00,246,12,0,0,42,10,2020,0
2020-10-12 15:00:00,208,15,0,0,42,10,2020,0
2020-10-12 18:00:00,107,18,0,0,42,10,2020,0
2020-10-12 21:00:00,13,21,0,0,42,10,2020,0
2020-10-13 03:00:00,92,3,1,0,42,10,2020,0
2020-10-13 06:00:00,218,6,1,0,42,10,2020,0
2020-10-13 09:00:00,180,9,1,0,42,10,2020,0
2020-10-13 12:00:00,264,12,1,0,42,10,2020,0
2020-10-13 15:00:00,217,15,1,0,42,10,2020,0
2020-10-13 18:00:00,117,18,1,0,42,10,2020,0
2020-10-13 21:00:00,13,21,1,0,42,10,2020,0
2020-10-14 03:00:00,81,3,2,0,42,10,2020,0
2020-10-14 06:00:00,194,6,2,0,42,10,2020,0
2020-10-14 09:00:00,175,9,2,0,42,10,2020,0
2020-10-14 12:00:00,308,12,2,0,42,10,2020,0
2020-10-14 15:00:00,256,15,2,0,42,10,2020,0
2020-10-14 18:00:00,124,18,2,0,42,10,2020,0
2020-10-14 21:00:00,11,21,2,0,42,10,2020,0
2020-10-15 03:00:00,65,3,3,0,42,10,2020,0
2020-10-15 06:00:00,254,6,3,0,42,10,2020,0
2020-10-15 09:00:00,159,9,3,0,42,10,2020,0
2020-10-15 12:00:00,316,12,3,0,42,10,2020,0
2020-10-15 15:00:00,214,15,3,0,42,10,2020,0
2020-10-15 18:00:00,131,18,3,0,42,10,2020,0
2020-10-15 21:00:00,14,21,3,0,42,10,2020,0
2020-10-16 03:00:00,64,3,4,0,42,10,2020,0
2020-10-16 06:00:00,191,6,4,0,42,10,2020,0
2020-10-16 09:00:00,142,9,4,0,42,10,2020,0
2020-10-16 12:00:00,312,12,4,0,42,10,2020,0
2020-10-16 15:00:00,233,15,4,0,42,10,2020,0
2020-10-16 18:00:00,74,18,4,0,42,10,2020,0
2020-10-16 21:00:00,24,21,4,0,42,10,2020,0
2020-10-17 03:00:00,10,3,5,1,42,10,2020,0
2020-10-17 06:00:00,47,6,5,1,42,10,2020,0
2020-10-17 09:00:00,87,9,5,1,42,10,2020,0
2020-10-17 12:00:00,112,12,5,1,42,10,2020,0
2020-10-17 15:00:00,98,15,5,1,42,10,2020,0
2020-10-17 18:00:00,44,18,5,1,42,10,2020,0
2020-10-17 21:00:00,16,21,5,1,42,10,2020,0
2020-10-18 03:00:00,3,3,6,1,42,10,2020,0
2020-10-18 06:00:00,27,6,6,1,42,10,2020,0
2020-10-18 09:00:00,87,9,6,1,42,10,2020,0
2020-10-18 12:00:00,119,12,6,1,42,10,2020,0
2020-10-18 15:00:00,92,15,6,1,42,10,2020,0
2020-10-18 18:00:00,41,18,6,1,42,10,2020,0
2020-10-18 21:00:00,6,21,6,1,42,10,2020,0
2020-10-19 03:00:00,64,3,0,0,43,10,2020,0
2020-10-19 06:00:00,143,6,0,0,43,10,2020,0
2020-10-19 09:00:00,117,9,0,0,43,10,2020,0
2020-10-19 12:00:00,251,12,0,0,43,10,2020,0
2020-10-19 15:00:00,200,15,0,0,43,10,2020,0
2020-10-19 18:00:00,93,18,0,0,43,10,2020,0
2020-10-19 21:00:00,12,21,0,0,43,10,2020,0
2020-10-20 03:00:00,49,3,1,0,43,10,2020,0
2020-10-20 06:00:00,158,6,1,0,43,10,2020,0
2020-10-20 09:00:00,112,9,1,0,43,10,2020,0
2020-10-20 12:00:00,225,12,1,0,43,10,2020,0
2020-10-20 15:00:00,192,15,1,0,43,10,2020,0
2020-10-20 18:00:00,116,18,1,0,43,10,2020,0
2020-10-20 21:00:00,9,21,1,0,43,10,2020,0
2020-10-21 03:00:00,55,3,2,0,43,10,2020,0
2020-10-21 06:00:00,156,6,2,0,43,10,2020,0
2020-10-21 09:00:00,103,9,2,0,43,10,2020,0
2020-10-21 12:00:00,181,12,2,0,43,10,2020,0
2020-10-21 15:00:00,184,15,2,0,43,10,2020,0
2020-10-21 18:00:00,86,18,2,0,43,10,2020,0
2020-10-21 21:00:00,13,21,2,0,43,10,2020,0
2020-10-22 03:00:00,51,3,3,0,43,10,2020,0
2020-10-22 06:00:00,142,6,3,0,43,10,2020,0
2020-10-22 09:00:00,110,9,3,0,43,10,2020,0
2020-10-22 12:00:00,222,12,3,0,43,10,2020,0
2020-10-22 15:00:00,188,15,3,0,43,10,2020,0
2020-10-22 18:00:00,103,18,3,0,43,10,2020,0
2020-10-22 21:00:00,10,21,3,0,43,10,2020,0
2020-10-23 03:00:00,51,3,4,0,43,10,2020,0
2020-10-23 06:00:00,149,6,4,0,43,10,2020,0
2020-10-23 09:00:00,129,9,4,0,43,10,2020,0
2020-10-23 12:00:00,251,12,4,0,43,10,2020,0
2020-10-23 15:00:00,172,15,4,0,43,10,2020,0
2020-10-23 18:00:00,60,18,4,0,43,10,2020,0
2020-10-23 21:00:00,15,21,4,0,43,10,2020,0
2020-10-24 06:00:00,57,6,5,1,43,10,2020,0
2020-10-24 09:00:00,151,9,5,1,43,10,2020,0
2020-10-24 12:00:00,150,12,5,1,43,10,2020,0
2020-10-24 15:00:00,126,15,5,1,43,10,2020,0
2020-10-24 18:00:00,55,18,5,1,43,10,2020,0
2020-10-24 21:00:00,18,21,5,1,43,10,2020,0
2020-10-25 03:00:00,1,3,6,1,43,10,2020,0
2020-10-25 06:00:00,25,6,6,1,43,10,2020,0
2020-10-25 09:00:00,91,9,6,1,43,10,2020,0
2020-10-25 12:00:00,97,12,6,1,43,10,2020,0
2020-10-25 15:00:00,65,15,6,1,43,10,2020,0
2020-10-25 18:00:00,48,18,6,1,43,10,2020,0
2020-10-25 21:00:00,24,21,6,1,43,10,2020,0
2020-10-26 03:00:00,6,3,0,0,44,10,2020,0
2020-10-26 06:00:00,147,6,0,0,44,10,2020,0
2020-10-26 09:00:00,96,9,0,0,44,10,2020,0
2020-10-26 12:00:00,164,12,0,0,44,10,2020,0
2020-10-26 15:00:00,229,15,0,0,44,10,2020,0
2020-10-26 18:00:00,98,18,0,0,44,10,2020,0
2020-10-26 21:00:00,25,21,0,0,44,10,2020,0
2020-10-27 03:00:00,13,3,1,0,44,10,2020,0
2020-10-27 06:00:00,150,6,1,0,44,10,2020,0
2020-10-27 09:00:00,95,9,1,0,44,10,2020,0
2020-10-27 12:00:00,180,12,1,0,44,10,2020,0
2020-10-27 15:00:00,190,15,1,0,44,10,2020,0
2020-10-27 18:00:00,94,18,1,0,44,10,2020,0
2020-10-27 21:00:00,27,21,1,0,44,10,2020,0
2020-10-28 03:00:00,7,3,2,0,44,10,2020,0
2020-10-28 06:00:00,133,6,2,0,44,10,2020,0
2020-10-28 09:00:00,107,9,2,0,44,10,2020,0
2020-10-28 12:00:00,117,12,2,0,44,10,2020,0
2020-10-28 15:00:00,186,15,2,0,44,10,2020,0
2020-10-28 18:00:00,98,18,2,0,44,10,2020,0
2020-10-28 21:00:00,41,21,2,0,44,10,2020,0
2020-10-29 03:00:00,4,3,3,0,44,10,2020,0
2020-10-29 06:00:00,166,6,3,0,44,10,2020,0
2020-10-29 09:00:00,111,9,3,0,44,10,2020,0
2020-10-29 12:00:00,143,12,3,0,44,10,2020,0
2020-10-29 15:00:00,196,15,3,0,44,10,2020,0
2020-10-29 18:00:00,96,18,3,0,44,10,2020,0
2020-10-29 21:00:00,39,21,3,0,44,10,2020,0
2020-10-30 03:00:00,3,3,4,0,44,10,2020,0
2020-10-30 06:00:00,90,6,4,0,44,10,2020,0
2020-10-30 09:00:00,87,9,4,0,44,10,2020,0
2020-10-30 12:00:00,152,12,4,0,44,10,2020,0
2020-10-30 15:00:00,189,15,4,0,44,10,2020,0
2020-10-30 18:00:00,74,18,4,0,44,10,2020,0
2020-10-30 21:00:00,20,21,4,0,44,10,2020,0
2020-10-31 03:00:00,2,3,5,1,44,10,2020,0
2020-10-31 06:00:00,37,6,5,1,44,10,2020,0
2020-10-31 09:00:00,110,9,5,1,44,10,2020,0
2020-10-31 12:00:00,158,12,5,1,44,10,2020,0
2020-10-31 15:00:00,127,15,5,1,44,10,2020,0
2020-10-31 18:00:00,65,18,5,1,44,10,2020,0
2020-10-31 21:00:00,39,21,5,1,44,10,2020,0
2020-11-01 03:00:00,2,3,6,1,44,11,2020,1
2020-11-01 06:00:00,26,6,6,1,44,11,2020,1
2020-11-01 09:00:00,85,9,6,1,44,11,2020,1
2020-11-01 12:00:00,119,12,6,1,44,11,2020,1
2020-11-01 15:00:00,115,15,6,1,44,11,2020,1
2020-11-01 18:00:00,67,18,6,1,44,11,2020,1
2020-11-01 21:00:00,26,21,6,1,44,11,2020,1
2020-11-02 03:00:00,11,3,0,0,45,11,2020,1
2020-11-02 06:00:00,167,6,0,0,45,11,2020,1
2020-11-02 09:00:00,124,9,0,0,45,11,2020,1
2020-11-02 12:00:00,187,12,0,0,45,11,2020,1
2020-11-02 15:00:00,210,15,0,0,45,11,2020,1
2020-11-02 18:00:00,78,18,0,0,45,11,2020,1
2020-11-02 21:00:00,21,21,0,0,45,11,2020,1
2020-11-03 03:00:00,10,3,1,0,45,11,2020,1
2020-11-03 06:00:00,187,6,1,0,45,11,2020,1
2020-11-03 09:00:00,114,9,1,0,45,11,2020,1
2020-11-03 12:00:00,168,12,1,0,45,11,2020,1
2020-11-03 15:00:00,221,15,1,0,45,11,2020,1
2020-11-03 18:00:00,99,18,1,0,45,11,2020,1
2020-11-03 21:00:00,41,21,1,0,45,11,2020,1
2020-11-04 03:00:00,10,3,2,0,45,11,2020,1
2020-11-04 06:00:00,156,6,2,0,45,11,2020,1
2020-11-04 09:00:00,63,9,2,0,45,11,2020,1
2020-11-04 12:00:00,79,12,2,0,45,11,2020,1
2020-11-04 15:00:00,137,15,2,0,45,11,2020,1
2020-11-04 18:00:00,80,18,2,0,45,11,2020,1
2020-11-04 21:00:00,32,21,2,0,45,11,2020,1
2020-11-05 03:00:00,5,3,3,0,45,11,2020,1
2020-11-05 06:00:00,153,6,3,0,45,11,2020,1
2020-11-05 09:00:00,82,9,3,0,45,11,2020,1
2020-11-05 12:00:00,125,12,3,0,45,11,2020,1
2020-11-05 15:00:00,212,15,3,0,45,11,2020,1
2020-11-05 18:00:00,70,18,3,0,45,11,2020,1
2020-11-05 21:00:00,19,21,3,0,45,11,2020,1
2020-11-06 03:00:00,5,3,4,0,45,11,2020,1
2020-11-06 06:00:00,140,6,4,0,45,11,2020,1
2020-11-06 09:00:00,89,9,4,0,45,11,2020,1
2020-11-06 12:00:00,138,12,4,0,45,11,2020,1
2020-11-06 15:00:00,168,15,4,0,45,11,2020,1
2020-11-06 18:00:00,86,18,4,0,45,11,2020,1
2020-11-06 21:00:00,29,21,4,0,45,11,2020,1
2020-11-07 03:00:00,2,3,5,1,45,11,2020,1
2020-11-07 06:00:00,27,6,5,1,45,11,2020,1
2020-11-07 09:00:00,64,9,5,1,45,11,2020,1
2020-11-07 12:00:00,81,12,5,1,45,11,2020,1
2020-11-07 15:00:00,111,15,5,1,45,11,2020,1
2020-11-07 18:00:00,68,18,5,1,45,11,2020,1
2020-11-07 21:00:00,28,21,5,1,45,11,2020,1
2020-11-08 06:00:00,23,6,6,1,45,11,2020,1
2020-11-08 09:00:00,57,9,6,1,45,11,2020,1
2020-11-08 12:00:00,95,12,6,1,45,11,2020,1
2020-11-08 15:00:00,88,15,6,1,45,11,2020,1
2020-11-08 18:00:00,76,18,6,1,45,11,2020,1
2020-11-08 21:00:00,24,21,6,1,45,11,2020,1
2020-11-09 03:00:00,8,3,0,0,46,11,2020,1
2020-11-09 06:00:00,141,6,0,0,46,11,2020,1
2020-11-09 09:00:00,84,9,0,0,46,11,2020,1
2020-11-09 12:00:00,115,12,0,0,46,11,2020,1
2020-11-09 15:00:00,160,15,0,0,46,11,2020,1
2020-11-09 18:00:00,94,18,0,0,46,11,2020,1
2020-11-09 21:00:00,29,21,0,0,46,11,2020,1
2020-11-10 03:00:00,10,3,1,0,46,11,2020,1
2020-11-10 06:00:00,135,6,1,0,46,11,2020,1
2020-11-10 09:00:00,81,9,1,0,46,11,2020,1
2020-11-10 12:00:00,103,12,1,0,46,11,2020,1
2020-11-10 15:00:00,138,15,1,0,46,11,2020,1
2020-11-10 18:00:00,73,18,1,0,46,11,2020,1
2020-11-10 21:00:00,30,21,1,0,46,11,2020,1
2020-11-11 03:00:00,10,3,2,0,46,11,2020,1
2020-11-11 06:00:00,136,6,2,0,46,11,2020,1
2020-11-11 09:00:00,80,9,2,0,46,11,2020,1
2020-11-11 12:00:00,127,12,2,0,46,11,2020,1
2020-11-11 15:00:00,133,15,2,0,46,11,2020,1
2020-11-11 18:00:00,44,18,2,0,46,11,2020,1
2020-11-11 21:00:00,19,21,2,0,46,11,2020,1
2020-11-12 03:00:00,5,3,3,0,46,11,2020,1
2020-11-12 06:00:00,110,6,3,0,46,11,2020,1
2020-11-12 09:00:00,78,9,3,0,46,11,2020,1
2020-11-12 12:00:00,112,12,3,0,46,11,2020,1
2020-11-12 15:00:00,156,15,3,0,46,11,2020,1
2020-11-12 18:00:00,88,18,3,0,46,11,2020,1
2020-11-12 21:00:00,21,21,3,0,46,11,2020,1
2020-11-13 03:00:00,4,3,4,0,46,11,2020,1
2020-11-13 06:00:00,142,6,4,0,46,11,2020,1
2020-11-13 09:00:00,93,9,4,0,46,11,2020,1
2020-11-13 12:00:00,153,12,4,0,46,11,2020,1
2020-11-13 15:00:00,172,15,4,0,46,11,2020,1
2020-11-13 18:00:00,89,18,4,0,46,11,2020,1
2020-11-13 21:00:00,33,21,4,0,46,11,2020,1
2020-11-14 03:00:00,5,3,5,1,46,11,2020,1
2020-11-14 06:00:00,33,6,5,1,46,11,2020,1
2020-11-14 09:00:00,106,9,5,1,46,11,2020,1
2020-11-14 12:00:00,142,12,5,1,46,11,2020,1
2020-11-14 15:00:00,113,15,5,1,46,11,2020,1
2020-11-14 18:00:00,72,18,5,1,46,11,2020,1
2020-11-14 21:00:00,31,21,5,1,46,11,2020,1
2020-11-15 03:00:00,1,3,6,1,46,11,2020,1
2020-11-15 06:00:00,40,6,6,1,46,11,2020,1
2020-11-15 09:00:00,55,9,6,1,46,11,2020,1
2020-11-15 12:00:00,115,12,6,1,46,11,2020,1
2020-11-15 15:00:00,113,15,6,1,46,11,2020,1
2020-11-15 18:00:00,77,18,6,1,46,11,2020,1
2020-11-15 21:00:00,30,21,6,1,46,11,2020,1
2020-11-16 03:00:00,8,3,0,0,47,11,2020,1
2020-11-16 06:00:00,141,6,0,0,47,11,2020,1
2020-11-16 09:00:00,97,9,0,0,47,11,2020,1
2020-11-16 12:00:00,144,12,0,0,47,11,2020,1
2020-11-16 15:00:00,184,15,0,0,47,11,2020,1
2020-11-16 18:00:00,107,18,0,0,47,11,2020,1
2020-11-16 21:00:00,30,21,0,0,47,11,2020,1
2020-11-17 03:00:00,14,3,1,0,47,11,2020,1
2020-11-17 06:00:00,142,6,1,0,47,11,2020,1
2020-11-17 09:00:00,101,9,1,0,47,11,2020,1
2020-11-17 12:00:00,105,12,1,0,47,11,2020,1
2020-11-17 15:00:00,110,15,1,0,47,11,2020,1
2020-11-17 18:00:00,88,18,1,0,47,11,2020,1
2020-11-17 21:00:00,30,21,1,0,47,11,2020,1
2020-11-18 03:00:00,10,3,2,0,47,11,2020,1
2020-11-18 06:00:00,135,6,2,0,47,11,2020,1
2020-11-18 09:00:00,57,9,2,0,47,11,2020,1
2020-11-18 12:00:00,66,12,2,0,47,11,2020,1
2020-11-18 15:00:00,109,15,2,0,47,11,2020,1
2020-11-18 18:00:00,66,18,2,0,47,11,2020,1
2020-11-18 21:00:00,14,21,2,0,47,11,2020,1
2020-11-19 03:00:00,5,3,3,0,47,11,2020,1
2020-11-19 06:00:00,77,6,3,0,47,11,2020,1
2020-11-19 09:00:00,19,9,3,0,47,11,2020,1
2020-11-19 12:00:00,23,12,3,0,47,11,2020,1
2020-11-19 15:00:00,45,15,3,0,47,11,2020,1
2020-11-19 18:00:00,30,18,3,0,47,11,2020,1
2020-11-19 21:00:00,9,21,3,0,47,11,2020,1
2020-11-20 03:00:00,1,3,4,0,47,11,2020,1
2020-11-20 06:00:00,62,6,4,0,47,11,2020,1
2020-11-20 09:00:00,28,9,4,0,47,11,2020,1
2020-11-20 12:00:00,38,12,4,0,47,11,2020,1
2020-11-20 15:00:00,64,15,4,0,47,11,2020,1
2020-11-20 18:00:00,18,18,4,0,47,11,2020,1
2020-11-20 21:00:00,14,21,4,0,47,11,2020,1
2020-11-21 03:00:00,1,3,5,1,47,11,2020,1
2020-11-21 06:00:00,11,6,5,1,47,11,2020,1
2020-11-21 09:00:00,40,9,5,1,47,11,2020,1
2020-11-21 12:00:00,46,12,5,1,47,11,2020,1
2020-11-21 15:00:00,48,15,5,1,47,11,2020,1
2020-11-21 18:00:00,17,18,5,1,47,11,2020,1
2020-11-21 21:00:00,4,21,5,1,47,11,2020,1
2020-11-22 06:00:00,10,6,6,1,47,11,2020,1
2020-11-22 09:00:00,23,9,6,1,47,11,2020,1
2020-11-22 12:00:00,27,12,6,1,47,11,2020,1
2020-11-22 15:00:00,41,15,6,1,47,11,2020,1
2020-11-22 18:00:00,29,18,6,1,47,11,2020,1
2020-11-22 21:00:00,12,21,6,1,47,11,2020,1
2020-11-23 03:00:00,2,3,0,0,48,11,2020,1
2020-11-23 06:00:00,80,6,0,0,48,11,2020,1
2020-11-23 09:00:00,40,9,0,0,48,11,2020,1
2020-11-23 12:00:00,58,12,0,0,48,11,2020,1
2020-11-23 15:00:00,105,15,0,0,48,11,2020,1
2020-11-23 18:00:00,69,18,0,0,48,11,2020,1
2020-11-23 21:00:00,7,21,0,0,48,11,2020,1
2020-11-24 03:00:00,11,3,1,0,48,11,2020,1
2020-11-24 06:00:00,98,6,1,0,48,11,2020,1
2020-11-24 09:00:00,41,9,1,0,48,11,2020,1
2020-11-24 12:00:00,79,12,1,0,48,11,2020,1
2020-11-24 15:00:00,91,15,1,0,48,11,2020,1
2020-11-24 18:00:00,52,18,1,0,48,11,2020,1
2020-11-24 21:00:00,17,21,1,0,48,11,2020,1
2020-11-25 03:00:00,6,3,2,0,48,11,2020,1
2020-11-25 06:00:00,89,6,2,0,48,11,2020,1
2020-11-25 09:00:00,44,9,2,0,48,11,2020,1
2020-11-25 12:00:00,73,12,2,0,48,11,2020,1
2020-11-25 15:00:00,97,15,2,0,48,11,2020,1
2020-11-25 18:00:00,63,18,2,0,48,11,2020,1
2020-11-25 21:00:00,13,21,2,0,48,11,2020,1
2020-11-26 03:00:00,7,3,3,0,48,11,2020,1
2020-11-26 06:00:00,100,6,3,0,48,11,2020,1
2020-11-26 09:00:00,57,9,3,0,48,11,2020,1
2020-11-26 12:00:00,85,12,3,0,48,11,2020,1
2020-11-26 15:00:00,114,15,3,0,48,11,2020,1
2020-11-26 18:00:00,51,18,3,0,48,11,2020,1
2020-11-26 21:00:00,16,21,3,0,48,11,2020,1
2020-11-27 03:00:00,5,3,4,0,48,11,2020,1
2020-11-27 06:00:00,89,6,4,0,48,11,2020,1
2020-11-27 09:00:00,60,9,4,0,48,11,2020,1
2020-11-27 12:00:00,79,12,4,0,48,11,2020,1
2020-11-27 15:00:00,90,15,4,0,48,11,2020,1
2020-11-27 18:00:00,53,18,4,0,48,11,2020,1
2020-11-27 21:00:00,25,21,4,0,48,11,2020,1
2020-11-28 06:00:00,23,6,5,1,48,11,2020,1
2020-11-28 09:00:00,51,9,5,1,48,11,2020,1
2020-11-28 12:00:00,68,12,5,1,48,11,2020,1
2020-11-28 15:00:00,71,15,5,1,48,11,2020,1
2020-11-28 18:00:00,33,18,5,1,48,11,2020,1
2020-11-28 21:00:00,16,21,5,1,48,11,2020,1
2020-11-29 03:00:00,2,3,6,1,48,11,2020,1
2020-11-29 06:00:00,21,6,6,1,48,11,2020,1
2020-11-29 09:00:00,55,9,6,1,48,11,2020,1
2020-11-29 12:00:00,51,12,6,1,48,11,2020,1
2020-11-29 15:00:00,48,15,6,1,48,11,2020,1
2020-11-29 18:00:00,41,18,6,1,48,11,2020,1
2020-11-29 21:00:00,6,21,6,1,48,11,2020,1
2020-11-30 03:00:00,1,3,0,0,49,11,2020,1
2020-11-30 06:00:00,40,6,0,0,49,11,2020,1
2020-11-30 09:00:00,34,9,0,0,49,11,2020,1
2020-11-30 12:00:00,29,12,0,0,49,11,2020,1
2020-11-30 15:00:00,46,15,0,0,49,11,2020,1
2020-11-30 18:00:00,26,18,0,0,49,11,2020,1
2020-11-30 21:00:00,5,21,0,0,49,11,2020,1
2021-04-07 03:00:00,2,3,2,0,14,4,2021,0
2021-04-07 06:00:00,16,6,2,0,14,4,2021,0
2021-04-07 09:00:00,15,9,2,0,14,4,2021,0
2021-04-07 12:00:00,26,12,2,0,14,4,2021,0
2021-04-07 15:00:00,20,15,2,0,14,4,2021,0
2021-04-07 18:00:00,3,18,2,0,14,4,2021,0
2021-04-08 03:00:00,3,3,3,0,14,4,2021,0
2021-04-08 06:00:00,7,6,3,0,14,4,2021,0
2021-04-08 09:00:00,17,9,3,0,14,4,2021,0
2021-04-08 12:00:00,31,12,3,0,14,4,2021,0
2021-04-08 15:00:00,38,15,3,0,14,4,2021,0
2021-04-08 18:00:00,19,18,3,0,14,4,2021,0
2021-04-08 21:00:00,2,21,3,0,14,4,2021,0
2021-04-09 03:00:00,12,3,4,0,14,4,2021,0
2021-04-09 06:00:00,27,6,4,0,14,4,2021,0
2021-04-09 09:00:00,18,9,4,0,14,4,2021,0
2021-04-09 12:00:00,47,12,4,0,14,4,2021,0
2021-04-09 15:00:00,38,15,4,0,14,4,2021,0
2021-04-09 18:00:00,11,18,4,0,14,4,2021,0
2021-04-09 21:00:00,1,21,4,0,14,4,2021,0
2021-04-10 06:00:00,3,6,5,1,14,4,2021,0
2021-04-10 09:00:00,8,9,5,1,14,4,2021,0
2021-04-10 12:00:00,23,12,5,1,14,4,2021,0
2021-04-10 15:00:00,25,15,5,1,14,4,2021,0
2021-04-10 18:00:00,12,18,5,1,14,4,2021,0
2021-04-10 21:00:00,4,21,5,1,14,4,2021,0
2021-04-11 03:00:00,1,3,6,1,14,4,2021,0
2021-04-11 06:00:00,19,6,6,1,14,4,2021,0
2021-04-11 09:00:00,39,9,6,1,14,4,2021,0
2021-04-11 12:00:00,55,12,6,1,14,4,2021,0
2021-04-11 15:00:00,59,15,6,1,14,4,2021,0
2021-04-11 18:00:00,24,18,6,1,14,4,2021,0
2021-04-11 21:00:00,3,21,6,1,14,4,2021,0
2021-04-12 03:00:00,28,3,0,0,15,4,2021,0
2021-04-12 06:00:00,59,6,0,0,15,4,2021,0
2021-04-12 09:00:00,42,9,0,0,15,4,2021,0
2021-04-12 12:00:00,99,12,0,0,15,4,2021,0
2021-04-12 15:00:00,89,15,0,0,15,4,2021,0
2021-04-12 18:00:00,45,18,0,0,15,4,2021,0
2021-04-12 21:00:00,8,21,0,0,15,4,2021,0
2021-04-13 03:00:00,30,3,1,0,15,4,2021,0
2021-04-13 06:00:00,84,6,1,0,15,4,2021,0
2021-04-13 09:00:00,34,9,1,0,15,4,2021,0
2021-04-13 12:00:00,77,12,1,0,15,4,2021,0
2021-04-13 15:00:00,74,15,1,0,15,4,2021,0
2021-04-13 18:00:00,26,18,1,0,15,4,2021,0
2021-04-13 21:00:00,5,21,1,0,15,4,2021,0
2021-04-14 03:00:00,28,3,2,0,15,4,2021,0
2021-04-14 06:00:00,67,6,2,0,15,4,2021,0
2021-04-14 09:00:00,41,9,2,0,15,4,2021,0
2021-04-14 12:00:00,100,12,2,0,15,4,2021,0
2021-04-14 15:00:00,123,15,2,0,15,4,2021,0
2021-04-14 18:00:00,44,18,2,0,15,4,2021,0
2021-04-14 21:00:00,4,21,2,0,15,4,2021,0
2021-04-15 03:00:00,36,3,3,0,15,4,2021,0
2021-04-15 06:00:00,92,6,3,0,15,4,2021,0
2021-04-15 09:00:00,54,9,3,0,15,4,2021,0
2021-04-15 12:00:00,117,12,3,0,15,4,2021,0
2021-04-15 15:00:00,110,15,3,0,15,4,2021,0
2021-04-15 18:00:00,46,18,3,0,15,4,2021,0
2021-04-15 21:00:00,7,21,3,0,15,4,2021,0
2021-04-16 03:00:00,33,3,4,0,15,4,2021,0
2021-04-16 06:00:00,110,6,4,0,15,4,2021,0
2021-04-16 09:00:00,81,9,4,0,15,4,2021,0
2021-04-16 12:00:00,168,12,4,0,15,4,2021,0
2021-04-16 15:00:00,154,15,4,0,15,4,2021,0
2021-04-16 18:00:00,55,18,4,0,15,4,2021,0
2021-04-16 21:00:00,11,21,4,0,15,4,2021,0
2021-04-17 03:00:00,9,3,5,1,15,4,2021,0
2021-04-17 06:00:00,57,6,5,1,15,4,2021,0
2021-04-17 09:00:00,131,9,5,1,15,4,2021,0
2021-04-17 12:00:00,164,12,5,1,15,4,2021,0
2021-04-17 15:00:00,141,15,5,1,15,4,2021,0
2021-04-17 18:00:00,50,18,5,1,15,4,2021,0
2021-04-17 21:00:00,12,21,5,1,15,4,2021,0
2021-04-18 03:00:00,3,3,6,1,15,4,2021,0
2021-04-18 06:00:00,37,6,6,1,15,4,2021,0
2021-04-18 09:00:00,141,9,6,1,15,4,2021,0
2021-04-18 12:00:00,163,12,6,1,15,4,2021,0
2021-04-18 15:00:00,129,15,6,1,15,4,2021,0
2021-04-18 18:00:00,64,18,6,1,15,4,2021,0
2021-04-18 21:00:00,3,21,6,1,15,4,2021,0
2021-04-19 03:00:00,63,3,0,0,16,4,2021,0
2021-04-19 06:00:00,99,6,0,0,16,4,2021,0
2021-04-19 09:00:00,91,9,0,0,16,4,2021,0
2021-04-19 12:00:00,195,12,0,0,16,4,2021,0
2021-04-19 15:00:00,195,15,0,0,16,4,2021,0
2021-04-19 18:00:00,132,18,0,0,16,4,2021,0
2021-04-19 21:00:00,6,21,0,0,16,4,2021,0
2021-04-20 03:00:00,77,3,1,0,16,4,2021,0
2021-04-20 06:00:00,152,6,1,0,16,4,2021,0
2021-04-20 09:00:00,120,9,1,0,16,4,2021,0
2021-04-20 12:00:00,202,12,1,0,16,4,2021,0
2021-04-20 15:00:00,187,15,1,0,16,4,2021,0
2021-04-20 18:00:00,67,18,1,0,16,4,2021,0
2021-04-20 21:00:00,3,21,1,0,16,4,2021,0
2021-04-21 03:00:00,64,3,2,0,16,4,2021,0
2021-04-21 06:00:00,108,6,2,0,16,4,2021,0
2021-04-21 09:00:00,70,9,2,0,16,4,2021,0
2021-04-21 12:00:00,152,12,2,0,16,4,2021,0
2021-04-21 15:00:00,166,15,2,0,16,4,2021,0
2021-04-21 18:00:00,106,18,2,0,16,4,2021,0
2021-04-21 21:00:00,9,21,2,0,16,4,2021,0
2021-04-22 03:00:00,48,3,3,0,16,4,2021,0
2021-04-22 06:00:00,85,6,3,0,16,4,2021,0
2021-04-22 09:00:00,76,9,3,0,16,4,2021,0
2021-04-22 12:00:00,117,12,3,0,16,4,2021,0
2021-04-22 15:00:00,122,15,3,0,16,4,2021,0
2021-04-22 18:00:00,54,18,3,0,16,4,2021,0
2021-04-22 21:00:00,3,21,3,0,16,4,2021,0
2021-04-23 03:00:00,56,3,4,0,16,4,2021,0
2021-04-23 06:00:00,69,6,4,0,16,4,2021,0
2021-04-23 09:00:00,87,9,4,0,16,4,2021,0
2021-04-23 12:00:00,131,12,4,0,16,4,2021,0
2021-04-23 15:00:00,107,15,4,0,16,4,2021,0
2021-04-23 18:00:00,49,18,4,0,16,4,2021,0
2021-04-23 21:00:00,5,21,4,0,16,4,2021,0
2021-04-24 03:00:00,5,3,5,1,16,4,2021,0
2021-04-24 06:00:00,47,6,5,1,16,4,2021,0
2021-04-24 09:00:00,114,9,5,1,16,4,2021,0
2021-04-24 12:00:00,137,12,5,1,16,4,2021,0
2021-04-24 15:00:00,142,15,5,1,16,4,2021,0
2021-04-24 18:00:00,65,18,5,1,16,4,2021,0
2021-04-24 21:00:00,14,21,5,1,16,4,2021,0
2021-04-25 03:00:00,7,3,6,1,16,4,2021,0
2021-04-25 06:00:00,36,6,6,1,16,4,2021,0
2021-04-25 09:00:00,86,9,6,1,16,4,2021,0
2021-04-25 12:00:00,110,12,6,1,16,4,2021,0
2021-04-25 15:00:00,104,15,6,1,16,4,2021,0
2021-04-25 18:00:00,52,18,6,1,16,4,2021,0
2021-04-25 21:00:00,5,21,6,1,16,4,2021,0
2021-04-26 03:00:00,65,3,0,0,17,4,2021,0
2021-04-26 06:00:00,117,6,0,0,17,4,2021,0
2021-04-26 09:00:00,82,9,0,0,17,4,2021,0
2021-04-26 12:00:00,174,12,0,0,17,4,2021,0
2021-04-26 15:00:00,193,15,0,0,17,4,2021,0
2021-04-26 18:00:00,104,18,0,0,17,4,2021,0
2021-04-26 21:00:00,6,21,0,0,17,4,2021,0
2021-04-27 03:00:00,84,3,1,0,17,4,2021,0
2021-04-27 06:00:00,163,6,1,0,17,4,2021,0
2021-04-27 09:00:00,85,9,1,0,17,4,2021,0
2021-04-27 12:00:00,188,12,1,0,17,4,2021,0
2021-04-27 15:00:00,185,15,1,0,17,4,2021,0
2021-04-27 18:00:00,94,18,1,0,17,4,2021,0
2021-04-27 21:00:00,12,21,1,0,17,4,2021,0
2021-04-28 03:00:00,72,3,2,0,17,4,2021,0
2021-04-28 06:00:00,164,6,2,0,17,4,2021,0
2021-04-28 09:00:00,106,9,2,0,17,4,2021,0
2021-04-28 12:00:00,215,12,2,0,17,4,2021,0
2021-04-28 15:00:00,182,15,2,0,17,4,2021,0
2021-04-28 18:00:00,105,18,2,0,17,4,2021,0
2021-04-28 21:00:00,12,21,2,0,17,4,2021,0
2021-04-29 03:00:00,71,3,3,0,17,4,2021,0
2021-04-29 06:00:00,159,6,3,0,17,4,2021,0
2021-04-29 09:00:00,96,9,3,0,17,4,2021,0
2021-04-29 12:00:00,223,12,3,0,17,4,2021,0
2021-04-29 15:00:00,195,15,3,0,17,4,2021,0
2021-04-29 18:00:00,115,18,3,0,17,4,2021,0
2021-04-29 21:00:00,14,21,3,0,17,4,2021,0
2021-04-30 03:00:00,48,3,4,0,17,4,2021,0
2021-04-30 06:00:00,113,6,4,0,17,4,2021,0
2021-04-30 09:00:00,92,9,4,0,17,4,2021,0
2021-04-30 12:00:00,180,12,4,0,17,4,2021,0
2021-04-30 15:00:00,192,15,4,0,17,4,2021,0
2021-04-30 18:00:00,66,18,4,0,17,4,2021,0
2021-04-30 21:00:00,17,21,4,0,17,4,2021,0
2021-05-01 03:00:00,10,3,5,1,17,5,2021,0
2021-05-01 06:00:00,72,6,5,1,17,5,2021,0
2021-05-01 09:00:00,158,9,5,1,17,5,2021,0
2021-05-01 12:00:00,177,12,5,1,17,5,2021,0
2021-05-01 15:00:00,133,15,5,1,17,5,2021,0
2021-05-01 18:00:00,58,18,5,1,17,5,2021,0
2021-05-01 21:00:00,25,21,5,1,17,5,2021,0
2021-05-02 03:00:00,9,3,6,1,17,5,2021,0
2021-05-02 06:00:00,65,6,6,1,17,5,2021,0
2021-05-02 09:00:00,122,9,6,1,17,5,2021,0
2021-05-02 12:00:00,121,12,6,1,17,5,2021,0
2021-05-02 15:00:00,115,15,6,1,17,5,2021,0
2021-05-02 18:00:00,88,18,6,1,17,5,2021,0
2021-05-02 21:00:00,6,21,6,1,17,5,2021,0
2021-05-03 03:00:00,67,3,0,0,18,5,2021,0
2021-05-03 06:00:00,142,6,0,0,18,5,2021,0
2021-05-03 09:00:00,80,9,0,0,18,5,2021,0
2021-05-03 12:00:00,197,12,0,0,18,5,2021,0
2021-05-03 15:00:00,208,15,0,0,18,5,2021,0
2021-05-03 18:00:00,97,18,0,0,18,5,2021,0
2021-05-03 21:00:00,11,21,0,0,18,5,2021,0
2021-05-04 03:00:00,90,3,1,0,18,5,2021,0
2021-05-04 06:00:00,149,6,1,0,18,5,2021,0
2021-05-04 09:00:00,83,9,1,0,18,5,2021,0
2021-05-04 12:00:00,168,12,1,0,18,5,2021,0
2021-05-04 15:00:00,207,15,1,0,18,5,2021,0
2021-05-04 18:00:00,105,18,1,0,18,5,2021,0
2021-05-04 21:00:00,5,21,1,0,18,5,2021,0
2021-05-05 03:00:00,72,3,2,0,18,5,2021,0
2021-05-05 06:00:00,181,6,2,0,18,5,2021,0
2021-05-05 09:00:00,92,9,2,0,18,5,2021,0
2021-05-05 12:00:00,210,12,2,0,18,5,2021,0
2021-05-05 15:00:00,221,15,2,0,18,5,2021,0
2021-05-05 18:00:00,119,18,2,0,18,5,2021,0
2021-05-05 21:00:00,13,21,2,0,18,5,2021,0
2021-05-06 03:00:00,66,3,3,0,18,5,2021,0
2021-05-06 06:00:00,181,6,3,0,18,5,2021,0
2021-05-06 09:00:00,102,9,3,0,18,5,2021,0
2021-05-06 12:00:00,203,12,3,0,18,5,2021,0
2021-05-06 15:00:00,223,15,3,0,18,5,2021,0
2021-05-06 18:00:00,136,18,3,0,18,5,2021,0
2021-05-06 21:00:00,17,21,3,0,18,5,2021,0
2021-05-07 03:00:00,72,3,4,0,18,5,2021,0
2021-05-07 06:00:00,184,6,4,0,18,5,2021,0
2021-05-07 09:00:00,117,9,4,0,18,5,2021,0
2021-05-07 12:00:00,226,12,4,0,18,5,2021,0
2021-05-07 15:00:00,189,15,4,0,18,5,2021,0
2021-05-07 18:00:00,102,18,4,0,18,5,2021,0
2021-05-07 21:00:00,23,21,4,0,18,5,2021,0
2021-05-08 03:00:00,10,3,5,1,18,5,2021,0
2021-05-08 06:00:00,98,6,5,1,18,5,2021,0
2021-05-08 09:00:00,184,9,5,1,18,5,2021,0
2021-05-08 12:00:00,160,12,5,1,18,5,2021,0
2021-05-08 15:00:00,163,15,5,1,18,5,2021,0
2021-05-08 18:00:00,76,18,5,1,18,5,2021,0
2021-05-08 21:00:00,19,21,5,1,18,5,2021,0
2021-05-09 03:00:00,12,3,6,1,18,5,2021,0
2021-05-09 06:00:00,72,6,6,1,18,5,2021,0
2021-05-09 09:00:00,117,9,6,1,18,5,2021,0
2021-05-09 12:00:00,104,12,6,1,18,5,2021,0
2021-05-09 15:00:00,115,15,6,1,18,5,2021,0
2021-05-09 18:00:00,77,18,6,1,18,5,2021,0
2021-05-09 21:00:00,12,21,6,1,18,5,2021,0
2021-05-10 03:00:00,65,3,0,0,19,5,2021,0
2021-05-10 06:00:00,144,6,0,0,19,5,2021,0
2021-05-10 09:00:00,79,9,0,0,19,5,2021,0
2021-05-10 12:00:00,198,12,0,0,19,5,2021,0
2021-05-10 15:00:00,194,15,0,0,19,5,2021,0
2021-05-10 18:00:00,63,18,0,0,19,5,2021,0
2021-05-10 21:00:00,5,21,0,0,19,5,2021,0
2021-05-11 03:00:00,84,3,1,0,19,5,2021,0
2021-05-11 06:00:00,167,6,1,0,19,5,2021,0
2021-05-11 09:00:00,89,9,1,0,19,5,2021,0
2021-05-11 12:00:00,294,12,1,0,19,5,2021,0
2021-05-11 15:00:00,232,15,1,0,19,5,2021,0
2021-05-11 18:00:00,190,18,1,0,19,5,2021,0
2021-05-11 21:00:00,14,21,1,0,19,5,2021,0
2021-05-12 03:00:00,71,3,2,0,19,5,2021,0
2021-05-12 06:00:00,169,6,2,0,19,5,2021,0
2021-05-12 09:00:00,104,9,2,0,19,5,2021,0
2021-05-12 12:00:00,173,12,2,0,19,5,2021,0
2021-05-12 15:00:00,136,15,2,0,19,5,2021,0
2021-05-12 18:00:00,69,18,2,0,19,5,2021,0
2021-05-12 21:00:00,15,21,2,0,19,5,2021,0
2021-05-13 03:00:00,26,3,3,0,19,5,2021,0
2021-05-13 06:00:00,112,6,3,0,19,5,2021,0
2021-05-13 09:00:00,81,9,3,0,19,5,2021,0
2021-05-13 12:00:00,153,12,3,0,19,5,2021,0
2021-05-13 15:00:00,165,15,3,0,19,5,2021,0
2021-05-13 18:00:00,88,18,3,0,19,5,2021,0
2021-05-13 21:00:00,14,21,3,0,19,5,2021,0
2021-05-14 03:00:00,40,3,4,0,19,5,2021,0
2021-05-14 06:00:00,138,6,4,0,19,5,2021,0
2021-05-14 09:00:00,162,9,4,0,19,5,2021,0
2021-05-14 12:00:00,253,12,4,0,19,5,2021,0
2021-05-14 15:00:00,250,15,4,0,19,5,2021,0
2021-05-14 18:00:00,113,18,4,0,19,5,2021,0
2021-05-14 21:00:00,33,21,4,0,19,5,2021,0
2021-05-15 03:00:00,15,3,5,1,19,5,2021,0
2021-05-15 06:00:00,122,6,5,1,19,5,2021,0
2021-05-15 09:00:00,197,9,5,1,19,5,2021,0
2021-05-15 12:00:00,236,12,5,1,19,5,2021,0
2021-05-15 15:00:00,202,15,5,1,19,5,2021,0
2021-05-15 18:00:00,102,18,5,1,19,5,2021,0
2021-05-15 21:00:00,20,21,5,1,19,5,2021,0
2021-05-16 03:00:00,10,3,6,1,19,5,2021,0
2021-05-16 06:00:00,91,6,6,1,19,5,2021,0
2021-05-16 09:00:00,115,9,6,1,19,5,2021,0
2021-05-16 12:00:00,157,12,6,1,19,5,2021,0
2021-05-16 15:00:00,147,15,6,1,19,5,2021,0
2021-05-16 18:00:00,91,18,6,1,19,5,2021,0
2021-05-16 21:00:00,13,21,6,1,19,5,2021,0
2021-05-17 03:00:00,13,3,0,0,20,5,2021,0
2021-05-17 06:00:00,56,6,0,0,20,5,2021,0
2021-05-17 09:00:00,51,9,0,0,20,5,2021,0
2021-05-17 12:00:00,77,12,0,0,20,5,2021,0
2021-05-17 15:00:00,36,15,0,0,20,5,2021,0
2021-05-17 18:00:00,38,18,0,0,20,5,2021,0
2021-05-17 21:00:00,9,21,0,0,20,5,2021,0
2021-05-18 03:00:00,22,3,1,0,20,5,2021,0
2021-05-18 06:00:00,63,6,1,0,20,5,2021,0
2021-05-18 09:00:00,87,9,1,0,20,5,2021,0
2021-05-18 12:00:00,142,12,1,0,20,5,2021,0
2021-05-18 15:00:00,141,15,1,0,20,5,2021,0
2021-05-18 18:00:00,64,18,1,0,20,5,2021,0
2021-05-18 21:00:00,5,21,1,0,20,5,2021,0
2021-05-19 03:00:00,57,3,2,0,20,5,2021,0
2021-05-19 06:00:00,138,6,2,0,20,5,2021,0
2021-05-19 09:00:00,68,9,2,0,20,5,2021,0
2021-05-19 12:00:00,173,12,2,0,20,5,2021,0
2021-05-19 15:00:00,189,15,2,0,20,5,2021,0
2021-05-19 18:00:00,107,18,2,0,20,5,2021,0
2021-05-19 21:00:00,8,21,2,0,20,5,2021,0
2021-05-20 03:00:00,65,3,3,0,20,5,2021,0
2021-05-20 06:00:00,156,6,3,0,20,5,2021,0
2021-05-20 09:00:00,91,9,3,0,20,5,2021,0
2021-05-20 12:00:00,190,12,3,0,20,5,2021,0
2021-05-20 15:00:00,211,15,3,0,20,5,2021,0
2021-05-20 18:00:00,84,18,3,0,20,5,2021,0
2021-05-20 21:00:00,9,21,3,0,20,5,2021,0
2021-05-21 03:00:00,51,3,4,0,20,5,2021,0
2021-05-21 06:00:00,142,6,4,0,20,5,2021,0
2021-05-21 09:00:00,129,9,4,0,20,5,2021,0
2021-05-21 12:00:00,201,12,4,0,20,5,2021,0
2021-05-21 15:00:00,227,15,4,0,20,5,2021,0
2021-05-21 18:00:00,137,18,4,0,20,5,2021,0
2021-05-21 21:00:00,24,21,4,0,20,5,2021,0
2021-05-22 03:00:00,6,3,5,1,20,5,2021,0
2021-05-22 06:00:00,99,6,5,1,20,5,2021,0
2021-05-22 09:00:00,146,9,5,1,20,5,2021,0
2021-05-22 12:00:00,213,12,5,1,20,5,2021,0
2021-05-22 15:00:00,161,15,5,1,20,5,2021,0
2021-05-22 18:00:00,70,18,5,1,20,5,2021,0
2021-05-22 21:00:00,17,21,5,1,20,5,2021,0
2021-05-23 03:00:00,3,3,6,1,20,5,2021,0
2021-05-23 06:00:00,71,6,6,1,20,5,2021,0
2021-05-23 09:00:00,135,9,6,1,20,5,2021,0
2021-05-23 12:00:00,181,12,6,1,20,5,2021,0
2021-05-23 15:00:00,88,15,6,1,20,5,2021,0
2021-05-23 18:00:00,58,18,6,1,20,5,2021,0
2021-05-23 21:00:00,24,21,6,1,20,5,2021,0
2021-05-24 03:00:00,17,3,0,0,21,5,2021,0
2021-05-24 06:00:00,141,6,0,0,21,5,2021,0
2021-05-24 09:00:00,156,9,0,0,21,5,2021,0
2021-05-24 12:00:00,210,12,0,0,21,5,2021,0
2021-05-24 15:00:00,229,15,0,0,21,5,2021,0
2021-05-24 18:00:00,147,18,0,0,21,5,2021,0
2021-05-24 21:00:00,19,21,0,0,21,5,2021,0
2021-05-25 03:00:00,59,3,1,0,21,5,2021,0
2021-05-25 06:00:00,170,6,1,0,21,5,2021,0
2021-05-25 09:00:00,128,9,1,0,21,5,2021,0
2021-05-25 12:00:00,283,12,1,0,21,5,2021,0
2021-05-25 15:00:00,249,15,1,0,21,5,2021,0
2021-05-25 18:00:00,177,18,1,0,21,5,2021,0
2021-05-25 21:00:00,12,21,1,0,21,5,2021,0
2021-05-26 03:00:00,58,3,2,0,21,5,2021,0
2021-05-26 06:00:00,165,6,2,0,21,5,2021,0
2021-05-26 09:00:00,97,9,2,0,21,5,2021,0
2021-05-26 12:00:00,263,12,2,0,21,5,2021,0
2021-05-26 15:00:00,302,15,2,0,21,5,2021,0
2021-05-26 18:00:00,180,18,2,0,21,5,2021,0
2021-05-26 21:00:00,17,21,2,0,21,5,2021,0
2021-05-27 03:00:00,46,3,3,0,21,5,2021,0
2021-05-27 06:00:00,171,6,3,0,21,5,2021,0
2021-05-27 09:00:00,117,9,3,0,21,5,2021,0
2021-05-27 12:00:00,273,12,3,0,21,5,2021,0
2021-05-27 15:00:00,262,15,3,0,21,5,2021,0
2021-05-27 18:00:00,162,18,3,0,21,5,2021,0
2021-05-27 21:00:00,23,21,3,0,21,5,2021,0
2021-05-28 03:00:00,53,3,4,0,21,5,2021,0
2021-05-28 06:00:00,121,6,4,0,21,5,2021,0
2021-05-28 09:00:00,120,9,4,0,21,5,2021,0
2021-05-28 12:00:00,249,12,4,0,21,5,2021,0
2021-05-28 15:00:00,239,15,4,0,21,5,2021,0
2021-05-28 18:00:00,115,18,4,0,21,5,2021,0
2021-05-28 21:00:00,26,21,4,0,21,5,2021,0
2021-05-29 03:00:00,18,3,5,1,21,5,2021,0
2021-05-29 06:00:00,95,6,5,1,21,5,2021,0
2021-05-29 09:00:00,228,9,5,1,21,5,2021,0
2021-05-29 12:00:00,275,12,5,1,21,5,2021,0
2021-05-29 15:00:00,245,15,5,1,21,5,2021,0
2021-05-29 18:00:00,142,18,5,1,21,5,2021,0
2021-05-29 21:00:00,40,21,5,1,21,5,2021,0
2021-05-30 03:00:00,11,3,6,1,21,5,2021,0
2021-05-30 06:00:00,71,6,6,1,21,5,2021,0
2021-05-30 09:00:00,180,9,6,1,21,5,2021,0
2021-05-30 12:00:00,202,12,6,1,21,5,2021,0
2021-05-30 15:00:00,182,15,6,1,21,5,2021,0
2021-05-30 18:00:00,114,18,6,1,21,5,2021,0
2021-05-30 21:00:00,11,21,6,1,21,5,2021,0
2021-05-31 03:00:00,44,3,0,0,22,5,2021,0
2021-05-31 06:00:00,127,6,0,0,22,5,2021,0
2021-05-31 09:00:00,134,9,0,0,22,5,2021,0
2021-05-31 12:00:00,176,12,0,0,22,5,2021,0
2021-05-31 15:00:00,189,15,0,0,22,5,2021,0
2021-05-31 18:00:00,136,18,0,0,22,5,2021,0
2021-05-31 21:00:00,28,21,0,0,22,5,2021,0
2021-06-01 03:00:00,37,3,1,0,22,6,2021,0
2021-06-01 06:00:00,128,6,1,0,22,6,2021,0
2021-06-01 09:00:00,118,9,1,0,22,6,2021,0
2021-06-01 12:00:00,224,12,1,0,22,6,2021,0
2021-06-01 15:00:00,204,15,1,0,22,6,2021,0
2021-06-01 18:00:00,155,18,1,0,22,6,2021,0
2021-06-01 21:00:00,21,21,1,0,22,6,2021,0
2021-06-02 03:00:00,41,3,2,0,22,6,2021,0
2021-06-02 06:00:00,99,6,2,0,22,6,2021,0
2021-06-02 09:00:00,139,9,2,0,22,6,2021,0
2021-06-02 12:00:00,225,12,2,0,22,6,2021,0
2021-06-02 15:00:00,252,15,2,0,22,6,2021,0
2021-06-02 18:00:00,119,18,2,0,22,6,2021,0
2021-06-02 21:00:00,21,21,2,0,22,6,2021,0
2021-06-03 03:00:00,37,3,3,0,22,6,2021,0
2021-06-03 06:00:00,96,6,3,0,22,6,2021,0
2021-06-03 09:00:00,125,9,3,0,22,6,2021,0
2021-06-03 12:00:00,222,12,3,0,22,6,2021,0
2021-06-03 15:00:00,223,15,3,0,22,6,2021,0
2021-06-03 18:00:00,108,18,3,0,22,6,2021,0
2021-06-03 21:00:00,18,21,3,0,22,6,2021,0
2021-06-04 03:00:00,40,3,4,0,22,6,2021,0
2021-06-04 06:00:00,102,6,4,0,22,6,2021,0
2021-06-04 09:00:00,150,9,4,0,22,6,2021,0
2021-06-04 12:00:00,218,12,4,0,22,6,2021,0
2021-06-04 15:00:00,211,15,4,0,22,6,2021,0
2021-06-04 18:00:00,140,18,4,0,22,6,2021,0
2021-06-04 21:00:00,41,21,4,0,22,6,2021,0
2021-06-05 03:00:00,8,3,5,1,22,6,2021,0
2021-06-05 06:00:00,55,6,5,1,22,6,2021,0
2021-06-05 09:00:00,149,9,5,1,22,6,2021,0
2021-06-05 12:00:00,238,12,5,1,22,6,2021,0
2021-06-05 15:00:00,176,15,5,1,22,6,2021,0
2021-06-05 18:00:00,115,18,5,1,22,6,2021,0
2021-06-05 21:00:00,23,21,5,1,22,6,2021,0
2021-06-06 03:00:00,10,3,6,1,22,6,2021,0
2021-06-06 06:00:00,51,6,6,1,22,6,2021,0
2021-06-06 09:00:00,105,9,6,1,22,6,2021,0
2021-06-06 12:00:00,95,12,6,1,22,6,2021,0
2021-06-06 15:00:00,90,15,6,1,22,6,2021,0
2021-06-06 18:00:00,65,18,6,1,22,6,2021,0
2021-06-06 21:00:00,7,21,6,1,22,6,2021,0
2021-06-07 03:00:00,38,3,0,0,23,6,2021,0
2021-06-07 06:00:00,105,6,0,0,23,6,2021,0
2021-06-07 09:00:00,93,9,0,0,23,6,2021,0
2021-06-07 12:00:00,164,12,0,0,23,6,2021,0
2021-06-07 15:00:00,173,15,0,0,23,6,2021,0
2021-06-07 18:00:00,100,18,0,0,23,6,2021,0
2021-06-07 21:00:00,25,21,0,0,23,6,2021,0
2021-06-08 03:00:00,40,3,1,0,23,6,2021,0
2021-06-08 06:00:00,87,6,1,0,23,6,2021,0
2021-06-08 09:00:00,84,9,1,0,23,6,2021,0
2021-06-08 12:00:00,154,12,1,0,23,6,2021,0
2021-06-08 15:00:00,161,15,1,0,23,6,2021,0
2021-06-08 18:00:00,76,18,1,0,23,6,2021,0
2021-06-08 21:00:00,15,21,1,0,23,6,2021,0
2021-06-09 03:00:00,49,3,2,0,23,6,2021,0
2021-06-09 06:00:00,98,6,2,0,23,6,2021,0
2021-06-09 09:00:00,120,9,2,0,23,6,2021,0
2021-06-09 12:00:00,194,12,2,0,23,6,2021,0
2021-06-09 15:00:00,199,15,2,0,23,6,2021,0
2021-06-09 18:00:00,84,18,2,0,23,6,2021,0
2021-06-09 21:00:00,16,21,2,0,23,6,2021,0
2021-06-10 03:00:00,47,3,3,0,23,6,2021,0
2021-06-10 06:00:00,96,6,3,0,23,6,2021,0
2021-06-10 09:00:00,91,9,3,0,23,6,2021,0
2021-06-10 12:00:00,182,12,3,0,23,6,2021,0
2021-06-10 15:00:00,165,15,3,0,23,6,2021,0
2021-06-10 18:00:00,93,18,3,0,23,6,2021,0
2021-06-10 21:00:00,23,21,3,0,23,6,2021,0
2021-06-11 03:00:00,41,3,4,0,23,6,2021,0
2021-06-11 06:00:00,110,6,4,0,23,6,2021,0
2021-06-11 09:00:00,116,9,4,0,23,6,2021,0
2021-06-11 12:00:00,126,12,4,0,23,6,2021,0
2021-06-11 15:00:00,97,15,4,0,23,6,2021,0
2021-06-11 18:00:00,20,18,4,0,23,6,2021,0
2021-06-11 21:00:00,8,21,4,0,23,6,2021,0
2021-06-12 00:00:00,1,0,5,1,23,6,2021,0
2021-06-12 03:00:00,4,3,5,1,23,6,2021,0
2021-06-12 06:00:00,43,6,5,1,23,6,2021,0
2021-06-12 09:00:00,115,9,5,1,23,6,2021,0
2021-06-12 12:00:00,138,12,5,1,23,6,2021,0
2021-06-12 15:00:00,75,15,5,1,23,6,2021,0
2021-06-12 18:00:00,24,18,5,1,23,6,2021,0
2021-06-12 21:00:00,9,21,5,1,23,6,2021,0
2021-06-13 00:00:00,1,0,6,1,23,6,2021,0
2021-06-13 03:00:00,2,3,6,1,23,6,2021,0
2021-06-13 06:00:00,21,6,6,1,23,6,2021,0
2021-06-13 09:00:00,42,9,6,1,23,6,2021,0
2021-06-13 12:00:00,55,12,6,1,23,6,2021,0
2021-06-13 15:00:00,61,15,6,1,23,6,2021,0
2021-06-13 18:00:00,42,18,6,1,23,6,2021,0
2021-06-13 21:00:00,4,21,6,1,23,6,2021,0
2021-06-14 03:00:00,31,3,0,0,24,6,2021,0
2021-06-14 06:00:00,66,6,0,0,24,6,2021,0
2021-06-14 09:00:00,58,9,0,0,24,6,2021,0
2021-06-14 12:00:00,131,12,0,0,24,6,2021,0
2021-06-14 15:00:00,129,15,0,0,24,6,2021,0
2021-06-14 18:00:00,43,18,0,0,24,6,2021,0
2021-06-14 21:00:00,4,21,0,0,24,6,2021,0
2021-06-15 03:00:00,38,3,1,0,24,6,2021,0
2021-06-15 06:00:00,55,6,1,0,24,6,2021,0
2021-06-15 09:00:00,47,9,1,0,24,6,2021,0
2021-06-15 12:00:00,90,12,1,0,24,6,2021,0
2021-06-15 15:00:00,109,15,1,0,24,6,2021,0
2021-06-15 18:00:00,57,18,1,0,24,6,2021,0
2021-06-15 21:00:00,18,21,1,0,24,6,2021,0
2021-06-16 03:00:00,50,3,2,0,24,6,2021,0
2021-06-16 06:00:00,92,6,2,0,24,6,2021,0
2021-06-16 09:00:00,65,9,2,0,24,6,2021,0
2021-06-16 12:00:00,150,12,2,0,24,6,2021,0
2021-06-16 15:00:00,129,15,2,0,24,6,2021,0
2021-06-16 18:00:00,60,18,2,0,24,6,2021,0
2021-06-16 21:00:00,10,21,2,0,24,6,2021,0
2021-06-17 03:00:00,54,3,3,0,24,6,2021,0
2021-06-17 06:00:00,78,6,3,0,24,6,2021,0
2021-06-17 09:00:00,63,9,3,0,24,6,2021,0
2021-06-17 12:00:00,155,12,3,0,24,6,2021,0
2021-06-17 15:00:00,126,15,3,0,24,6,2021,0
2021-06-17 18:00:00,64,18,3,0,24,6,2021,0
2021-06-17 21:00:00,9,21,3,0,24,6,2021,0
2021-06-18 03:00:00,52,3,4,0,24,6,2021,0
2021-06-18 06:00:00,65,6,4,0,24,6,2021,0
2021-06-18 09:00:00,72,9,4,0,24,6,2021,0
2021-06-18 12:00:00,169,12,4,0,24,6,2021,0
2021-06-18 15:00:00,121,15,4,0,24,6,2021,0
2021-06-18 18:00:00,60,18,4,0,24,6,2021,0
2021-06-18 21:00:00,15,21,4,0,24,6,2021,0
2021-06-19 03:00:00,3,3,5,1,24,6,2021,0
2021-06-19 06:00:00,44,6,5,1,24,6,2021,0
2021-06-19 09:00:00,84,9,5,1,24,6,2021,0
2021-06-19 12:00:00,51,12,5,1,24,6,2021,0
2021-06-19 15:00:00,47,15,5,1,24,6,2021,0
2021-06-19 18:00:00,31,18,5,1,24,6,2021,0
2021-06-19 21:00:00,12,21,5,1,24,6,2021,0
2021-06-20 03:00:00,5,3,6,1,24,6,2021,0
2021-06-20 06:00:00,28,6,6,1,24,6,2021,0
2021-06-20 09:00:00,90,9,6,1,24,6,2021,0
2021-06-20 12:00:00,98,12,6,1,24,6,2021,0
2021-06-20 15:00:00,73,15,6,1,24,6,2021,0
2021-06-20 18:00:00,45,18,6,1,24,6,2021,0
2021-06-20 21:00:00,1,21,6,1,24,6,2021,0
2021-06-21 03:00:00,44,3,0,0,25,6,2021,0
2021-06-21 06:00:00,68,6,0,0,25,6,2021,0
2021-06-21 09:00:00,58,9,0,0,25,6,2021,0
2021-06-21 12:00:00,165,12,0,0,25,6,2021,0
2021-06-21 15:00:00,134,15,0,0,25,6,2021,0
2021-06-21 18:00:00,59,18,0,0,25,6,2021,0
2021-06-21 21:00:00,10,21,0,0,25,6,2021,0
2021-06-22 03:00:00,76,3,1,0,25,6,2021,0
2021-06-22 06:00:00,85,6,1,0,25,6,2021,0
2021-06-22 09:00:00,69,9,1,0,25,6,2021,0
2021-06-22 12:00:00,186,12,1,0,25,6,2021,0
2021-06-22 15:00:00,184,15,1,0,25,6,2021,0
2021-06-22 18:00:00,72,18,1,0,25,6,2021,0
2021-06-22 21:00:00,19,21,1,0,25,6,2021,0
2021-06-23 03:00:00,64,3,2,0,25,6,2021,0
2021-06-23 06:00:00,94,6,2,0,25,6,2021,0
2021-06-23 09:00:00,88,9,2,0,25,6,2021,0
2021-06-23 12:00:00,196,12,2,0,25,6,2021,0
2021-06-23 15:00:00,132,15,2,0,25,6,2021,0
2021-06-23 18:00:00,54,18,2,0,25,6,2021,0
2021-06-23 21:00:00,18,21,2,0,25,6,2021,0
2021-06-24 03:00:00,52,3,3,0,25,6,2021,0
2021-06-24 06:00:00,91,6,3,0,25,6,2021,0
2021-06-24 09:00:00,66,9,3,0,25,6,2021,0
2021-06-24 12:00:00,159,12,3,0,25,6,2021,0
2021-06-24 15:00:00,135,15,3,0,25,6,2021,0
2021-06-24 18:00:00,67,18,3,0,25,6,2021,0
2021-06-24 21:00:00,16,21,3,0,25,6,2021,0
2021-06-25 03:00:00,45,3,4,0,25,6,2021,0
2021-06-25 06:00:00,78,6,4,0,25,6,2021,0
2021-06-25 09:00:00,75,9,4,0,25,6,2021,0
2021-06-25 12:00:00,164,12,4,0,25,6,2021,0
2021-06-25 15:00:00,143,15,4,0,25,6,2021,0
2021-06-25 18:00:00,67,18,4,0,25,6,2021,0
2021-06-25 21:00:00,23,21,4,0,25,6,2021,0
2021-06-26 03:00:00,3,3,5,1,25,6,2021,0
2021-06-26 06:00:00,39,6,5,1,25,6,2021,0
2021-06-26 09:00:00,104,9,5,1,25,6,2021,0
2021-06-26 12:00:00,117,12,5,1,25,6,2021,0
2021-06-26 15:00:00,90,15,5,1,25,6,2021,0
2021-06-26 18:00:00,68,18,5,1,25,6,2021,0
2021-06-26 21:00:00,12,21,5,1,25,6,2021,0
2021-06-27 03:00:00,10,3,6,1,25,6,2021,0
2021-06-27 06:00:00,23,6,6,1,25,6,2021,0
2021-06-27 09:00:00,95,9,6,1,25,6,2021,0
2021-06-27 12:00:00,95,12,6,1,25,6,2021,0
2021-06-27 15:00:00,57,15,6,1,25,6,2021,0
2021-06-27 18:00:00,38,18,6,1,25,6,2021,0
2021-06-27 21:00:00,11,21,6,1,25,6,2021,0
2021-06-28 03:00:00,69,3,0,0,26,6,2021,0
2021-06-28 06:00:00,88,6,0,0,26,6,2021,0
2021-06-28 09:00:00,73,9,0,0,26,6,2021,0
2021-06-28 12:00:00,158,12,0,0,26,6,2021,0
2021-06-28 15:00:00,137,15,0,0,26,6,2021,0
2021-06-28 18:00:00,87,18,0,0,26,6,2021,0
2021-06-28 21:00:00,12,21,0,0,26,6,2021,0
2021-06-29 03:00:00,35,3,1,0,26,6,2021,0
2021-06-29 06:00:00,60,6,1,0,26,6,2021,0
2021-06-29 09:00:00,60,9,1,0,26,6,2021,0
2021-06-29 12:00:00,98,12,1,0,26,6,2021,0
2021-06-29 15:00:00,119,15,1,0,26,6,2021,0
2021-06-29 18:00:00,73,18,1,0,26,6,2021,0
2021-06-29 21:00:00,14,21,1,0,26,6,2021,0
2021-06-30 03:00:00,61,3,2,0,26,6,2021,0
2021-06-30 06:00:00,114,6,2,0,26,6,2021,0
2021-06-30 09:00:00,82,9,2,0,26,6,2021,0
2021-06-30 12:00:00,207,12,2,0,26,6,2021,0
2021-06-30 15:00:00,179,15,2,0,26,6,2021,0
2021-06-30 18:00:00,95,18,2,0,26,6,2021,0
2021-06-30 21:00:00,11,21,2,0,26,6,2021,0
2021-07-01 03:00:00,68,3,3,0,26,7,2021,0
2021-07-01 06:00:00,86,6,3,0,26,7,2021,0
2021-07-01 09:00:00,79,9,3,0,26,7,2021,0
2021-07-01 12:00:00,184,12,3,0,26,7,2021,0
2021-07-01 15:00:00,150,15,3,0,26,7,2021,0
2021-07-01 18:00:00,100,18,3,0,26,7,2021,0
2021-07-01 21:00:00,11,21,3,0,26,7,2021,0
2021-07-02 03:00:00,57,3,4,0,26,7,2021,0
2021-07-02 06:00:00,79,6,4,0,26,7,2021,0
2021-07-02 09:00:00,85,9,4,0,26,7,2021,0
2021-07-02 12:00:00,168,12,4,0,26,7,2021,0
2021-07-02 15:00:00,100,15,4,0,26,7,2021,0
2021-07-02 18:00:00,65,18,4,0,26,7,2021,0
2021-07-02 21:00:00,17,21,4,0,26,7,2021,0
2021-07-03 03:00:00,8,3,5,1,26,7,2021,0
2021-07-03 06:00:00,56,6,5,1,26,7,2021,0
2021-07-03 09:00:00,119,9,5,1,26,7,2021,0
2021-07-03 12:00:00,148,12,5,1,26,7,2021,0
2021-07-03 15:00:00,105,15,5,1,26,7,2021,0
2021-07-03 18:00:00,74,18,5,1,26,7,2021,0
2021-07-03 21:00:00,29,21,5,1,26,7,2021,0
2021-07-04 03:00:00,4,3,6,1,26,7,2021,0
2021-07-04 06:00:00,32,6,6,1,26,7,2021,0
2021-07-04 09:00:00,92,9,6,1,26,7,2021,0
2021-07-04 12:00:00,109,12,6,1,26,7,2021,0
2021-07-04 15:00:00,118,15,6,1,26,7,2021,0
2021-07-04 18:00:00,92,18,6,1,26,7,2021,0
2021-07-04 21:00:00,15,21,6,1,26,7,2021,0
2021-07-05 03:00:00,62,3,0,0,27,7,2021,0
2021-07-05 06:00:00,90,6,0,0,27,7,2021,0
2021-07-05 09:00:00,121,9,0,0,27,7,2021,0
2021-07-05 12:00:00,181,12,0,0,27,7,2021,0
2021-07-05 15:00:00,124,15,0,0,27,7,2021,0
2021-07-05 18:00:00,101,18,0,0,27,7,2021,0
2021-07-05 21:00:00,14,21,0,0,27,7,2021,0
2021-07-06 03:00:00,64,3,1,0,27,7,2021,0
2021-07-06 06:00:00,84,6,1,0,27,7,2021,0
2021-07-06 09:00:00,115,9,1,0,27,7,2021,0
2021-07-06 12:00:00,188,12,1,0,27,7,2021,0
2021-07-06 15:00:00,145,15,1,0,27,7,2021,0
2021-07-06 18:00:00,85,18,1,0,27,7,2021,0
2021-07-06 21:00:00,16,21,1,0,27,7,2021,0
2021-07-07 03:00:00,54,3,2,0,27,7,2021,0
2021-07-07 06:00:00,79,6,2,0,27,7,2021,0
2021-07-07 09:00:00,79,9,2,0,27,7,2021,0
2021-07-07 12:00:00,129,12,2,0,27,7,2021,0
2021-07-07 15:00:00,115,15,2,0,27,7,2021,0
2021-07-07 18:00:00,59,18,2,0,27,7,2021,0
2021-07-07 21:00:00,19,21,2,0,27,7,2021,0
2021-07-08 03:00:00,47,3,3,0,27,7,2021,0
2021-07-08 06:00:00,71,6,3,0,27,7,2021,0
2021-07-08 09:00:00,82,9,3,0,27,7,2021,0
2021-07-08 12:00:00,139,12,3,0,27,7,2021,0
2021-07-08 15:00:00,134,15,3,0,27,7,2021,0
2021-07-08 18:00:00,75,18,3,0,27,7,2021,0
2021-07-08 21:00:00,18,21,3,0,27,7,2021,0
2021-07-09 03:00:00,42,3,4,0,27,7,2021,0
2021-07-09 06:00:00,77,6,4,0,27,7,2021,0
2021-07-09 09:00:00,101,9,4,0,27,7,2021,0
2021-07-09 12:00:00,163,12,4,0,27,7,2021,0
2021-07-09 15:00:00,148,15,4,0,27,7,2021,0
2021-07-09 18:00:00,87,18,4,0,27,7,2021,0
2021-07-09 21:00:00,21,21,4,0,27,7,2021,0
2021-07-10 03:00:00,7,3,5,1,27,7,2021,0
2021-07-10 06:00:00,49,6,5,1,27,7,2021,0
2021-07-10 09:00:00,104,9,5,1,27,7,2021,0
2021-07-10 12:00:00,51,12,5,1,27,7,2021,0
2021-07-10 15:00:00,26,15,5,1,27,7,2021,0
2021-07-10 18:00:00,48,18,5,1,27,7,2021,0
2021-07-10 21:00:00,14,21,5,1,27,7,2021,0
2021-07-11 03:00:00,5,3,6,1,27,7,2021,0
2021-07-11 06:00:00,12,6,6,1,27,7,2021,0
2021-07-11 09:00:00,26,9,6,1,27,7,2021,0
2021-07-11 12:00:00,58,12,6,1,27,7,2021,0
2021-07-11 15:00:00,58,15,6,1,27,7,2021,0
2021-07-11 18:00:00,40,18,6,1,27,7,2021,0
2021-07-11 21:00:00,9,21,6,1,27,7,2021,0
2021-07-12 03:00:00,46,3,0,0,28,7,2021,0
2021-07-12 06:00:00,69,6,0,0,28,7,2021,0
2021-07-12 09:00:00,83,9,0,0,28,7,2021,0
2021-07-12 12:00:00,181,12,0,0,28,7,2021,0
2021-07-12 15:00:00,157,15,0,0,28,7,2021,0
2021-07-12 18:00:00,82,18,0,0,28,7,2021,0
2021-07-12 21:00:00,15,21,0,0,28,7,2021,0
2021-07-13 03:00:00,37,3,1,0,28,7,2021,0
2021-07-13 06:00:00,64,6,1,0,28,7,2021,0
2021-07-13 09:00:00,84,9,1,0,28,7,2021,0
2021-07-13 12:00:00,165,12,1,0,28,7,2021,0
2021-07-13 15:00:00,150,15,1,0,28,7,2021,0
2021-07-13 18:00:00,105,18,1,0,28,7,2021,0
2021-07-13 21:00:00,12,21,1,0,28,7,2021,0
2021-07-14 03:00:00,37,3,2,0,28,7,2021,0
2021-07-14 06:00:00,80,6,2,0,28,7,2021,0
2021-07-14 09:00:00,88,9,2,0,28,7,2021,0
2021-07-14 12:00:00,186,12,2,0,28,7,2021,0
2021-07-14 15:00:00,135,15,2,0,28,7,2021,0
2021-07-14 18:00:00,73,18,2,0,28,7,2021,0
2021-07-14 21:00:00,10,21,2,0,28,7,2021,0
2021-07-15 03:00:00,34,3,3,0,28,7,2021,0
2021-07-15 06:00:00,60,6,3,0,28,7,2021,0
2021-07-15 09:00:00,74,9,3,0,28,7,2021,0
2021-07-15 12:00:00,144,12,3,0,28,7,2021,0
2021-07-15 15:00:00,105,15,3,0,28,7,2021,0
2021-07-15 18:00:00,54,18,3,0,28,7,2021,0
2021-07-15 21:00:00,13,21,3,0,28,7,2021,0
2021-07-16 03:00:00,41,3,4,0,28,7,2021,0
2021-07-16 06:00:00,69,6,4,0,28,7,2021,0
2021-07-16 09:00:00,91,9,4,0,28,7,2021,0
2021-07-16 12:00:00,144,12,4,0,28,7,2021,0
2021-07-16 15:00:00,108,15,4,0,28,7,2021,0
2021-07-16 18:00:00,68,18,4,0,28,7,2021,0
2021-07-16 21:00:00,12,21,4,0,28,7,2021,0
2021-07-17 03:00:00,5,3,5,1,28,7,2021,0
2021-07-17 06:00:00,52,6,5,1,28,7,2021,0
2021-07-17 09:00:00,88,9,5,1,28,7,2021,0
2021-07-17 12:00:00,117,12,5,1,28,7,2021,0
2021-07-17 15:00:00,66,15,5,1,28,7,2021,0
2021-07-17 18:00:00,41,18,5,1,28,7,2021,0
2021-07-17 21:00:00,10,21,5,1,28,7,2021,0
2021-07-18 03:00:00,6,3,6,1,28,7,2021,0
2021-07-18 06:00:00,23,6,6,1,28,7,2021,0
2021-07-18 09:00:00,22,9,6,1,28,7,2021,0
2021-07-18 12:00:00,56,12,6,1,28,7,2021,0
2021-07-18 15:00:00,47,15,6,1,28,7,2021,0
2021-07-18 18:00:00,35,18,6,1,28,7,2021,0
2021-07-18 21:00:00,2,21,6,1,28,7,2021,0
2021-07-19 03:00:00,44,3,0,0,29,7,2021,0
2021-07-19 06:00:00,56,6,0,0,29,7,2021,0
2021-07-19 09:00:00,72,9,0,0,29,7,2021,0
2021-07-19 12:00:00,143,12,0,0,29,7,2021,0
2021-07-19 15:00:00,115,15,0,0,29,7,2021,0
2021-07-19 18:00:00,42,18,0,0,29,7,2021,0
2021-07-19 21:00:00,7,21,0,0,29,7,2021,0
2021-07-20 03:00:00,38,3,1,0,29,7,2021,0
2021-07-20 06:00:00,76,6,1,0,29,7,2021,0
2021-07-20 09:00:00,82,9,1,0,29,7,2021,0
2021-07-20 12:00:00,175,12,1,0,29,7,2021,0
2021-07-20 15:00:00,83,15,1,0,29,7,2021,0
2021-07-20 18:00:00,32,18,1,0,29,7,2021,0
2021-07-20 21:00:00,7,21,1,0,29,7,2021,0
2021-07-21 03:00:00,32,3,2,0,29,7,2021,0
2021-07-21 06:00:00,63,6,2,0,29,7,2021,0
2021-07-21 09:00:00,68,9,2,0,29,7,2021,0
2021-07-21 12:00:00,135,12,2,0,29,7,2021,0
2021-07-21 15:00:00,126,15,2,0,29,7,2021,0
2021-07-21 18:00:00,82,18,2,0,29,7,2021,0
2021-07-21 21:00:00,11,21,2,0,29,7,2021,0
2021-07-22 03:00:00,36,3,3,0,29,7,2021,0
2021-07-22 06:00:00,61,6,3,0,29,7,2021,0
2021-07-22 09:00:00,51,9,3,0,29,7,2021,0
2021-07-22 12:00:00,99,12,3,0,29,7,2021,0
2021-07-22 15:00:00,83,15,3,0,29,7,2021,0
2021-07-22 18:00:00,57,18,3,0,29,7,2021,0
2021-07-22 21:00:00,13,21,3,0,29,7,2021,0
2021-07-23 03:00:00,38,3,4,0,29,7,2021,0
2021-07-23 06:00:00,63,6,4,0,29,7,2021,0
2021-07-23 09:00:00,78,9,4,0,29,7,2021,0
2021-07-23 12:00:00,135,12,4,0,29,7,2021,0
2021-07-23 15:00:00,137,15,4,0,29,7,2021,0
2021-07-23 18:00:00,75,18,4,0,29,7,2021,0
2021-07-23 21:00:00,11,21,4,0,29,7,2021,0
2021-07-24 03:00:00,8,3,5,1,29,7,2021,0
2021-07-24 06:00:00,43,6,5,1,29,7,2021,0
2021-07-24 09:00:00,116,9,5,1,29,7,2021,0
2021-07-24 12:00:00,163,12,5,1,29,7,2021,0
2021-07-24 15:00:00,118,15,5,1,29,7,2021,0
2021-07-24 18:00:00,73,18,5,1,29,7,2021,0
2021-07-24 21:00:00,9,21,5,1,29,7,2021,0
2021-07-25 03:00:00,12,3,6,1,29,7,2021,0
2021-07-25 06:00:00,37,6,6,1,29,7,2021,0
2021-07-25 09:00:00,134,9,6,1,29,7,2021,0
2021-07-25 12:00:00,133,12,6,1,29,7,2021,0
2021-07-25 15:00:00,125,15,6,1,29,7,2021,0
2021-07-25 18:00:00,68,18,6,1,29,7,2021,0
2021-07-25 21:00:00,9,21,6,1,29,7,2021,0
2021-07-26 03:00:00,41,3,0,0,30,7,2021,0
2021-07-26 06:00:00,57,6,0,0,30,7,2021,0
2021-07-26 09:00:00,105,9,0,0,30,7,2021,0
2021-07-26 12:00:00,182,12,0,0,30,7,2021,0
2021-07-26 15:00:00,128,15,0,0,30,7,2021,0
2021-07-26 18:00:00,96,18,0,0,30,7,2021,0
2021-07-26 21:00:00,17,21,0,0,30,7,2021,0
2021-07-27 03:00:00,45,3,1,0,30,7,2021,0
2021-07-27 06:00:00,79,6,1,0,30,7,2021,0
2021-07-27 09:00:00,102,9,1,0,30,7,2021,0
2021-07-27 12:00:00,178,12,1,0,30,7,2021,0
2021-07-27 15:00:00,122,15,1,0,30,7,2021,0
2021-07-27 18:00:00,93,18,1,0,30,7,2021,0
2021-07-27 21:00:00,11,21,1,0,30,7,2021,0
2021-07-28 03:00:00,50,3,2,0,30,7,2021,0
2021-07-28 06:00:00,81,6,2,0,30,7,2021,0
2021-07-28 09:00:00,128,9,2,0,30,7,2021,0
2021-07-28 12:00:00,171,12,2,0,30,7,2021,0
2021-07-28 15:00:00,142,15,2,0,30,7,2021,0
2021-07-28 18:00:00,84,18,2,0,30,7,2021,0
2021-07-28 21:00:00,18,21,2,0,30,7,2021,0
2021-07-29 03:00:00,39,3,3,0,30,7,2021,0
2021-07-29 06:00:00,61,6,3,0,30,7,2021,0
2021-07-29 09:00:00,112,9,3,0,30,7,2021,0
2021-07-29 12:00:00,193,12,3,0,30,7,2021,0
2021-07-29 15:00:00,161,15,3,0,30,7,2021,0
2021-07-29 18:00:00,86,18,3,0,30,7,2021,0
2021-07-29 21:00:00,7,21,3,0,30,7,2021,0
2021-07-30 03:00:00,37,3,4,0,30,7,2021,0
2021-07-30 06:00:00,55,6,4,0,30,7,2021,0
2021-07-30 09:00:00,134,9,4,0,30,7,2021,0
2021-07-30 12:00:00,147,12,4,0,30,7,2021,0
2021-07-30 15:00:00,102,15,4,0,30,7,2021,0
2021-07-30 18:00:00,53,18,4,0,30,7,2021,0
2021-07-30 21:00:00,13,21,4,0,30,7,2021,0
2021-07-31 03:00:00,9,3,5,1,30,7,2021,0
2021-07-31 06:00:00,42,6,5,1,30,7,2021,0
2021-07-31 09:00:00,147,9,5,1,30,7,2021,0
2021-07-31 12:00:00,147,12,5,1,30,7,2021,0
2021-07-31 15:00:00,122,15,5,1,30,7,2021,0
2021-07-31 18:00:00,62,18,5,1,30,7,2021,0
2021-07-31 21:00:00,9,21,5,1,30,7,2021,0
2021-08-01 03:00:00,9,3,6,1,30,8,2021,0
2021-08-01 06:00:00,21,6,6,1,30,8,2021,0
2021-08-01 09:00:00,74,9,6,1,30,8,2021,0
2021-08-01 12:00:00,91,12,6,1,30,8,2021,0
2021-08-01 15:00:00,105,15,6,1,30,8,2021,0
2021-08-01 18:00:00,63,18,6,1,30,8,2021,0
2021-08-01 21:00:00,11,21,6,1,30,8,2021,0
2021-08-02 03:00:00,65,3,0,0,31,8,2021,0
2021-08-02 06:00:00,85,6,0,0,31,8,2021,0
2021-08-02 09:00:00,85,9,0,0,31,8,2021,0
2021-08-02 12:00:00,174,12,0,0,31,8,2021,0
2021-08-02 15:00:00,126,15,0,0,31,8,2021,0
2021-08-02 18:00:00,66,18,0,0,31,8,2021,0
2021-08-02 21:00:00,14,21,0,0,31,8,2021,0
2021-08-03 03:00:00,53,3,1,0,31,8,2021,0
2021-08-03 06:00:00,89,6,1,0,31,8,2021,0
2021-08-03 09:00:00,113,9,1,0,31,8,2021,0
2021-08-03 12:00:00,228,12,1,0,31,8,2021,0
2021-08-03 15:00:00,148,15,1,0,31,8,2021,0
2021-08-03 18:00:00,75,18,1,0,31,8,2021,0
2021-08-03 21:00:00,13,21,1,0,31,8,2021,0
2021-08-04 03:00:00,57,3,2,0,31,8,2021,0
2021-08-04 06:00:00,110,6,2,0,31,8,2021,0
2021-08-04 09:00:00,96,9,2,0,31,8,2021,0
2021-08-04 12:00:00,200,12,2,0,31,8,2021,0
2021-08-04 15:00:00,165,15,2,0,31,8,2021,0
2021-08-04 18:00:00,85,18,2,0,31,8,2021,0
2021-08-04 21:00:00,6,21,2,0,31,8,2021,0
2021-08-05 03:00:00,52,3,3,0,31,8,2021,0
2021-08-05 06:00:00,101,6,3,0,31,8,2021,0
2021-08-05 09:00:00,115,9,3,0,31,8,2021,0
2021-08-05 12:00:00,193,12,3,0,31,8,2021,0
2021-08-05 15:00:00,100,15,3,0,31,8,2021,0
2021-08-05 18:00:00,32,18,3,0,31,8,2021,0
2021-08-05 21:00:00,6,21,3,0,31,8,2021,0
2021-08-06 03:00:00,56,3,4,0,31,8,2021,0
2021-08-06 06:00:00,78,6,4,0,31,8,2021,0
2021-08-06 09:00:00,153,9,4,0,31,8,2021,0
2021-08-06 12:00:00,214,12,4,0,31,8,2021,0
2021-08-06 15:00:00,179,15,4,0,31,8,2021,0
2021-08-06 18:00:00,81,18,4,0,31,8,2021,0
2021-08-06 21:00:00,16,21,4,0,31,8,2021,0
2021-08-07 03:00:00,7,3,5,1,31,8,2021,0
2021-08-07 06:00:00,47,6,5,1,31,8,2021,0
2021-08-07 09:00:00,103,9,5,1,31,8,2021,0
2021-08-07 12:00:00,149,12,5,1,31,8,2021,0
2021-08-07 15:00:00,152,15,5,1,31,8,2021,0
2021-08-07 18:00:00,86,18,5,1,31,8,2021,0
2021-08-07 21:00:00,15,21,5,1,31,8,2021,0
2021-08-08 03:00:00,4,3,6,1,31,8,2021,0
2021-08-08 06:00:00,10,6,6,1,31,8,2021,0
2021-08-08 09:00:00,50,9,6,1,31,8,2021,0
2021-08-08 12:00:00,111,12,6,1,31,8,2021,0
2021-08-08 15:00:00,123,15,6,1,31,8,2021,0
2021-08-08 18:00:00,96,18,6,1,31,8,2021,0
2021-08-08 21:00:00,11,21,6,1,31,8,2021,0
2021-08-09 03:00:00,70,3,0,0,32,8,2021,0
2021-08-09 06:00:00,135,6,0,0,32,8,2021,0
2021-08-09 09:00:00,137,9,0,0,32,8,2021,0
2021-08-09 12:00:00,253,12,0,0,32,8,2021,0
2021-08-09 15:00:00,187,15,0,0,32,8,2021,0
2021-08-09 18:00:00,114,18,0,0,32,8,2021,0
2021-08-09 21:00:00,15,21,0,0,32,8,2021,0
2021-08-10 03:00:00,64,3,1,0,32,8,2021,0
2021-08-10 06:00:00,149,6,1,0,32,8,2021,0
2021-08-10 09:00:00,140,9,1,0,32,8,2021,0
2021-08-10 12:00:00,250,12,1,0,32,8,2021,0
2021-08-10 15:00:00,188,15,1,0,32,8,2021,0
2021-08-10 18:00:00,97,18,1,0,32,8,2021,0
2021-08-10 21:00:00,19,21,1,0,32,8,2021,0
2021-08-11 03:00:00,69,3,2,0,32,8,2021,0
2021-08-11 06:00:00,134,6,2,0,32,8,2021,0
2021-08-11 09:00:00,164,9,2,0,32,8,2021,0
2021-08-11 12:00:00,232,12,2,0,32,8,2021,0
2021-08-11 15:00:00,204,15,2,0,32,8,2021,0
2021-08-11 18:00:00,111,18,2,0,32,8,2021,0
2021-08-11 21:00:00,14,21,2,0,32,8,2021,0
2021-08-12 03:00:00,67,3,3,0,32,8,2021,0
2021-08-12 06:00:00,136,6,3,0,32,8,2021,0
2021-08-12 09:00:00,116,9,3,0,32,8,2021,0
2021-08-12 12:00:00,252,12,3,0,32,8,2021,0
2021-08-12 15:00:00,167,15,3,0,32,8,2021,0
2021-08-12 18:00:00,99,18,3,0,32,8,2021,0
2021-08-12 21:00:00,15,21,3,0,32,8,2021,0
2021-08-13 03:00:00,53,3,4,0,32,8,2021,0
2021-08-13 06:00:00,120,6,4,0,32,8,2021,0
2021-08-13 09:00:00,123,9,4,0,32,8,2021,0
2021-08-13 12:00:00,249,12,4,0,32,8,2021,0
2021-08-13 15:00:00,219,15,4,0,32,8,2021,0
2021-08-13 18:00:00,80,18,4,0,32,8,2021,0
2021-08-13 21:00:00,16,21,4,0,32,8,2021,0
2021-08-14 03:00:00,1,3,5,1,32,8,2021,0
2021-08-14 06:00:00,39,6,5,1,32,8,2021,0
2021-08-14 09:00:00,44,9,5,1,32,8,2021,0
2021-08-14 12:00:00,71,12,5,1,32,8,2021,0
2021-08-14 15:00:00,41,15,5,1,32,8,2021,0
2021-08-14 18:00:00,19,18,5,1,32,8,2021,0
2021-08-14 21:00:00,5,21,5,1,32,8,2021,0
2021-08-15 03:00:00,4,3,6,1,32,8,2021,0
2021-08-15 06:00:00,27,6,6,1,32,8,2021,0
2021-08-15 09:00:00,85,9,6,1,32,8,2021,0
2021-08-15 12:00:00,110,12,6,1,32,8,2021,0
2021-08-15 15:00:00,104,15,6,1,32,8,2021,0
2021-08-15 18:00:00,68,18,6,1,32,8,2021,0
2021-08-15 21:00:00,9,21,6,1,32,8,2021,0
2021-08-16 03:00:00,80,3,0,0,33,8,2021,0
2021-08-16 06:00:00,139,6,0,0,33,8,2021,0
2021-08-16 09:00:00,142,9,0,0,33,8,2021,0
2021-08-16 12:00:00,264,12,0,0,33,8,2021,0
2021-08-16 15:00:00,198,15,0,0,33,8,2021,0
2021-08-16 18:00:00,75,18,0,0,33,8,2021,0
2021-08-16 21:00:00,18,21,0,0,33,8,2021,0
2021-08-17 03:00:00,77,3,1,0,33,8,2021,0
2021-08-17 06:00:00,156,6,1,0,33,8,2021,0
2021-08-17 09:00:00,111,9,1,0,33,8,2021,0
2021-08-17 12:00:00,311,12,1,0,33,8,2021,0
2021-08-17 15:00:00,210,15,1,0,33,8,2021,0
2021-08-17 18:00:00,86,18,1,0,33,8,2021,0
2021-08-17 21:00:00,16,21,1,0,33,8,2021,0
2021-08-18 03:00:00,53,3,2,0,33,8,2021,0
2021-08-18 06:00:00,143,6,2,0,33,8,2021,0
2021-08-18 09:00:00,123,9,2,0,33,8,2021,0
2021-08-18 12:00:00,229,12,2,0,33,8,2021,0
2021-08-18 15:00:00,141,15,2,0,33,8,2021,0
2021-08-18 18:00:00,38,18,2,0,33,8,2021,0
2021-08-18 21:00:00,7,21,2,0,33,8,2021,0
2021-08-19 03:00:00,40,3,3,0,33,8,2021,0
2021-08-19 06:00:00,155,6,3,0,33,8,2021,0
2021-08-19 09:00:00,110,9,3,0,33,8,2021,0
2021-08-19 12:00:00,226,12,3,0,33,8,2021,0
2021-08-19 15:00:00,184,15,3,0,33,8,2021,0
2021-08-19 18:00:00,67,18,3,0,33,8,2021,0
2021-08-19 21:00:00,17,21,3,0,33,8,2021,0
2021-08-20 03:00:00,41,3,4,0,33,8,2021,0
2021-08-20 06:00:00,97,6,4,0,33,8,2021,0
2021-08-20 09:00:00,124,9,4,0,33,8,2021,0
2021-08-20 12:00:00,230,12,4,0,33,8,2021,0
2021-08-20 15:00:00,172,15,4,0,33,8,2021,0
2021-08-20 18:00:00,88,18,4,0,33,8,2021,0
2021-08-20 21:00:00,32,21,4,0,33,8,2021,0
2021-08-21 03:00:00,3,3,5,1,33,8,2021,0
2021-08-21 06:00:00,61,6,5,1,33,8,2021,0
2021-08-21 09:00:00,181,9,5,1,33,8,2021,0
2021-08-21 12:00:00,190,12,5,1,33,8,2021,0
2021-08-21 15:00:00,150,15,5,1,33,8,2021,0
2021-08-21 18:00:00,76,18,5,1,33,8,2021,0
2021-08-21 21:00:00,11,21,5,1,33,8,2021,0
2021-08-22 03:00:00,3,3,6,1,33,8,2021,0
2021-08-22 06:00:00,30,6,6,1,33,8,2021,0
2021-08-22 09:00:00,138,9,6,1,33,8,2021,0
2021-08-22 12:00:00,156,12,6,1,33,8,2021,0
2021-08-22 15:00:00,152,15,6,1,33,8,2021,0
2021-08-22 18:00:00,75,18,6,1,33,8,2021,0
2021-08-22 21:00:00,7,21,6,1,33,8,2021,0
2021-08-23 03:00:00,90,3,0,0,34,8,2021,0
2021-08-23 06:00:00,167,6,0,0,34,8,2021,0
2021-08-23 09:00:00,182,9,0,0,34,8,2021,0
2021-08-23 12:00:00,325,12,0,0,34,8,2021,0
2021-08-23 15:00:00,243,15,0,0,34,8,2021,0
2021-08-23 18:00:00,87,18,0,0,34,8,2021,0
2021-08-23 21:00:00,20,21,0,0,34,8,2021,0
2021-08-24 03:00:00,76,3,1,0,34,8,2021,0
2021-08-24 06:00:00,120,6,1,0,34,8,2021,0
2021-08-24 09:00:00,56,9,1,0,34,8,2021,0
2021-08-24 12:00:00,102,12,1,0,34,8,2021,0
2021-08-24 15:00:00,80,15,1,0,34,8,2021,0
2021-08-24 18:00:00,40,18,1,0,34,8,2021,0
2021-08-24 21:00:00,10,21,1,0,34,8,2021,0
2021-08-25 03:00:00,61,3,2,0,34,8,2021,0
2021-08-25 06:00:00,169,6,2,0,34,8,2021,0
2021-08-25 09:00:00,129,9,2,0,34,8,2021,0
2021-08-25 12:00:00,235,12,2,0,34,8,2021,0
2021-08-25 15:00:00,144,15,2,0,34,8,2021,0
2021-08-25 18:00:00,80,18,2,0,34,8,2021,0
2021-08-25 21:00:00,17,21,2,0,34,8,2021,0
2021-08-26 03:00:00,72,3,3,0,34,8,2021,0
2021-08-26 06:00:00,181,6,3,0,34,8,2021,0
2021-08-26 09:00:00,130,9,3,0,34,8,2021,0
2021-08-26 12:00:00,299,12,3,0,34,8,2021,0
2021-08-26 15:00:00,247,15,3,0,34,8,2021,0
2021-08-26 18:00:00,134,18,3,0,34,8,2021,0
2021-08-26 21:00:00,12,21,3,0,34,8,2021,0
2021-08-27 03:00:00,67,3,4,0,34,8,2021,0
2021-08-27 06:00:00,183,6,4,0,34,8,2021,0
2021-08-27 09:00:00,160,9,4,0,34,8,2021,0
2021-08-27 12:00:00,245,12,4,0,34,8,2021,0
2021-08-27 15:00:00,180,15,4,0,34,8,2021,0
2021-08-27 18:00:00,96,18,4,0,34,8,2021,0
2021-08-27 21:00:00,30,21,4,0,34,8,2021,0
2021-08-28 03:00:00,6,3,5,1,34,8,2021,0
2021-08-28 06:00:00,72,6,5,1,34,8,2021,0
2021-08-28 09:00:00,217,9,5,1,34,8,2021,0
2021-08-28 12:00:00,217,12,5,1,34,8,2021,0
2021-08-28 15:00:00,159,15,5,1,34,8,2021,0
2021-08-28 18:00:00,75,18,5,1,34,8,2021,0
2021-08-28 21:00:00,20,21,5,1,34,8,2021,0
2021-08-29 03:00:00,7,3,6,1,34,8,2021,0
2021-08-29 06:00:00,47,6,6,1,34,8,2021,0
2021-08-29 09:00:00,143,9,6,1,34,8,2021,0
2021-08-29 12:00:00,190,12,6,1,34,8,2021,0
2021-08-29 15:00:00,174,15,6,1,34,8,2021,0
2021-08-29 18:00:00,72,18,6,1,34,8,2021,0
2021-08-29 21:00:00,5,21,6,1,34,8,2021,0
2021-08-30 03:00:00,77,3,0,0,35,8,2021,0
2021-08-30 06:00:00,173,6,0,0,35,8,2021,0
2021-08-30 09:00:00,107,9,0,0,35,8,2021,0
2021-08-30 12:00:00,247,12,0,0,35,8,2021,0
2021-08-30 15:00:00,224,15,0,0,35,8,2021,0
2021-08-30 18:00:00,105,18,0,0,35,8,2021,0
2021-08-30 21:00:00,9,21,0,0,35,8,2021,0
2021-08-31 03:00:00,77,3,1,0,35,8,2021,0
2021-08-31 06:00:00,164,6,1,0,35,8,2021,0
2021-08-31 09:00:00,115,9,1,0,35,8,2021,0
2021-08-31 12:00:00,271,12,1,0,35,8,2021,0
2021-08-31 15:00:00,228,15,1,0,35,8,2021,0
2021-08-31 18:00:00,123,18,1,0,35,8,2021,0
2021-08-31 21:00:00,5,21,1,0,35,8,2021,0
2021-09-01 03:00:00,46,3,2,0,35,9,2021,0
2021-09-01 06:00:00,111,6,2,0,35,9,2021,0
2021-09-01 09:00:00,80,9,2,0,35,9,2021,0
2021-09-01 12:00:00,158,12,2,0,35,9,2021,0
2021-09-01 15:00:00,104,15,2,0,35,9,2021,0
2021-09-01 18:00:00,58,18,2,0,35,9,2021,0
2021-09-01 21:00:00,12,21,2,0,35,9,2021,0
2021-09-02 03:00:00,53,3,3,0,35,9,2021,0
2021-09-02 06:00:00,146,6,3,0,35,9,2021,0
2021-09-02 09:00:00,110,9,3,0,35,9,2021,0
2021-09-02 12:00:00,220,12,3,0,35,9,2021,0
2021-09-02 15:00:00,168,15,3,0,35,9,2021,0
2021-09-02 18:00:00,73,18,3,0,35,9,2021,0
2021-09-02 21:00:00,6,21,3,0,35,9,2021,0
2021-09-03 03:00:00,57,3,4,0,35,9,2021,0
2021-09-03 06:00:00,168,6,4,0,35,9,2021,0
2021-09-03 09:00:00,134,9,4,0,35,9,2021,0
2021-09-03 12:00:00,232,12,4,0,35,9,2021,0
2021-09-03 15:00:00,150,15,4,0,35,9,2021,0
2021-09-03 18:00:00,53,18,4,0,35,9,2021,0
2021-09-03 21:00:00,15,21,4,0,35,9,2021,0
2021-09-04 03:00:00,12,3,5,1,35,9,2021,0
2021-09-04 06:00:00,87,6,5,1,35,9,2021,0
2021-09-04 09:00:00,172,9,5,1,35,9,2021,0
2021-09-04 12:00:00,222,12,5,1,35,9,2021,0
2021-09-04 15:00:00,160,15,5,1,35,9,2021,0
2021-09-04 18:00:00,51,18,5,1,35,9,2021,0
2021-09-04 21:00:00,12,21,5,1,35,9,2021,0
2021-09-05 03:00:00,9,3,6,1,35,9,2021,0
2021-09-05 06:00:00,36,6,6,1,35,9,2021,0
2021-09-05 09:00:00,111,9,6,1,35,9,2021,0
2021-09-05 12:00:00,115,12,6,1,35,9,2021,0
2021-09-05 15:00:00,109,15,6,1,35,9,2021,0
2021-09-05 18:00:00,71,18,6,1,35,9,2021,0
2021-09-05 21:00:00,10,21,6,1,35,9,2021,0
2021-09-06 03:00:00,71,3,0,0,36,9,2021,0
2021-09-06 06:00:00,156,6,0,0,36,9,2021,0
2021-09-06 09:00:00,120,9,0,0,36,9,2021,0
2021-09-06 12:00:00,233,12,0,0,36,9,2021,0
2021-09-06 15:00:00,197,15,0,0,36,9,2021,0
2021-09-06 18:00:00,108,18,0,0,36,9,2021,0
2021-09-06 21:00:00,6,21,0,0,36,9,2021,0
2021-09-07 03:00:00,66,3,1,0,36,9,2021,0
2021-09-07 06:00:00,91,6,1,0,36,9,2021,0
2021-09-07 09:00:00,71,9,1,0,36,9,2021,0
2021-09-07 12:00:00,193,12,1,0,36,9,2021,0
2021-09-07 15:00:00,161,15,1,0,36,9,2021,0
2021-09-07 18:00:00,66,18,1,0,36,9,2021,0
2021-09-07 21:00:00,7,21,1,0,36,9,2021,0
2021-09-08 03:00:00,69,3,2,0,36,9,2021,0
2021-09-08 06:00:00,131,6,2,0,36,9,2021,0
2021-09-08 09:00:00,80,9,2,0,36,9,2021,0
2021-09-08 12:00:00,173,12,2,0,36,9,2021,0
2021-09-08 15:00:00,145,15,2,0,36,9,2021,0
2021-09-08 18:00:00,48,18,2,0,36,9,2021,0
2021-09-08 21:00:00,2,21,2,0,36,9,2021,0
2021-09-09 03:00:00,40,3,3,0,36,9,2021,0
2021-09-09 06:00:00,123,6,3,0,36,9,2021,0
2021-09-09 09:00:00,100,9,3,0,36,9,2021,0
2021-09-09 12:00:00,185,12,3,0,36,9,2021,0
2021-09-09 15:00:00,219,15,3,0,36,9,2021,0
2021-09-09 18:00:00,83,18,3,0,36,9,2021,0
2021-09-09 21:00:00,21,21,3,0,36,9,2021,0
2021-09-10 03:00:00,64,3,4,0,36,9,2021,0
2021-09-10 06:00:00,137,6,4,0,36,9,2021,0
2021-09-10 09:00:00,80,9,4,0,36,9,2021,0
2021-09-10 12:00:00,189,12,4,0,36,9,2021,0
2021-09-10 15:00:00,142,15,4,0,36,9,2021,0
2021-09-10 18:00:00,26,18,4,0,36,9,2021,0
2021-09-10 21:00:00,12,21,4,0,36,9,2021,0
2021-09-11 03:00:00,3,3,5,1,36,9,2021,0
2021-09-11 06:00:00,54,6,5,1,36,9,2021,0
2021-09-11 09:00:00,141,9,5,1,36,9,2021,0
2021-09-11 12:00:00,125,12,5,1,36,9,2021,0
2021-09-11 15:00:00,64,15,5,1,36,9,2021,0
2021-09-11 18:00:00,36,18,5,1,36,9,2021,0
2021-09-11 21:00:00,10,21,5,1,36,9,2021,0
2021-09-12 03:00:00,4,3,6,1,36,9,2021,0
2021-09-12 06:00:00,21,6,6,1,36,9,2021,0
2021-09-12 09:00:00,60,9,6,1,36,9,2021,0
2021-09-12 12:00:00,124,12,6,1,36,9,2021,0
2021-09-12 15:00:00,112,15,6,1,36,9,2021,0
2021-09-12 18:00:00,51,18,6,1,36,9,2021,0
2021-09-12 21:00:00,2,21,6,1,36,9,2021,0
2021-09-13 03:00:00,74,3,0,0,37,9,2021,0
2021-09-13 06:00:00,154,6,0,0,37,9,2021,0
2021-09-13 09:00:00,120,9,0,0,37,9,2021,0
2021-09-13 12:00:00,247,12,0,0,37,9,2021,0
2021-09-13 15:00:00,222,15,0,0,37,9,2021,0
2021-09-13 18:00:00,84,18,0,0,37,9,2021,0
2021-09-13 21:00:00,9,21,0,0,37,9,2021,0
2021-09-14 03:00:00,81,3,1,0,37,9,2021,0
2021-09-14 06:00:00,177,6,1,0,37,9,2021,0
2021-09-14 09:00:00,103,9,1,0,37,9,2021,0
2021-09-14 12:00:00,251,12,1,0,37,9,2021,0
2021-09-14 15:00:00,194,15,1,0,37,9,2021,0
2021-09-14 18:00:00,101,18,1,0,37,9,2021,0
2021-09-14 21:00:00,5,21,1,0,37,9,2021,0
2021-09-15 03:00:00,90,3,2,0,37,9,2021,0
2021-09-15 06:00:00,181,6,2,0,37,9,2021,0
2021-09-15 09:00:00,107,9,2,0,37,9,2021,0
2021-09-15 12:00:00,245,12,2,0,37,9,2021,0
2021-09-15 15:00:00,214,15,2,0,37,9,2021,0
2021-09-15 18:00:00,100,18,2,0,37,9,2021,0
2021-09-15 21:00:00,22,21,2,0,37,9,2021,0
2021-09-16 03:00:00,88,3,3,0,37,9,2021,0
2021-09-16 06:00:00,185,6,3,0,37,9,2021,0
2021-09-16 09:00:00,115,9,3,0,37,9,2021,0
2021-09-16 12:00:00,274,12,3,0,37,9,2021,0
2021-09-16 15:00:00,209,15,3,0,37,9,2021,0
2021-09-16 18:00:00,75,18,3,0,37,9,2021,0
2021-09-16 21:00:00,11,21,3,0,37,9,2021,0
2021-09-17 03:00:00,81,3,4,0,37,9,2021,0
2021-09-17 06:00:00,164,6,4,0,37,9,2021,0
2021-09-17 09:00:00,127,9,4,0,37,9,2021,0
2021-09-17 12:00:00,251,12,4,0,37,9,2021,0
2021-09-17 15:00:00,194,15,4,0,37,9,2021,0
2021-09-17 18:00:00,74,18,4,0,37,9,2021,0
2021-09-17 21:00:00,21,21,4,0,37,9,2021,0
2021-09-18 03:00:00,8,3,5,1,37,9,2021,0
2021-09-18 06:00:00,65,6,5,1,37,9,2021,0
2021-09-18 09:00:00,118,9,5,1,37,9,2021,0
2021-09-18 12:00:00,194,12,5,1,37,9,2021,0
2021-09-18 15:00:00,138,15,5,1,37,9,2021,0
2021-09-18 18:00:00,53,18,5,1,37,9,2021,0
2021-09-18 21:00:00,18,21,5,1,37,9,2021,0
2021-09-19 03:00:00,4,3,6,1,37,9,2021,0
2021-09-19 06:00:00,34,6,6,1,37,9,2021,0
2021-09-19 09:00:00,94,9,6,1,37,9,2021,0
2021-09-19 12:00:00,157,12,6,1,37,9,2021,0
2021-09-19 15:00:00,115,15,6,1,37,9,2021,0
2021-09-19 18:00:00,75,18,6,1,37,9,2021,0
2021-09-19 21:00:00,8,21,6,1,37,9,2021,0
2021-09-20 03:00:00,83,3,0,0,38,9,2021,0
2021-09-20 06:00:00,167,6,0,0,38,9,2021,0
2021-09-20 09:00:00,108,9,0,0,38,9,2021,0
2021-09-20 12:00:00,224,12,0,0,38,9,2021,0
2021-09-20 15:00:00,216,15,0,0,38,9,2021,0
2021-09-20 18:00:00,65,18,0,0,38,9,2021,0
2021-09-20 21:00:00,8,21,0,0,38,9,2021,0
2021-09-21 03:00:00,78,3,1,0,38,9,2021,0
2021-09-21 06:00:00,176,6,1,0,38,9,2021,0
2021-09-21 09:00:00,91,9,1,0,38,9,2021,0
2021-09-21 12:00:00,219,12,1,0,38,9,2021,0
2021-09-21 15:00:00,190,15,1,0,38,9,2021,0
2021-09-21 18:00:00,73,18,1,0,38,9,2021,0
2021-09-21 21:00:00,5,21,1,0,38,9,2021,0
2021-09-22 03:00:00,91,3,2,0,38,9,2021,0
2021-09-22 06:00:00,178,6,2,0,38,9,2021,0
2021-09-22 09:00:00,112,9,2,0,38,9,2021,0
2021-09-22 12:00:00,240,12,2,0,38,9,2021,0
2021-09-22 15:00:00,168,15,2,0,38,9,2021,0
2021-09-22 18:00:00,83,18,2,0,38,9,2021,0
2021-09-22 21:00:00,5,21,2,0,38,9,2021,0
2021-09-23 03:00:00,69,3,3,0,38,9,2021,0
2021-09-23 06:00:00,166,6,3,0,38,9,2021,0
2021-09-23 09:00:00,108,9,3,0,38,9,2021,0
2021-09-23 12:00:00,235,12,3,0,38,9,2021,0
2021-09-23 15:00:00,162,15,3,0,38,9,2021,0
2021-09-23 18:00:00,78,18,3,0,38,9,2021,0
2021-09-23 21:00:00,10,21,3,0,38,9,2021,0
2021-09-24 03:00:00,75,3,4,0,38,9,2021,0
2021-09-24 06:00:00,150,6,4,0,38,9,2021,0
2021-09-24 09:00:00,79,9,4,0,38,9,2021,0
2021-09-24 12:00:00,161,12,4,0,38,9,2021,0
2021-09-24 15:00:00,122,15,4,0,38,9,2021,0
2021-09-24 18:00:00,39,18,4,0,38,9,2021,0
2021-09-24 21:00:00,16,21,4,0,38,9,2021,0
2021-09-25 03:00:00,1,3,5,1,38,9,2021,0
2021-09-25 06:00:00,49,6,5,1,38,9,2021,0
2021-09-25 09:00:00,90,9,5,1,38,9,2021,0
2021-09-25 12:00:00,93,12,5,1,38,9,2021,0
2021-09-25 15:00:00,105,15,5,1,38,9,2021,0
2021-09-25 18:00:00,49,18,5,1,38,9,2021,0
2021-09-25 21:00:00,16,21,5,1,38,9,2021,0
2021-09-26 03:00:00,9,3,6,1,38,9,2021,0
2021-09-26 06:00:00,37,6,6,1,38,9,2021,0
2021-09-26 09:00:00,89,9,6,1,38,9,2021,0
2021-09-26 12:00:00,99,12,6,1,38,9,2021,0
2021-09-26 15:00:00,112,15,6,1,38,9,2021,0
2021-09-26 18:00:00,41,18,6,1,38,9,2021,0
2021-09-26 21:00:00,7,21,6,1,38,9,2021,0
2021-09-27 03:00:00,83,3,0,0,39,9,2021,0
2021-09-27 06:00:00,179,6,0,0,39,9,2021,0
2021-09-27 09:00:00,129,9,0,0,39,9,2021,0
2021-09-27 12:00:00,229,12,0,0,39,9,2021,0
2021-09-27 15:00:00,200,15,0,0,39,9,2021,0
2021-09-27 18:00:00,86,18,0,0,39,9,2021,0
2021-09-27 21:00:00,11,21,0,0,39,9,2021,0
2021-09-28 03:00:00,83,3,1,0,39,9,2021,0
2021-09-28 06:00:00,185,6,1,0,39,9,2021,0
2021-09-28 09:00:00,94,9,1,0,39,9,2021,0
2021-09-28 12:00:00,220,12,1,0,39,9,2021,0
2021-09-28 15:00:00,212,15,1,0,39,9,2021,0
2021-09-28 18:00:00,116,18,1,0,39,9,2021,0
2021-09-28 21:00:00,23,21,1,0,39,9,2021,0
2021-09-29 03:00:00,75,3,2,0,39,9,2021,0
2021-09-29 06:00:00,173,6,2,0,39,9,2021,0
2021-09-29 09:00:00,130,9,2,0,39,9,2021,0
2021-09-29 12:00:00,249,12,2,0,39,9,2021,0
2021-09-29 15:00:00,188,15,2,0,39,9,2021,0
2021-09-29 18:00:00,90,18,2,0,39,9,2021,0
2021-09-29 21:00:00,14,21,2,0,39,9,2021,0
2021-09-30 03:00:00,73,3,3,0,39,9,2021,0
2021-09-30 06:00:00,152,6,3,0,39,9,2021,0
2021-09-30 09:00:00,101,9,3,0,39,9,2021,0
2021-09-30 12:00:00,219,12,3,0,39,9,2021,0
2021-09-30 15:00:00,151,15,3,0,39,9,2021,0
2021-09-30 18:00:00,72,18,3,0,39,9,2021,0
2021-09-30 21:00:00,13,21,3,0,39,9,2021,0
2021-10-01 03:00:00,71,3,4,0,39,10,2021,0
2021-10-01 06:00:00,141,6,4,0,39,10,2021,0
2021-10-01 09:00:00,146,9,4,0,39,10,2021,0
2021-10-01 12:00:00,232,12,4,0,39,10,2021,0
2021-10-01 15:00:00,147,15,4,0,39,10,2021,0
2021-10-01 18:00:00,32,18,4,0,39,10,2021,0
2021-10-01 21:00:00,12,21,4,0,39,10,2021,0
2021-10-02 03:00:00,5,3,5,1,39,10,2021,0
2021-10-02 06:00:00,61,6,5,1,39,10,2021,0
2021-10-02 09:00:00,168,9,5,1,39,10,2021,0
2021-10-02 12:00:00,170,12,5,1,39,10,2021,0
2021-10-02 15:00:00,143,15,5,1,39,10,2021,0
2021-10-02 18:00:00,58,18,5,1,39,10,2021,0
2021-10-02 21:00:00,22,21,5,1,39,10,2021,0
2021-10-03 03:00:00,2,3,6,1,39,10,2021,0
2021-10-03 06:00:00,29,6,6,1,39,10,2021,0
2021-10-03 09:00:00,108,9,6,1,39,10,2021,0
2021-10-03 12:00:00,126,12,6,1,39,10,2021,0
2021-10-03 15:00:00,111,15,6,1,39,10,2021,0
2021-10-03 18:00:00,54,18,6,1,39,10,2021,0
2021-10-03 21:00:00,4,21,6,1,39,10,2021,0
2021-10-04 03:00:00,75,3,0,0,40,10,2021,0
2021-10-04 06:00:00,153,6,0,0,40,10,2021,0
2021-10-04 09:00:00,99,9,0,0,40,10,2021,0
2021-10-04 12:00:00,231,12,0,0,40,10,2021,0
2021-10-04 15:00:00,181,15,0,0,40,10,2021,0
2021-10-04 18:00:00,77,18,0,0,40,10,2021,0
2021-10-04 21:00:00,9,21,0,0,40,10,2021,0
2021-10-05 03:00:00,93,3,1,0,40,10,2021,0
2021-10-05 06:00:00,143,6,1,0,40,10,2021,0
2021-10-05 09:00:00,89,9,1,0,40,10,2021,0
2021-10-05 12:00:00,251,12,1,0,40,10,2021,0
2021-10-05 15:00:00,193,15,1,0,40,10,2021,0
2021-10-05 18:00:00,97,18,1,0,40,10,2021,0
2021-10-05 21:00:00,9,21,1,0,40,10,2021,0
2021-10-06 03:00:00,87,3,2,0,40,10,2021,0
2021-10-06 06:00:00,151,6,2,0,40,10,2021,0
2021-10-06 09:00:00,122,9,2,0,40,10,2021,0
2021-10-06 12:00:00,198,12,2,0,40,10,2021,0
2021-10-06 15:00:00,170,15,2,0,40,10,2021,0
2021-10-06 18:00:00,57,18,2,0,40,10,2021,0
2021-10-06 21:00:00,15,21,2,0,40,10,2021,0
2021-10-07 03:00:00,76,3,3,0,40,10,2021,0
2021-10-07 06:00:00,136,6,3,0,40,10,2021,0
2021-10-07 09:00:00,99,9,3,0,40,10,2021,0
2021-10-07 12:00:00,198,12,3,0,40,10,2021,0
2021-10-07 15:00:00,132,15,3,0,40,10,2021,0
2021-10-07 18:00:00,73,18,3,0,40,10,2021,0
2021-10-07 21:00:00,8,21,3,0,40,10,2021,0
2021-10-08 03:00:00,57,3,4,0,40,10,2021,0
2021-10-08 06:00:00,92,6,4,0,40,10,2021,0
2021-10-08 09:00:00,116,9,4,0,40,10,2021,0
2021-10-08 12:00:00,198,12,4,0,40,10,2021,0
2021-10-08 15:00:00,147,15,4,0,40,10,2021,0
2021-10-08 18:00:00,63,18,4,0,40,10,2021,0
2021-10-08 21:00:00,18,21,4,0,40,10,2021,0
2021-10-09 03:00:00,4,3,5,1,40,10,2021,0
2021-10-09 06:00:00,46,6,5,1,40,10,2021,0
2021-10-09 09:00:00,102,9,5,1,40,10,2021,0
2021-10-09 12:00:00,162,12,5,1,40,10,2021,0
2021-10-09 15:00:00,126,15,5,1,40,10,2021,0
2021-10-09 18:00:00,46,18,5,1,40,10,2021,0
2021-10-09 21:00:00,10,21,5,1,40,10,2021,0
2021-10-10 03:00:00,2,3,6,1,40,10,2021,0
2021-10-10 06:00:00,18,6,6,1,40,10,2021,0
2021-10-10 09:00:00,40,9,6,1,40,10,2021,0
2021-10-10 12:00:00,36,12,6,1,40,10,2021,0
2021-10-10 15:00:00,49,15,6,1,40,10,2021,0
2021-10-10 18:00:00,28,18,6,1,40,10,2021,0
2021-10-10 21:00:00,8,21,6,1,40,10,2021,0
2021-10-11 03:00:00,32,3,0,0,41,10,2021,0
2021-10-11 06:00:00,84,6,0,0,41,10,2021,0
2021-10-11 09:00:00,52,9,0,0,41,10,2021,0
2021-10-11 12:00:00,137,12,0,0,41,10,2021,0
2021-10-11 15:00:00,144,15,0,0,41,10,2021,0
2021-10-11 18:00:00,60,18,0,0,41,10,2021,0
2021-10-11 21:00:00,3,21,0,0,41,10,2021,0
2021-10-12 03:00:00,52,3,1,0,41,10,2021,0
2021-10-12 06:00:00,133,6,1,0,41,10,2021,0
2021-10-12 09:00:00,96,9,1,0,41,10,2021,0
2021-10-12 12:00:00,133,12,1,0,41,10,2021,0
2021-10-12 15:00:00,114,15,1,0,41,10,2021,0
2021-10-12 18:00:00,47,18,1,0,41,10,2021,0
2021-10-12 21:00:00,8,21,1,0,41,10,2021,0
2021-10-13 03:00:00,55,3,2,0,41,10,2021,0
2021-10-13 06:00:00,117,6,2,0,41,10,2021,0
2021-10-13 09:00:00,83,9,2,0,41,10,2021,0
2021-10-13 12:00:00,129,12,2,0,41,10,2021,0
2021-10-13 15:00:00,126,15,2,0,41,10,2021,0
2021-10-13 18:00:00,67,18,2,0,41,10,2021,0
2021-10-13 21:00:00,2,21,2,0,41,10,2021,0
2021-10-14 03:00:00,37,3,3,0,41,10,2021,0
2021-10-14 06:00:00,96,6,3,0,41,10,2021,0
2021-10-14 09:00:00,79,9,3,0,41,10,2021,0
2021-10-14 12:00:00,88,12,3,0,41,10,2021,0
2021-10-14 15:00:00,66,15,3,0,41,10,2021,0
2021-10-14 18:00:00,34,18,3,0,41,10,2021,0
2021-10-14 21:00:00,4,21,3,0,41,10,2021,0
2021-10-15 03:00:00,30,3,4,0,41,10,2021,0
2021-10-15 06:00:00,100,6,4,0,41,10,2021,0
2021-10-15 09:00:00,90,9,4,0,41,10,2021,0
2021-10-15 12:00:00,96,12,4,0,41,10,2021,0
2021-10-15 15:00:00,65,15,4,0,41,10,2021,0
2021-10-15 18:00:00,28,18,4,0,41,10,2021,0
2021-10-15 21:00:00,10,21,4,0,41,10,2021,0
2021-10-16 03:00:00,3,3,5,1,41,10,2021,0
2021-10-16 06:00:00,23,6,5,1,41,10,2021,0
2021-10-16 09:00:00,36,9,5,1,41,10,2021,0
2021-10-16 12:00:00,84,12,5,1,41,10,2021,0
2021-10-16 15:00:00,58,15,5,1,41,10,2021,0
2021-10-16 18:00:00,23,18,5,1,41,10,2021,0
2021-10-16 21:00:00,7,21,5,1,41,10,2021,0
2021-10-17 03:00:00,1,3,6,1,41,10,2021,0
2021-10-17 06:00:00,16,6,6,1,41,10,2021,0
2021-10-17 09:00:00,55,9,6,1,41,10,2021,0
2021-10-17 12:00:00,73,12,6,1,41,10,2021,0
2021-10-17 15:00:00,48,15,6,1,41,10,2021,0
2021-10-17 18:00:00,38,18,6,1,41,10,2021,0
2021-10-17 21:00:00,3,21,6,1,41,10,2021,0
2021-10-18 03:00:00,48,3,0,0,42,10,2021,0
2021-10-18 06:00:00,100,6,0,0,42,10,2021,0
2021-10-18 09:00:00,79,9,0,0,42,10,2021,0
2021-10-18 12:00:00,139,12,0,0,42,10,2021,0
2021-10-18 15:00:00,109,15,0,0,42,10,2021,0
2021-10-18 18:00:00,47,18,0,0,42,10,2021,0
2021-10-18 21:00:00,3,21,0,0,42,10,2021,0
2021-10-19 03:00:00,62,3,1,0,42,10,2021,0
2021-10-19 06:00:00,103,6,1,0,42,10,2021,0
2021-10-19 09:00:00,53,9,1,0,42,10,2021,0
2021-10-19 12:00:00,137,12,1,0,42,10,2021,0
2021-10-19 15:00:00,89,15,1,0,42,10,2021,0
2021-10-19 18:00:00,29,18,1,0,42,10,2021,0
2021-10-19 21:00:00,3,21,1,0,42,10,2021,0
2021-10-20 03:00:00,41,3,2,0,42,10,2021,0
2021-10-20 06:00:00,78,6,2,0,42,10,2021,0
2021-10-20 09:00:00,49,9,2,0,42,10,2021,0
2021-10-20 12:00:00,125,12,2,0,42,10,2021,0
2021-10-20 15:00:00,124,15,2,0,42,10,2021,0
2021-10-20 18:00:00,58,18,2,0,42,10,2021,0
2021-10-20 21:00:00,6,21,2,0,42,10,2021,0
2021-10-21 03:00:00,39,3,3,0,42,10,2021,0
2021-10-21 06:00:00,120,6,3,0,42,10,2021,0
2021-10-21 09:00:00,37,9,3,0,42,10,2021,0
2021-10-21 12:00:00,76,12,3,0,42,10,2021,0
2021-10-21 15:00:00,43,15,3,0,42,10,2021,0
2021-10-21 18:00:00,29,18,3,0,42,10,2021,0
2021-10-21 21:00:00,6,21,3,0,42,10,2021,0
2021-10-22 03:00:00,27,3,4,0,42,10,2021,0
2021-10-22 06:00:00,66,6,4,0,42,10,2021,0
2021-10-22 09:00:00,36,9,4,0,42,10,2021,0
2021-10-22 12:00:00,103,12,4,0,42,10,2021,0
2021-10-22 15:00:00,79,15,4,0,42,10,2021,0
2021-10-22 18:00:00,34,18,4,0,42,10,2021,0
2021-10-22 21:00:00,15,21,4,0,42,10,2021,0
2021-10-23 06:00:00,18,6,5,1,42,10,2021,0
2021-10-23 09:00:00,68,9,5,1,42,10,2021,0
2021-10-23 12:00:00,86,12,5,1,42,10,2021,0
2021-10-23 15:00:00,78,15,5,1,42,10,2021,0
2021-10-23 18:00:00,29,18,5,1,42,10,2021,0
2021-10-23 21:00:00,5,21,5,1,42,10,2021,0
2021-10-24 03:00:00,2,3,6,1,42,10,2021,0
2021-10-24 06:00:00,28,6,6,1,42,10,2021,0
2021-10-24 09:00:00,34,9,6,1,42,10,2021,0
2021-10-24 12:00:00,52,12,6,1,42,10,2021,0
2021-10-24 15:00:00,40,15,6,1,42,10,2021,0
2021-10-24 18:00:00,26,18,6,1,42,10,2021,0
2021-10-24 21:00:00,3,21,6,1,42,10,2021,0
2021-10-25 03:00:00,55,3,0,0,43,10,2021,0
2021-10-25 06:00:00,61,6,0,0,43,10,2021,0
2021-10-25 09:00:00,59,9,0,0,43,10,2021,0
2021-10-25 12:00:00,129,12,0,0,43,10,2021,0
2021-10-25 15:00:00,100,15,0,0,43,10,2021,0
2021-10-25 18:00:00,47,18,0,0,43,10,2021,0
2021-10-25 21:00:00,2,21,0,0,43,10,2021,0
2021-10-26 03:00:00,45,3,1,0,43,10,2021,0
2021-10-26 06:00:00,106,6,1,0,43,10,2021,0
2021-10-26 09:00:00,62,9,1,0,43,10,2021,0
2021-10-26 12:00:00,128,12,1,0,43,10,2021,0
2021-10-26 15:00:00,92,15,1,0,43,10,2021,0
2021-10-26 18:00:00,59,18,1,0,43,10,2021,0
2021-10-26 21:00:00,6,21,1,0,43,10,2021,0
2021-10-27 03:00:00,34,3,2,0,43,10,2021,0
2021-10-27 06:00:00,89,6,2,0,43,10,2021,0
2021-10-27 09:00:00,49,9,2,0,43,10,2021,0
2021-10-27 12:00:00,133,12,2,0,43,10,2021,0
2021-10-27 15:00:00,113,15,2,0,43,10,2021,0
2021-10-27 18:00:00,52,18,2,0,43,10,2021,0
2021-10-27 21:00:00,10,21,2,0,43,10,2021,0
2021-10-28 03:00:00,39,3,3,0,43,10,2021,0
2021-10-28 06:00:00,83,6,3,0,43,10,2021,0
2021-10-28 09:00:00,68,9,3,0,43,10,2021,0
2021-10-28 12:00:00,148,12,3,0,43,10,2021,0
2021-10-28 15:00:00,100,15,3,0,43,10,2021,0
2021-10-28 18:00:00,47,18,3,0,43,10,2021,0
2021-10-28 21:00:00,6,21,3,0,43,10,2021,0
2021-10-29 00:00:00,1,0,4,0,43,10,2021,0
2021-10-29 03:00:00,45,3,4,0,43,10,2021,0
2021-10-29 06:00:00,85,6,4,0,43,10,2021,0
2021-10-29 09:00:00,59,9,4,0,43,10,2021,0
2021-10-29 12:00:00,110,12,4,0,43,10,2021,0
2021-10-29 15:00:00,93,15,4,0,43,10,2021,0
2021-10-29 18:00:00,31,18,4,0,43,10,2021,0
2021-10-29 21:00:00,12,21,4,0,43,10,2021,0
2021-10-30 03:00:00,6,3,5,1,43,10,2021,0
2021-10-30 06:00:00,30,6,5,1,43,10,2021,0
2021-10-30 09:00:00,96,9,5,1,43,10,2021,0
2021-10-30 12:00:00,112,12,5,1,43,10,2021,0
2021-10-30 15:00:00,74,15,5,1,43,10,2021,0
2021-10-30 18:00:00,37,18,5,1,43,10,2021,0
2021-10-30 21:00:00,8,21,5,1,43,10,2021,0
2021-10-31 03:00:00,4,3,6,1,43,10,2021,0
2021-10-31 06:00:00,10,6,6,1,43,10,2021,0
2021-10-31 09:00:00,38,9,6,1,43,10,2021,0
2021-10-31 12:00:00,48,12,6,1,43,10,2021,0
2021-10-31 15:00:00,67,15,6,1,43,10,2021,0
2021-10-31 18:00:00,42,18,6,1,43,10,2021,0
2021-10-31 21:00:00,12,21,6,1,43,10,2021,0
2021-11-01 03:00:00,6,3,0,0,44,11,2021,1
2021-11-01 06:00:00,106,6,0,0,44,11,2021,1
2021-11-01 09:00:00,65,9,0,0,44,11,2021,1
2021-11-01 12:00:00,104,12,0,0,44,11,2021,1
2021-11-01 15:00:00,136,15,0,0,44,11,2021,1
2021-11-01 18:00:00,70,18,0,0,44,11,2021,1
2021-11-01 21:00:00,23,21,0,0,44,11,2021,1
2021-11-02 03:00:00,12,3,1,0,44,11,2021,1
2021-11-02 06:00:00,148,6,1,0,44,11,2021,1
2021-11-02 09:00:00,61,9,1,0,44,11,2021,1
2021-11-02 12:00:00,109,12,1,0,44,11,2021,1
2021-11-02 15:00:00,141,15,1,0,44,11,2021,1
2021-11-02 18:00:00,74,18,1,0,44,11,2021,1
2021-11-02 21:00:00,16,21,1,0,44,11,2021,1
2021-11-03 03:00:00,7,3,2,0,44,11,2021,1
2021-11-03 06:00:00,135,6,2,0,44,11,2021,1
2021-11-03 09:00:00,54,9,2,0,44,11,2021,1
2021-11-03 12:00:00,115,12,2,0,44,11,2021,1
2021-11-03 15:00:00,118,15,2,0,44,11,2021,1
2021-11-03 18:00:00,64,18,2,0,44,11,2021,1
2021-11-03 21:00:00,20,21,2,0,44,11,2021,1
2021-11-04 03:00:00,2,3,3,0,44,11,2021,1
2021-11-04 06:00:00,126,6,3,0,44,11,2021,1
2021-11-04 09:00:00,72,9,3,0,44,11,2021,1
2021-11-04 12:00:00,94,12,3,0,44,11,2021,1
2021-11-04 15:00:00,102,15,3,0,44,11,2021,1
2021-11-04 18:00:00,54,18,3,0,44,11,2021,1
2021-11-04 21:00:00,21,21,3,0,44,11,2021,1
2021-11-05 03:00:00,4,3,4,0,44,11,2021,1
2021-11-05 06:00:00,84,6,4,0,44,11,2021,1
2021-11-05 09:00:00,51,9,4,0,44,11,2021,1
2021-11-05 12:00:00,72,12,4,0,44,11,2021,1
2021-11-05 15:00:00,68,15,4,0,44,11,2021,1
2021-11-05 18:00:00,27,18,4,0,44,11,2021,1
2021-11-05 21:00:00,16,21,4,0,44,11,2021,1
2021-11-06 03:00:00,2,3,5,1,44,11,2021,1
2021-11-06 06:00:00,11,6,5,1,44,11,2021,1
2021-11-06 09:00:00,52,9,5,1,44,11,2021,1
2021-11-06 12:00:00,48,12,5,1,44,11,2021,1
2021-11-06 15:00:00,49,15,5,1,44,11,2021,1
2021-11-06 18:00:00,21,18,5,1,44,11,2021,1
2021-11-06 21:00:00,6,21,5,1,44,11,2021,1
2021-11-07 06:00:00,9,6,6,1,44,11,2021,1
2021-11-07 09:00:00,57,9,6,1,44,11,2021,1
2021-11-07 12:00:00,57,12,6,1,44,11,2021,1
2021-11-07 15:00:00,39,15,6,1,44,11,2021,1
2021-11-07 18:00:00,20,18,6,1,44,11,2021,1
2021-11-07 21:00:00,5,21,6,1,44,11,2021,1
2021-11-08 03:00:00,2,3,0,0,45,11,2021,1
2021-11-08 06:00:00,37,6,0,0,45,11,2021,1
2021-11-08 09:00:00,20,9,0,0,45,11,2021,1
2021-11-08 12:00:00,44,12,0,0,45,11,2021,1
2021-11-08 15:00:00,44,15,0,0,45,11,2021,1
2021-11-08 18:00:00,30,18,0,0,45,11,2021,1
2021-11-08 21:00:00,4,21,0,0,45,11,2021,1
2021-11-09 03:00:00,2,3,1,0,45,11,2021,1
2021-11-09 06:00:00,70,6,1,0,45,11,2021,1
2021-11-09 09:00:00,36,9,1,0,45,11,2021,1
2021-11-09 12:00:00,56,12,1,0,45,11,2021,1
2021-11-09 15:00:00,65,15,1,0,45,11,2021,1
2021-11-09 18:00:00,29,18,1,0,45,11,2021,1
2021-11-09 21:00:00,10,21,1,0,45,11,2021,1
2021-11-10 03:00:00,3,3,2,0,45,11,2021,1
2021-11-10 06:00:00,82,6,2,0,45,11,2021,1
2021-11-10 09:00:00,42,9,2,0,45,11,2021,1
2021-11-10 12:00:00,56,12,2,0,45,11,2021,1
2021-11-10 15:00:00,60,15,2,0,45,11,2021,1
2021-11-10 18:00:00,45,18,2,0,45,11,2021,1
2021-11-10 21:00:00,16,21,2,0,45,11,2021,1
2021-11-11 03:00:00,5,3,3,0,45,11,2021,1
2021-11-11 06:00:00,93,6,3,0,45,11,2021,1
2021-11-11 09:00:00,35,9,3,0,45,11,2021,1
2021-11-11 12:00:00,56,12,3,0,45,11,2021,1
2021-11-11 15:00:00,59,15,3,0,45,11,2021,1
2021-11-11 18:00:00,25,18,3,0,45,11,2021,1
2021-11-11 21:00:00,13,21,3,0,45,11,2021,1
2021-11-12 03:00:00,6,3,4,0,45,11,2021,1
2021-11-12 06:00:00,73,6,4,0,45,11,2021,1
2021-11-12 09:00:00,42,9,4,0,45,11,2021,1
2021-11-12 12:00:00,75,12,4,0,45,11,2021,1
2021-11-12 15:00:00,59,15,4,0,45,11,2021,1
2021-11-12 18:00:00,29,18,4,0,45,11,2021,1
2021-11-12 21:00:00,16,21,4,0,45,11,2021,1
2021-11-13 06:00:00,8,6,5,1,45,11,2021,1
2021-11-13 09:00:00,41,9,5,1,45,11,2021,1
2021-11-13 12:00:00,47,12,5,1,45,11,2021,1
2021-11-13 15:00:00,38,15,5,1,45,11,2021,1
2021-11-13 18:00:00,21,18,5,1,45,11,2021,1
2021-11-13 21:00:00,7,21,5,1,45,11,2021,1
2021-11-14 06:00:00,6,6,6,1,45,11,2021,1
2021-11-14 09:00:00,12,9,6,1,45,11,2021,1
2021-11-14 12:00:00,18,12,6,1,45,11,2021,1
2021-11-14 15:00:00,25,15,6,1,45,11,2021,1
2021-11-14 18:00:00,19,18,6,1,45,11,2021,1
2021-11-14 21:00:00,6,21,6,1,45,11,2021,1
2021-11-15 03:00:00,2,3,0,0,46,11,2021,1
2021-11-15 06:00:00,52,6,0,0,46,11,2021,1
2021-11-15 09:00:00,24,9,0,0,46,11,2021,1
2021-11-15 12:00:00,53,12,0,0,46,11,2021,1
2021-11-15 15:00:00,68,15,0,0,46,11,2021,1
2021-11-15 18:00:00,27,18,0,0,46,11,2021,1
2021-11-15 21:00:00,13,21,0,0,46,11,2021,1
2021-11-16 03:00:00,3,3,1,0,46,11,2021,1
2021-11-16 06:00:00,65,6,1,0,46,11,2021,1
2021-11-16 09:00:00,35,9,1,0,46,11,2021,1
2021-11-16 12:00:00,67,12,1,0,46,11,2021,1
2021-11-16 15:00:00,68,15,1,0,46,11,2021,1
2021-11-16 18:00:00,6,18,1,0,46,11,2021,1
2021-11-16 21:00:00,14,21,1,0,46,11,2021,1
2021-11-17 03:00:00,5,3,2,0,46,11,2021,1
2021-11-17 06:00:00,70,6,2,0,46,11,2021,1
2021-11-17 09:00:00,27,9,2,0,46,11,2021,1
2021-11-17 12:00:00,58,12,2,0,46,11,2021,1
2021-11-17 15:00:00,64,15,2,0,46,11,2021,1
2021-11-17 18:00:00,31,18,2,0,46,11,2021,1
2021-11-17 21:00:00,11,21,2,0,46,11,2021,1
2021-11-18 03:00:00,3,3,3,0,46,11,2021,1
2021-11-18 06:00:00,53,6,3,0,46,11,2021,1
2021-11-18 09:00:00,33,9,3,0,46,11,2021,1
2021-11-18 12:00:00,53,12,3,0,46,11,2021,1
2021-11-18 15:00:00,72,15,3,0,46,11,2021,1
2021-11-18 18:00:00,24,18,3,0,46,11,2021,1
2021-11-18 21:00:00,11,21,3,0,46,11,2021,1
2021-11-19 03:00:00,1,3,4,0,46,11,2021,1
2021-11-19 06:00:00,43,6,4,0,46,11,2021,1
2021-11-19 09:00:00,18,9,4,0,46,11,2021,1
2021-11-19 12:00:00,22,12,4,0,46,11,2021,1
2021-11-19 15:00:00,36,15,4,0,46,11,2021,1
2021-11-19 18:00:00,13,18,4,0,46,11,2021,1
2021-11-19 21:00:00,6,21,4,0,46,11,2021,1
2021-11-20 06:00:00,7,6,5,1,46,11,2021,1
2021-11-20 09:00:00,27,9,5,1,46,11,2021,1
2021-11-20 12:00:00,27,12,5,1,46,11,2021,1
2021-11-20 15:00:00,23,15,5,1,46,11,2021,1
2021-11-20 18:00:00,15,18,5,1,46,11,2021,1
2021-11-20 21:00:00,5,21,5,1,46,11,2021,1
2021-11-21 06:00:00,6,6,6,1,46,11,2021,1
2021-11-21 09:00:00,34,9,6,1,46,11,2021,1
2021-11-21 12:00:00,33,12,6,1,46,11,2021,1
2021-11-21 15:00:00,29,15,6,1,46,11,2021,1
2021-11-21 18:00:00,13,18,6,1,46,11,2021,1
2021-11-21 21:00:00,10,21,6,1,46,11,2021,1
2021-11-22 03:00:00,5,3,0,0,47,11,2021,1
2021-11-22 06:00:00,32,6,0,0,47,11,2021,1
2021-11-22 09:00:00,19,9,0,0,47,11,2021,1
2021-11-22 12:00:00,31,12,0,0,47,11,2021,1
2021-11-22 15:00:00,51,15,0,0,47,11,2021,1
2021-11-22 18:00:00,30,18,0,0,47,11,2021,1
2021-11-22 21:00:00,10,21,0,0,47,11,2021,1
2021-11-23 03:00:00,3,3,1,0,47,11,2021,1
2021-11-23 06:00:00,58,6,1,0,47,11,2021,1
2021-11-23 09:00:00,16,9,1,0,47,11,2021,1
2021-11-23 12:00:00,18,12,1,0,47,11,2021,1
2021-11-23 15:00:00,30,15,1,0,47,11,2021,1
2021-11-23 18:00:00,14,18,1,0,47,11,2021,1
2021-11-23 21:00:00,6,21,1,0,47,11,2021,1
2021-11-24 03:00:00,5,3,2,0,47,11,2021,1
2021-11-24 06:00:00,51,6,2,0,47,11,2021,1
2021-11-24 09:00:00,18,9,2,0,47,11,2021,1
2021-11-24 12:00:00,46,12,2,0,47,11,2021,1
2021-11-24 15:00:00,48,15,2,0,47,11,2021,1
2021-11-24 18:00:00,34,18,2,0,47,11,2021,1
2021-11-24 21:00:00,13,21,2,0,47,11,2021,1
2021-11-25 03:00:00,3,3,3,0,47,11,2021,1
2021-11-25 06:00:00,43,6,3,0,47,11,2021,1
2021-11-25 09:00:00,5,9,3,0,47,11,2021,1
2021-11-25 12:00:00,10,12,3,0,47,11,2021,1
2021-11-25 15:00:00,21,15,3,0,47,11,2021,1
2021-11-25 18:00:00,6,18,3,0,47,11,2021,1
2021-11-25 21:00:00,4,21,3,0,47,11,2021,1
2021-11-26 06:00:00,5,6,4,0,47,11,2021,1
2021-11-26 09:00:00,1,9,4,0,47,11,2021,1
2021-11-26 12:00:00,3,12,4,0,47,11,2021,1
2021-11-26 15:00:00,6,15,4,0,47,11,2021,1
2021-11-26 18:00:00,2,18,4,0,47,11,2021,1
2021-11-27 06:00:00,1,6,5,1,47,11,2021,1
2021-11-27 09:00:00,2,9,5,1,47,11,2021,1
2021-11-27 12:00:00,3,12,5,1,47,11,2021,1
2021-11-27 18:00:00,1,18,5,1,47,11,2021,1
2021-11-28 12:00:00,1,12,6,1,47,11,2021,1
2021-11-29 06:00:00,1,6,0,0,48,11,2021,1
2021-11-29 09:00:00,2,9,0,0,48,11,2021,1
2021-11-29 12:00:00,3,12,0,0,48,11,2021,1
2021-11-29 15:00:00,4,15,0,0,48,11,2021,1
2021-11-29 21:00:00,1,21,0,0,48,11,2021,1
2021-11-30 06:00:00,1,6,1,0,48,11,2021,1
2021-11-30 15:00:00,2,15,1,0,48,11,2021,1
2022-04-01 03:00:00,1,3,4,0,13,4,2022,0
2022-04-01 06:00:00,15,6,4,0,13,4,2022,0
2022-04-01 09:00:00,9,9,4,0,13,4,2022,0
2022-04-01 12:00:00,37,12,4,0,13,4,2022,0
2022-04-01 15:00:00,33,15,4,0,13,4,2022,0
2022-04-01 18:00:00,20,18,4,0,13,4,2022,0
2022-04-01 21:00:00,5,21,4,0,13,4,2022,0
2022-04-02 03:00:00,2,3,5,1,13,4,2022,0
2022-04-02 06:00:00,9,6,5,1,13,4,2022,0
2022-04-02 09:00:00,12,9,5,1,13,4,2022,0
2022-04-02 12:00:00,14,12,5,1,13,4,2022,0
2022-04-02 15:00:00,19,15,5,1,13,4,2022,0
2022-04-02 18:00:00,5,18,5,1,13,4,2022,0
2022-04-02 21:00:00,3,21,5,1,13,4,2022,0
2022-04-03 03:00:00,3,3,6,1,13,4,2022,0
2022-04-03 09:00:00,2,9,6,1,13,4,2022,0
2022-04-03 12:00:00,7,12,6,1,13,4,2022,0
2022-04-03 15:00:00,7,15,6,1,13,4,2022,0
2022-04-03 18:00:00,5,18,6,1,13,4,2022,0
2022-04-03 21:00:00,1,21,6,1,13,4,2022,0
2022-04-04 03:00:00,2,3,0,0,14,4,2022,0
2022-04-04 06:00:00,9,6,0,0,14,4,2022,0
2022-04-04 09:00:00,4,9,0,0,14,4,2022,0
2022-04-04 12:00:00,30,12,0,0,14,4,2022,0
2022-04-04 15:00:00,18,15,0,0,14,4,2022,0
2022-04-04 18:00:00,8,18,0,0,14,4,2022,0
2022-04-04 21:00:00,2,21,0,0,14,4,2022,0
2022-04-05 03:00:00,3,3,1,0,14,4,2022,0
2022-04-05 06:00:00,18,6,1,0,14,4,2022,0
2022-04-05 09:00:00,13,9,1,0,14,4,2022,0
2022-04-05 12:00:00,29,12,1,0,14,4,2022,0
2022-04-05 15:00:00,16,15,1,0,14,4,2022,0
2022-04-05 18:00:00,5,18,1,0,14,4,2022,0
2022-04-05 21:00:00,1,21,1,0,14,4,2022,0
2022-04-06 03:00:00,3,3,2,0,14,4,2022,0
2022-04-06 06:00:00,14,6,2,0,14,4,2022,0
2022-04-06 09:00:00,13,9,2,0,14,4,2022,0
2022-04-06 12:00:00,27,12,2,0,14,4,2022,0
2022-04-06 15:00:00,20,15,2,0,14,4,2022,0
2022-04-06 18:00:00,9,18,2,0,14,4,2022,0
2022-04-06 21:00:00,5,21,2,0,14,4,2022,0
2022-04-07 03:00:00,9,3,3,0,14,4,2022,0
2022-04-07 06:00:00,21,6,3,0,14,4,2022,0
2022-04-07 09:00:00,23,9,3,0,14,4,2022,0
2022-04-07 12:00:00,34,12,3,0,14,4,2022,0
2022-04-07 15:00:00,32,15,3,0,14,4,2022,0
2022-04-07 18:00:00,22,18,3,0,14,4,2022,0
2022-04-07 21:00:00,4,21,3,0,14,4,2022,0
2022-04-08 03:00:00,11,3,4,0,14,4,2022,0
2022-04-08 06:00:00,32,6,4,0,14,4,2022,0
2022-04-08 09:00:00,19,9,4,0,14,4,2022,0
2022-04-08 12:00:00,42,12,4,0,14,4,2022,0
2022-04-08 15:00:00,26,15,4,0,14,4,2022,0
2022-04-08 18:00:00,10,18,4,0,14,4,2022,0
2022-04-08 21:00:00,5,21,4,0,14,4,2022,0
2022-04-09 03:00:00,1,3,5,1,14,4,2022,0
2022-04-09 06:00:00,9,6,5,1,14,4,2022,0
2022-04-09 09:00:00,15,9,5,1,14,4,2022,0
2022-04-09 12:00:00,14,12,5,1,14,4,2022,0
2022-04-09 15:00:00,13,15,5,1,14,4,2022,0
2022-04-09 18:00:00,10,18,5,1,14,4,2022,0
2022-04-09 21:00:00,1,21,5,1,14,4,2022,0
2022-04-10 06:00:00,4,6,6,1,14,4,2022,0
2022-04-10 09:00:00,4,9,6,1,14,4,2022,0
2022-04-10 12:00:00,15,12,6,1,14,4,2022,0
2022-04-10 15:00:00,9,15,6,1,14,4,2022,0
2022-04-10 18:00:00,6,18,6,1,14,4,2022,0
2022-04-10 21:00:00,2,21,6,1,14,4,2022,0
2022-04-11 03:00:00,8,3,0,0,15,4,2022,0
2022-04-11 06:00:00,20,6,0,0,15,4,2022,0
2022-04-11 09:00:00,18,9,0,0,15,4,2022,0
2022-04-11 12:00:00,47,12,0,0,15,4,2022,0
2022-04-11 15:00:00,25,15,0,0,15,4,2022,0
2022-04-11 18:00:00,8,18,0,0,15,4,2022,0
2022-04-11 21:00:00,1,21,0,0,15,4,2022,0
2022-04-12 03:00:00,8,3,1,0,15,4,2022,0
2022-04-12 06:00:00,28,6,1,0,15,4,2022,0
2022-04-12 09:00:00,21,9,1,0,15,4,2022,0
2022-04-12 12:00:00,58,12,1,0,15,4,2022,0
2022-04-12 15:00:00,24,15,1,0,15,4,2022,0
2022-04-12 18:00:00,22,18,1,0,15,4,2022,0
2022-04-12 21:00:00,5,21,1,0,15,4,2022,0
2022-04-13 03:00:00,5,3,2,0,15,4,2022,0
2022-04-13 06:00:00,26,6,2,0,15,4,2022,0
2022-04-13 09:00:00,45,9,2,0,15,4,2022,0
2022-04-13 12:00:00,55,12,2,0,15,4,2022,0
2022-04-13 15:00:00,40,15,2,0,15,4,2022,0
2022-04-13 18:00:00,13,18,2,0,15,4,2022,0
2022-04-13 21:00:00,2,21,2,0,15,4,2022,0
2022-04-14 03:00:00,3,3,3,0,15,4,2022,0
2022-04-14 06:00:00,18,6,3,0,15,4,2022,0
2022-04-14 09:00:00,31,9,3,0,15,4,2022,0
2022-04-14 12:00:00,31,12,3,0,15,4,2022,0
2022-04-14 15:00:00,28,15,3,0,15,4,2022,0
2022-04-14 18:00:00,14,18,3,0,15,4,2022,0
2022-04-14 21:00:00,4,21,3,0,15,4,2022,0
2022-04-15 03:00:00,4,3,4,0,15,4,2022,0
2022-04-15 06:00:00,19,6,4,0,15,4,2022,0
2022-04-15 09:00:00,35,9,4,0,15,4,2022,0
2022-04-15 12:00:00,56,12,4,0,15,4,2022,0
2022-04-15 15:00:00,39,15,4,0,15,4,2022,0
2022-04-15 18:00:00,20,18,4,0,15,4,2022,0
2022-04-15 21:00:00,2,21,4,0,15,4,2022,0
2022-04-16 03:00:00,4,3,5,1,15,4,2022,0
2022-04-16 06:00:00,8,6,5,1,15,4,2022,0
2022-04-16 09:00:00,46,9,5,1,15,4,2022,0
2022-04-16 12:00:00,54,12,5,1,15,4,2022,0
2022-04-16 15:00:00,32,15,5,1,15,4,2022,0
2022-04-16 18:00:00,21,18,5,1,15,4,2022,0
2022-04-16 21:00:00,3,21,5,1,15,4,2022,0
2022-04-17 03:00:00,1,3,6,1,15,4,2022,0
2022-04-17 06:00:00,11,6,6,1,15,4,2022,0
2022-04-17 09:00:00,27,9,6,1,15,4,2022,0
2022-04-17 12:00:00,72,12,6,1,15,4,2022,0
2022-04-17 15:00:00,57,15,6,1,15,4,2022,0
2022-04-17 18:00:00,24,18,6,1,15,4,2022,0
2022-04-17 21:00:00,5,21,6,1,15,4,2022,0
2022-04-18 03:00:00,5,3,0,0,16,4,2022,0
2022-04-18 06:00:00,28,6,0,0,16,4,2022,0
2022-04-18 09:00:00,84,9,0,0,16,4,2022,0
2022-04-18 12:00:00,90,12,0,0,16,4,2022,0
2022-04-18 15:00:00,73,15,0,0,16,4,2022,0
2022-04-18 18:00:00,36,18,0,0,16,4,2022,0
2022-04-18 21:00:00,7,21,0,0,16,4,2022,0
2022-04-19 03:00:00,53,3,1,0,16,4,2022,0
2022-04-19 06:00:00,81,6,1,0,16,4,2022,0
2022-04-19 09:00:00,48,9,1,0,16,4,2022,0
2022-04-19 12:00:00,149,12,1,0,16,4,2022,0
2022-04-19 15:00:00,145,15,1,0,16,4,2022,0
2022-04-19 18:00:00,57,18,1,0,16,4,2022,0
2022-04-19 21:00:00,5,21,1,0,16,4,2022,0
2022-04-20 03:00:00,65,3,2,0,16,4,2022,0
2022-04-20 06:00:00,136,6,2,0,16,4,2022,0
2022-04-20 09:00:00,63,9,2,0,16,4,2022,0
2022-04-20 12:00:00,186,12,2,0,16,4,2022,0
2022-04-20 15:00:00,175,15,2,0,16,4,2022,0
2022-04-20 18:00:00,85,18,2,0,16,4,2022,0
2022-04-20 21:00:00,9,21,2,0,16,4,2022,0
2022-04-21 03:00:00,72,3,3,0,16,4,2022,0
2022-04-21 06:00:00,139,6,3,0,16,4,2022,0
2022-04-21 09:00:00,66,9,3,0,16,4,2022,0
2022-04-21 12:00:00,223,12,3,0,16,4,2022,0
2022-04-21 15:00:00,180,15,3,0,16,4,2022,0
2022-04-21 18:00:00,101,18,3,0,16,4,2022,0
2022-04-21 21:00:00,13,21,3,0,16,4,2022,0
2022-04-22 03:00:00,67,3,4,0,16,4,2022,0
2022-04-22 06:00:00,132,6,4,0,16,4,2022,0
2022-04-22 09:00:00,102,9,4,0,16,4,2022,0
2022-04-22 12:00:00,202,12,4,0,16,4,2022,0
2022-04-22 15:00:00,125,15,4,0,16,4,2022,0
2022-04-22 18:00:00,66,18,4,0,16,4,2022,0
2022-04-22 21:00:00,13,21,4,0,16,4,2022,0
2022-04-23 03:00:00,4,3,5,1,16,4,2022,0
2022-04-23 06:00:00,65,6,5,1,16,4,2022,0
2022-04-23 09:00:00,147,9,5,1,16,4,2022,0
2022-04-23 12:00:00,169,12,5,1,16,4,2022,0
2022-04-23 15:00:00,162,15,5,1,16,4,2022,0
2022-04-23 18:00:00,67,18,5,1,16,4,2022,0
2022-04-23 21:00:00,18,21,5,1,16,4,2022,0
2022-04-24 03:00:00,4,3,6,1,16,4,2022,0
2022-04-24 06:00:00,54,6,6,1,16,4,2022,0
2022-04-24 09:00:00,100,9,6,1,16,4,2022,0
2022-04-24 12:00:00,135,12,6,1,16,4,2022,0
2022-04-24 15:00:00,132,15,6,1,16,4,2022,0
2022-04-24 18:00:00,69,18,6,1,16,4,2022,0
2022-04-24 21:00:00,9,21,6,1,16,4,2022,0
2022-04-25 03:00:00,57,3,0,0,17,4,2022,0
2022-04-25 06:00:00,124,6,0,0,17,4,2022,0
2022-04-25 09:00:00,47,9,0,0,17,4,2022,0
2022-04-25 12:00:00,168,12,0,0,17,4,2022,0
2022-04-25 15:00:00,154,15,0,0,17,4,2022,0
2022-04-25 18:00:00,73,18,0,0,17,4,2022,0
2022-04-25 21:00:00,2,21,0,0,17,4,2022,0
2022-04-26 03:00:00,66,3,1,0,17,4,2022,0
2022-04-26 06:00:00,146,6,1,0,17,4,2022,0
2022-04-26 09:00:00,51,9,1,0,17,4,2022,0
2022-04-26 12:00:00,175,12,1,0,17,4,2022,0
2022-04-26 15:00:00,129,15,1,0,17,4,2022,0
2022-04-26 18:00:00,86,18,1,0,17,4,2022,0
2022-04-26 21:00:00,12,21,1,0,17,4,2022,0
2022-04-27 03:00:00,71,3,2,0,17,4,2022,0
2022-04-27 06:00:00,125,6,2,0,17,4,2022,0
2022-04-27 09:00:00,74,9,2,0,17,4,2022,0
2022-04-27 12:00:00,179,12,2,0,17,4,2022,0
2022-04-27 15:00:00,168,15,2,0,17,4,2022,0
2022-04-27 18:00:00,42,18,2,0,17,4,2022,0
2022-04-27 21:00:00,4,21,2,0,17,4,2022,0
2022-04-28 03:00:00,58,3,3,0,17,4,2022,0
2022-04-28 06:00:00,119,6,3,0,17,4,2022,0
2022-04-28 09:00:00,44,9,3,0,17,4,2022,0
2022-04-28 12:00:00,174,12,3,0,17,4,2022,0
2022-04-28 15:00:00,141,15,3,0,17,4,2022,0
2022-04-28 18:00:00,78,18,3,0,17,4,2022,0
2022-04-28 21:00:00,9,21,3,0,17,4,2022,0
2022-04-29 03:00:00,65,3,4,0,17,4,2022,0
2022-04-29 06:00:00,134,6,4,0,17,4,2022,0
2022-04-29 09:00:00,114,9,4,0,17,4,2022,0
2022-04-29 12:00:00,155,12,4,0,17,4,2022,0
2022-04-29 15:00:00,99,15,4,0,17,4,2022,0
2022-04-29 18:00:00,55,18,4,0,17,4,2022,0
2022-04-29 21:00:00,15,21,4,0,17,4,2022,0
2022-04-30 03:00:00,5,3,5,1,17,4,2022,0
2022-04-30 06:00:00,46,6,5,1,17,4,2022,0
2022-04-30 09:00:00,77,9,5,1,17,4,2022,0
2022-04-30 12:00:00,106,12,5,1,17,4,2022,0
2022-04-30 15:00:00,90,15,5,1,17,4,2022,0
2022-04-30 18:00:00,27,18,5,1,17,4,2022,0
2022-04-30 21:00:00,21,21,5,1,17,4,2022,0
2022-05-01 03:00:00,9,3,6,1,17,5,2022,0
2022-05-01 06:00:00,40,6,6,1,17,5,2022,0
2022-05-01 09:00:00,125,9,6,1,17,5,2022,0
2022-05-01 12:00:00,132,12,6,1,17,5,2022,0
2022-05-01 15:00:00,113,15,6,1,17,5,2022,0
2022-05-01 18:00:00,68,18,6,1,17,5,2022,0
2022-05-01 21:00:00,20,21,6,1,17,5,2022,0
2022-05-02 03:00:00,57,3,0,0,18,5,2022,0
2022-05-02 06:00:00,109,6,0,0,18,5,2022,0
2022-05-02 09:00:00,40,9,0,0,18,5,2022,0
2022-05-02 12:00:00,116,12,0,0,18,5,2022,0
2022-05-02 15:00:00,107,15,0,0,18,5,2022,0
2022-05-02 18:00:00,51,18,0,0,18,5,2022,0
2022-05-02 21:00:00,7,21,0,0,18,5,2022,0
2022-05-03 03:00:00,66,3,1,0,18,5,2022,0
2022-05-03 06:00:00,112,6,1,0,18,5,2022,0
2022-05-03 09:00:00,59,9,1,0,18,5,2022,0
2022-05-03 12:00:00,165,12,1,0,18,5,2022,0
2022-05-03 15:00:00,133,15,1,0,18,5,2022,0
2022-05-03 18:00:00,65,18,1,0,18,5,2022,0
2022-05-03 21:00:00,6,21,1,0,18,5,2022,0
2022-05-04 03:00:00,65,3,2,0,18,5,2022,0
2022-05-04 06:00:00,152,6,2,0,18,5,2022,0
2022-05-04 09:00:00,73,9,2,0,18,5,2022,0
2022-05-04 12:00:00,181,12,2,0,18,5,2022,0
2022-05-04 15:00:00,133,15,2,0,18,5,2022,0
2022-05-04 18:00:00,52,18,2,0,18,5,2022,0
2022-05-04 21:00:00,9,21,2,0,18,5,2022,0
2022-05-05 03:00:00,54,3,3,0,18,5,2022,0
2022-05-05 06:00:00,103,6,3,0,18,5,2022,0
2022-05-05 09:00:00,88,9,3,0,18,5,2022,0
2022-05-05 12:00:00,182,12,3,0,18,5,2022,0
2022-05-05 15:00:00,142,15,3,0,18,5,2022,0
2022-05-05 18:00:00,90,18,3,0,18,5,2022,0
2022-05-05 21:00:00,7,21,3,0,18,5,2022,0
2022-05-06 03:00:00,58,3,4,0,18,5,2022,0
2022-05-06 06:00:00,168,6,4,0,18,5,2022,0
2022-05-06 09:00:00,47,9,4,0,18,5,2022,0
2022-05-06 12:00:00,155,12,4,0,18,5,2022,0
2022-05-06 15:00:00,140,15,4,0,18,5,2022,0
2022-05-06 18:00:00,40,18,4,0,18,5,2022,0
2022-05-06 21:00:00,9,21,4,0,18,5,2022,0
2022-05-07 03:00:00,8,3,5,1,18,5,2022,0
2022-05-07 06:00:00,46,6,5,1,18,5,2022,0
2022-05-07 09:00:00,68,9,5,1,18,5,2022,0
2022-05-07 12:00:00,98,12,5,1,18,5,2022,0
2022-05-07 15:00:00,61,15,5,1,18,5,2022,0
2022-05-07 18:00:00,30,18,5,1,18,5,2022,0
2022-05-07 21:00:00,12,21,5,1,18,5,2022,0
2022-05-08 03:00:00,4,3,6,1,18,5,2022,0
2022-05-08 06:00:00,39,6,6,1,18,5,2022,0
2022-05-08 09:00:00,46,9,6,1,18,5,2022,0
2022-05-08 12:00:00,76,12,6,1,18,5,2022,0
2022-05-08 15:00:00,84,15,6,1,18,5,2022,0
2022-05-08 18:00:00,49,18,6,1,18,5,2022,0
2022-05-08 21:00:00,13,21,6,1,18,5,2022,0
2022-05-09 03:00:00,67,3,0,0,19,5,2022,0
2022-05-09 06:00:00,152,6,0,0,19,5,2022,0
2022-05-09 09:00:00,50,9,0,0,19,5,2022,0
2022-05-09 12:00:00,171,12,0,0,19,5,2022,0
2022-05-09 15:00:00,157,15,0,0,19,5,2022,0
2022-05-09 18:00:00,72,18,0,0,19,5,2022,0
2022-05-09 21:00:00,8,21,0,0,19,5,2022,0
2022-05-10 03:00:00,84,3,1,0,19,5,2022,0
2022-05-10 06:00:00,159,6,1,0,19,5,2022,0
2022-05-10 09:00:00,91,9,1,0,19,5,2022,0
2022-05-10 12:00:00,187,12,1,0,19,5,2022,0
2022-05-10 15:00:00,174,15,1,0,19,5,2022,0
2022-05-10 18:00:00,83,18,1,0,19,5,2022,0
2022-05-10 21:00:00,8,21,1,0,19,5,2022,0
2022-05-11 03:00:00,53,3,2,0,19,5,2022,0
2022-05-11 06:00:00,181,6,2,0,19,5,2022,0
2022-05-11 09:00:00,88,9,2,0,19,5,2022,0
2022-05-11 12:00:00,212,12,2,0,19,5,2022,0
2022-05-11 15:00:00,158,15,2,0,19,5,2022,0
2022-05-11 18:00:00,106,18,2,0,19,5,2022,0
2022-05-11 21:00:00,5,21,2,0,19,5,2022,0
2022-05-12 03:00:00,60,3,3,0,19,5,2022,0
2022-05-12 06:00:00,158,6,3,0,19,5,2022,0
2022-05-12 09:00:00,55,9,3,0,19,5,2022,0
2022-05-12 12:00:00,162,12,3,0,19,5,2022,0
2022-05-12 15:00:00,166,15,3,0,19,5,2022,0
2022-05-12 18:00:00,104,18,3,0,19,5,2022,0
2022-05-12 21:00:00,15,21,3,0,19,5,2022,0
2022-05-13 03:00:00,62,3,4,0,19,5,2022,0
2022-05-13 06:00:00,161,6,4,0,19,5,2022,0
2022-05-13 09:00:00,80,9,4,0,19,5,2022,0
2022-05-13 12:00:00,147,12,4,0,19,5,2022,0
2022-05-13 15:00:00,108,15,4,0,19,5,2022,0
2022-05-13 18:00:00,52,18,4,0,19,5,2022,0
2022-05-13 21:00:00,5,21,4,0,19,5,2022,0
2022-05-14 03:00:00,11,3,5,1,19,5,2022,0
2022-05-14 06:00:00,56,6,5,1,19,5,2022,0
2022-05-14 09:00:00,84,9,5,1,19,5,2022,0
2022-05-14 12:00:00,120,12,5,1,19,5,2022,0
2022-05-14 15:00:00,70,15,5,1,19,5,2022,0
2022-05-14 18:00:00,35,18,5,1,19,5,2022,0
2022-05-14 21:00:00,4,21,5,1,19,5,2022,0
2022-05-15 03:00:00,7,3,6,1,19,5,2022,0
2022-05-15 06:00:00,57,6,6,1,19,5,2022,0
2022-05-15 09:00:00,72,9,6,1,19,5,2022,0
2022-05-15 12:00:00,84,12,6,1,19,5,2022,0
2022-05-15 15:00:00,115,15,6,1,19,5,2022,0
2022-05-15 18:00:00,74,18,6,1,19,5,2022,0
2022-05-15 21:00:00,9,21,6,1,19,5,2022,0
2022-05-16 03:00:00,38,3,0,0,20,5,2022,0
2022-05-16 06:00:00,144,6,0,0,20,5,2022,0
2022-05-16 09:00:00,83,9,0,0,20,5,2022,0
2022-05-16 12:00:00,205,12,0,0,20,5,2022,0
2022-05-16 15:00:00,159,15,0,0,20,5,2022,0
2022-05-16 18:00:00,105,18,0,0,20,5,2022,0
2022-05-16 21:00:00,19,21,0,0,20,5,2022,0
2022-05-17 09:00:00,1,9,1,0,20,5,2022,0
2022-05-17 15:00:00,66,15,1,0,20,5,2022,0
2022-05-17 18:00:00,74,18,1,0,20,5,2022,0
2022-05-17 21:00:00,10,21,1,0,20,5,2022,0
2022-05-18 03:00:00,45,3,2,0,20,5,2022,0
2022-05-18 06:00:00,134,6,2,0,20,5,2022,0
2022-05-18 09:00:00,104,9,2,0,20,5,2022,0
2022-05-18 12:00:00,177,12,2,0,20,5,2022,0
2022-05-18 15:00:00,151,15,2,0,20,5,2022,0
2022-05-18 18:00:00,92,18,2,0,20,5,2022,0
2022-05-18 21:00:00,9,21,2,0,20,5,2022,0
2022-05-19 03:00:00,69,3,3,0,20,5,2022,0
2022-05-19 06:00:00,172,6,3,0,20,5,2022,0
2022-05-19 09:00:00,71,9,3,0,20,5,2022,0
2022-05-19 12:00:00,212,12,3,0,20,5,2022,0
2022-05-19 15:00:00,192,15,3,0,20,5,2022,0
2022-05-19 18:00:00,115,18,3,0,20,5,2022,0
2022-05-19 21:00:00,13,21,3,0,20,5,2022,0
2022-05-20 03:00:00,67,3,4,0,20,5,2022,0
2022-05-20 06:00:00,167,6,4,0,20,5,2022,0
2022-05-20 09:00:00,129,9,4,0,20,5,2022,0
2022-05-20 12:00:00,244,12,4,0,20,5,2022,0
2022-05-20 15:00:00,251,15,4,0,20,5,2022,0
2022-05-20 18:00:00,121,18,4,0,20,5,2022,0
2022-05-20 21:00:00,27,21,4,0,20,5,2022,0
2022-05-21 03:00:00,7,3,5,1,20,5,2022,0
2022-05-21 06:00:00,103,6,5,1,20,5,2022,0
2022-05-21 09:00:00,165,9,5,1,20,5,2022,0
2022-05-21 12:00:00,156,12,5,1,20,5,2022,0
2022-05-21 15:00:00,143,15,5,1,20,5,2022,0
2022-05-21 18:00:00,75,18,5,1,20,5,2022,0
2022-05-21 21:00:00,20,21,5,1,20,5,2022,0
2022-05-22 03:00:00,12,3,6,1,20,5,2022,0
2022-05-22 06:00:00,52,6,6,1,20,5,2022,0
2022-05-22 09:00:00,100,9,6,1,20,5,2022,0
2022-05-22 12:00:00,155,12,6,1,20,5,2022,0
2022-05-22 15:00:00,132,15,6,1,20,5,2022,0
2022-05-22 18:00:00,80,18,6,1,20,5,2022,0
2022-05-22 21:00:00,14,21,6,1,20,5,2022,0
2022-05-23 03:00:00,70,3,0,0,21,5,2022,0
2022-05-23 06:00:00,153,6,0,0,21,5,2022,0
2022-05-23 09:00:00,95,9,0,0,21,5,2022,0
2022-05-23 12:00:00,222,12,0,0,21,5,2022,0
2022-05-23 15:00:00,166,15,0,0,21,5,2022,0
2022-05-23 18:00:00,108,18,0,0,21,5,2022,0
2022-05-23 21:00:00,12,21,0,0,21,5,2022,0
2022-05-24 03:00:00,73,3,1,0,21,5,2022,0
2022-05-24 06:00:00,184,6,1,0,21,5,2022,0
2022-05-24 09:00:00,83,9,1,0,21,5,2022,0
2022-05-24 12:00:00,206,12,1,0,21,5,2022,0
2022-05-24 15:00:00,126,15,1,0,21,5,2022,0
2022-05-24 18:00:00,81,18,1,0,21,5,2022,0
2022-05-24 21:00:00,8,21,1,0,21,5,2022,0
2022-05-25 03:00:00,72,3,2,0,21,5,2022,0
2022-05-25 06:00:00,159,6,2,0,21,5,2022,0
2022-05-25 09:00:00,121,9,2,0,21,5,2022,0
2022-05-25 12:00:00,225,12,2,0,21,5,2022,0
2022-05-25 15:00:00,143,15,2,0,21,5,2022,0
2022-05-25 18:00:00,101,18,2,0,21,5,2022,0
2022-05-25 21:00:00,14,21,2,0,21,5,2022,0
2022-05-26 03:00:00,23,3,3,0,21,5,2022,0
2022-05-26 06:00:00,107,6,3,0,21,5,2022,0
2022-05-26 09:00:00,126,9,3,0,21,5,2022,0
2022-05-26 12:00:00,141,12,3,0,21,5,2022,0
2022-05-26 15:00:00,151,15,3,0,21,5,2022,0
2022-05-26 18:00:00,83,18,3,0,21,5,2022,0
2022-05-26 21:00:00,19,21,3,0,21,5,2022,0
2022-05-27 03:00:00,37,3,4,0,21,5,2022,0
2022-05-27 06:00:00,114,6,4,0,21,5,2022,0
2022-05-27 09:00:00,96,9,4,0,21,5,2022,0
2022-05-27 12:00:00,162,12,4,0,21,5,2022,0
2022-05-27 15:00:00,142,15,4,0,21,5,2022,0
2022-05-27 18:00:00,55,18,4,0,21,5,2022,0
2022-05-27 21:00:00,14,21,4,0,21,5,2022,0
2022-05-28 03:00:00,8,3,5,1,21,5,2022,0
2022-05-28 06:00:00,36,6,5,1,21,5,2022,0
2022-05-28 09:00:00,62,9,5,1,21,5,2022,0
2022-05-28 12:00:00,73,12,5,1,21,5,2022,0
2022-05-28 15:00:00,104,15,5,1,21,5,2022,0
2022-05-28 18:00:00,57,18,5,1,21,5,2022,0
2022-05-28 21:00:00,20,21,5,1,21,5,2022,0
2022-05-29 03:00:00,4,3,6,1,21,5,2022,0
2022-05-29 06:00:00,25,6,6,1,21,5,2022,0
2022-05-29 09:00:00,68,9,6,1,21,5,2022,0
2022-05-29 12:00:00,89,12,6,1,21,5,2022,0
2022-05-29 15:00:00,95,15,6,1,21,5,2022,0
2022-05-29 18:00:00,72,18,6,1,21,5,2022,0
2022-05-29 21:00:00,16,21,6,1,21,5,2022,0
2022-05-30 03:00:00,74,3,0,0,22,5,2022,0
2022-05-30 06:00:00,154,6,0,0,22,5,2022,0
2022-05-30 09:00:00,104,9,0,0,22,5,2022,0
2022-05-30 12:00:00,225,12,0,0,22,5,2022,0
2022-05-30 15:00:00,194,15,0,0,22,5,2022,0
2022-05-30 18:00:00,128,18,0,0,22,5,2022,0
2022-05-30 21:00:00,16,21,0,0,22,5,2022,0
2022-05-31 03:00:00,80,3,1,0,22,5,2022,0
2022-05-31 06:00:00,147,6,1,0,22,5,2022,0
2022-05-31 09:00:00,94,9,1,0,22,5,2022,0
2022-05-31 12:00:00,246,12,1,0,22,5,2022,0
2022-05-31 15:00:00,209,15,1,0,22,5,2022,0
2022-05-31 18:00:00,88,18,1,0,22,5,2022,0
2022-05-31 21:00:00,24,21,1,0,22,5,2022,0
2022-06-01 03:00:00,38,3,2,0,22,6,2022,0
2022-06-01 06:00:00,101,6,2,0,22,6,2022,0
2022-06-01 09:00:00,53,9,2,0,22,6,2022,0
2022-06-01 12:00:00,148,12,2,0,22,6,2022,0
2022-06-01 15:00:00,194,15,2,0,22,6,2022,0
2022-06-01 18:00:00,57,18,2,0,22,6,2022,0
2022-06-01 21:00:00,7,21,2,0,22,6,2022,0
2022-06-02 03:00:00,52,3,3,0,22,6,2022,0
2022-06-02 06:00:00,140,6,3,0,22,6,2022,0
2022-06-02 09:00:00,113,9,3,0,22,6,2022,0
2022-06-02 12:00:00,217,12,3,0,22,6,2022,0
2022-06-02 15:00:00,180,15,3,0,22,6,2022,0
2022-06-02 18:00:00,108,18,3,0,22,6,2022,0
2022-06-02 21:00:00,22,21,3,0,22,6,2022,0
2022-06-03 03:00:00,55,3,4,0,22,6,2022,0
2022-06-03 06:00:00,116,6,4,0,22,6,2022,0
2022-06-03 09:00:00,83,9,4,0,22,6,2022,0
2022-06-03 12:00:00,187,12,4,0,22,6,2022,0
2022-06-03 15:00:00,149,15,4,0,22,6,2022,0
2022-06-03 18:00:00,70,18,4,0,22,6,2022,0
2022-06-03 21:00:00,12,21,4,0,22,6,2022,0
2022-06-04 03:00:00,8,3,5,1,22,6,2022,0
2022-06-04 06:00:00,50,6,5,1,22,6,2022,0
2022-06-04 09:00:00,92,9,5,1,22,6,2022,0
2022-06-04 12:00:00,142,12,5,1,22,6,2022,0
2022-06-04 15:00:00,120,15,5,1,22,6,2022,0
2022-06-04 18:00:00,63,18,5,1,22,6,2022,0
2022-06-04 21:00:00,19,21,5,1,22,6,2022,0
2022-06-05 03:00:00,17,3,6,1,22,6,2022,0
2022-06-05 06:00:00,44,6,6,1,22,6,2022,0
2022-06-05 09:00:00,79,9,6,1,22,6,2022,0
2022-06-05 12:00:00,102,12,6,1,22,6,2022,0
2022-06-05 15:00:00,103,15,6,1,22,6,2022,0
2022-06-05 18:00:00,92,18,6,1,22,6,2022,0
2022-06-05 21:00:00,24,21,6,1,22,6,2022,0
2022-06-06 03:00:00,16,3,0,0,23,6,2022,0
2022-06-06 06:00:00,68,6,0,0,23,6,2022,0
2022-06-06 09:00:00,112,9,0,0,23,6,2022,0
2022-06-06 12:00:00,144,12,0,0,23,6,2022,0
2022-06-06 15:00:00,147,15,0,0,23,6,2022,0
2022-06-06 18:00:00,80,18,0,0,23,6,2022,0
2022-06-06 21:00:00,16,21,0,0,23,6,2022,0
2022-06-07 03:00:00,67,3,1,0,23,6,2022,0
2022-06-07 06:00:00,111,6,1,0,23,6,2022,0
2022-06-07 09:00:00,84,9,1,0,23,6,2022,0
2022-06-07 12:00:00,199,12,1,0,23,6,2022,0
2022-06-07 15:00:00,175,15,1,0,23,6,2022,0
2022-06-07 18:00:00,89,18,1,0,23,6,2022,0
2022-06-07 21:00:00,14,21,1,0,23,6,2022,0
2022-06-08 03:00:00,56,3,2,0,23,6,2022,0
2022-06-08 06:00:00,133,6,2,0,23,6,2022,0
2022-06-08 09:00:00,105,9,2,0,23,6,2022,0
2022-06-08 12:00:00,191,12,2,0,23,6,2022,0
2022-06-08 15:00:00,134,15,2,0,23,6,2022,0
2022-06-08 18:00:00,85,18,2,0,23,6,2022,0
2022-06-08 21:00:00,26,21,2,0,23,6,2022,0
2022-06-09 03:00:00,65,3,3,0,23,6,2022,0
2022-06-09 06:00:00,116,6,3,0,23,6,2022,0
2022-06-09 09:00:00,98,9,3,0,23,6,2022,0
2022-06-09 12:00:00,207,12,3,0,23,6,2022,0
2022-06-09 15:00:00,183,15,3,0,23,6,2022,0
2022-06-09 18:00:00,106,18,3,0,23,6,2022,0
2022-06-09 21:00:00,35,21,3,0,23,6,2022,0
2022-06-10 03:00:00,57,3,4,0,23,6,2022,0
2022-06-10 06:00:00,144,6,4,0,23,6,2022,0
2022-06-10 09:00:00,135,9,4,0,23,6,2022,0
2022-06-10 12:00:00,232,12,4,0,23,6,2022,0
2022-06-10 15:00:00,130,15,4,0,23,6,2022,0
2022-06-10 18:00:00,77,18,4,0,23,6,2022,0
2022-06-10 21:00:00,76,21,4,0,23,6,2022,0
2022-06-11 03:00:00,3,3,5,1,23,6,2022,0
2022-06-11 06:00:00,30,6,5,1,23,6,2022,0
2022-06-11 09:00:00,142,9,5,1,23,6,2022,0
2022-06-11 12:00:00,180,12,5,1,23,6,2022,0
2022-06-11 15:00:00,128,15,5,1,23,6,2022,0
2022-06-11 18:00:00,86,18,5,1,23,6,2022,0
2022-06-11 21:00:00,77,21,5,1,23,6,2022,0
2022-06-12 03:00:00,8,3,6,1,23,6,2022,0
2022-06-12 06:00:00,33,6,6,1,23,6,2022,0
2022-06-12 09:00:00,74,9,6,1,23,6,2022,0
2022-06-12 12:00:00,110,12,6,1,23,6,2022,0
2022-06-12 15:00:00,115,15,6,1,23,6,2022,0
2022-06-12 18:00:00,29,18,6,1,23,6,2022,0
2022-06-12 21:00:00,11,21,6,1,23,6,2022,0
2022-06-13 03:00:00,57,3,0,0,24,6,2022,0
2022-06-13 06:00:00,121,6,0,0,24,6,2022,0
2022-06-13 09:00:00,64,9,0,0,24,6,2022,0
2022-06-13 12:00:00,136,12,0,0,24,6,2022,0
2022-06-13 15:00:00,124,15,0,0,24,6,2022,0
2022-06-13 18:00:00,83,18,0,0,24,6,2022,0
2022-06-13 21:00:00,10,21,0,0,24,6,2022,0
2022-06-14 03:00:00,58,3,1,0,24,6,2022,0
2022-06-14 06:00:00,135,6,1,0,24,6,2022,0
2022-06-14 09:00:00,94,9,1,0,24,6,2022,0
2022-06-14 12:00:00,181,12,1,0,24,6,2022,0
2022-06-14 15:00:00,89,15,1,0,24,6,2022,0
2022-06-14 18:00:00,51,18,1,0,24,6,2022,0
2022-06-14 21:00:00,12,21,1,0,24,6,2022,0
2022-06-15 03:00:00,65,3,2,0,24,6,2022,0
2022-06-15 06:00:00,121,6,2,0,24,6,2022,0
2022-06-15 09:00:00,58,9,2,0,24,6,2022,0
2022-06-15 12:00:00,160,12,2,0,24,6,2022,0
2022-06-15 15:00:00,105,15,2,0,24,6,2022,0
2022-06-15 18:00:00,72,18,2,0,24,6,2022,0
2022-06-15 21:00:00,17,21,2,0,24,6,2022,0
2022-06-16 03:00:00,60,3,3,0,24,6,2022,0
2022-06-16 06:00:00,121,6,3,0,24,6,2022,0
2022-06-16 09:00:00,87,9,3,0,24,6,2022,0
2022-06-16 12:00:00,170,12,3,0,24,6,2022,0
2022-06-16 15:00:00,118,15,3,0,24,6,2022,0
2022-06-16 18:00:00,43,18,3,0,24,6,2022,0
2022-06-16 21:00:00,10,21,3,0,24,6,2022,0
2022-06-17 03:00:00,52,3,4,0,24,6,2022,0
2022-06-17 06:00:00,124,6,4,0,24,6,2022,0
2022-06-17 09:00:00,86,9,4,0,24,6,2022,0
2022-06-17 12:00:00,168,12,4,0,24,6,2022,0
2022-06-17 15:00:00,108,15,4,0,24,6,2022,0
2022-06-17 18:00:00,27,18,4,0,24,6,2022,0
2022-06-17 21:00:00,13,21,4,0,24,6,2022,0
2022-06-18 03:00:00,7,3,5,1,24,6,2022,0
2022-06-18 06:00:00,32,6,5,1,24,6,2022,0
2022-06-18 09:00:00,65,9,5,1,24,6,2022,0
2022-06-18 12:00:00,61,12,5,1,24,6,2022,0
2022-06-18 15:00:00,62,15,5,1,24,6,2022,0
2022-06-18 18:00:00,41,18,5,1,24,6,2022,0
2022-06-18 21:00:00,9,21,5,1,24,6,2022,0
2022-06-19 03:00:00,9,3,6,1,24,6,2022,0
2022-06-19 06:00:00,26,6,6,1,24,6,2022,0
2022-06-19 09:00:00,73,9,6,1,24,6,2022,0
2022-06-19 12:00:00,94,12,6,1,24,6,2022,0
2022-06-19 15:00:00,77,15,6,1,24,6,2022,0
2022-06-19 18:00:00,57,18,6,1,24,6,2022,0
2022-06-19 21:00:00,4,21,6,1,24,6,2022,0
2022-06-20 03:00:00,72,3,0,0,25,6,2022,0
2022-06-20 06:00:00,106,6,0,0,25,6,2022,0
2022-06-20 09:00:00,70,9,0,0,25,6,2022,0
2022-06-20 12:00:00,173,12,0,0,25,6,2022,0
2022-06-20 15:00:00,163,15,0,0,25,6,2022,0
2022-06-20 18:00:00,68,18,0,0,25,6,2022,0
2022-06-20 21:00:00,9,21,0,0,25,6,2022,0
2022-06-21 03:00:00,61,3,1,0,25,6,2022,0
2022-06-21 06:00:00,86,6,1,0,25,6,2022,0
2022-06-21 09:00:00,44,9,1,0,25,6,2022,0
2022-06-21 12:00:00,114,12,1,0,25,6,2022,0
2022-06-21 15:00:00,93,15,1,0,25,6,2022,0
2022-06-21 18:00:00,57,18,1,0,25,6,2022,0
2022-06-21 21:00:00,19,21,1,0,25,6,2022,0
2022-06-22 03:00:00,67,3,2,0,25,6,2022,0
2022-06-22 06:00:00,125,6,2,0,25,6,2022,0
2022-06-22 09:00:00,68,9,2,0,25,6,2022,0
2022-06-22 12:00:00,148,12,2,0,25,6,2022,0
2022-06-22 15:00:00,145,15,2,0,25,6,2022,0
2022-06-22 18:00:00,45,18,2,0,25,6,2022,0
2022-06-22 21:00:00,6,21,2,0,25,6,2022,0
2022-06-23 03:00:00,44,3,3,0,25,6,2022,0
2022-06-23 06:00:00,68,6,3,0,25,6,2022,0
2022-06-23 09:00:00,57,9,3,0,25,6,2022,0
2022-06-23 12:00:00,142,12,3,0,25,6,2022,0
2022-06-23 15:00:00,88,15,3,0,25,6,2022,0
2022-06-23 18:00:00,65,18,3,0,25,6,2022,0
2022-06-23 21:00:00,8,21,3,0,25,6,2022,0
2022-06-24 03:00:00,54,3,4,0,25,6,2022,0
2022-06-24 06:00:00,100,6,4,0,25,6,2022,0
2022-06-24 09:00:00,80,9,4,0,25,6,2022,0
2022-06-24 12:00:00,165,12,4,0,25,6,2022,0
2022-06-24 15:00:00,123,15,4,0,25,6,2022,0
2022-06-24 18:00:00,84,18,4,0,25,6,2022,0
2022-06-24 21:00:00,31,21,4,0,25,6,2022,0
2022-06-25 03:00:00,7,3,5,1,25,6,2022,0
2022-06-25 06:00:00,52,6,5,1,25,6,2022,0
2022-06-25 09:00:00,98,9,5,1,25,6,2022,0
2022-06-25 12:00:00,133,12,5,1,25,6,2022,0
2022-06-25 15:00:00,89,15,5,1,25,6,2022,0
2022-06-25 18:00:00,74,18,5,1,25,6,2022,0
2022-06-25 21:00:00,16,21,5,1,25,6,2022,0
2022-06-26 03:00:00,13,3,6,1,25,6,2022,0
2022-06-26 06:00:00,34,6,6,1,25,6,2022,0
2022-06-26 09:00:00,94,9,6,1,25,6,2022,0
2022-06-26 12:00:00,126,12,6,1,25,6,2022,0
2022-06-26 15:00:00,123,15,6,1,25,6,2022,0
2022-06-26 18:00:00,67,18,6,1,25,6,2022,0
2022-06-26 21:00:00,14,21,6,1,25,6,2022,0
2022-06-27 03:00:00,66,3,0,0,26,6,2022,0
2022-06-27 06:00:00,110,6,0,0,26,6,2022,0
2022-06-27 09:00:00,73,9,0,0,26,6,2022,0
2022-06-27 12:00:00,181,12,0,0,26,6,2022,0
2022-06-27 15:00:00,91,15,0,0,26,6,2022,0
2022-06-27 18:00:00,59,18,0,0,26,6,2022,0
2022-06-27 21:00:00,4,21,0,0,26,6,2022,0
2022-06-28 03:00:00,46,3,1,0,26,6,2022,0
2022-06-28 06:00:00,95,6,1,0,26,6,2022,0
2022-06-28 09:00:00,32,9,1,0,26,6,2022,0
2022-06-28 12:00:00,60,12,1,0,26,6,2022,0
2022-06-28 15:00:00,50,15,1,0,26,6,2022,0
2022-06-28 18:00:00,44,18,1,0,26,6,2022,0
2022-06-28 21:00:00,12,21,1,0,26,6,2022,0
2022-06-29 03:00:00,59,3,2,0,26,6,2022,0
2022-06-29 06:00:00,121,6,2,0,26,6,2022,0
2022-06-29 09:00:00,86,9,2,0,26,6,2022,0
2022-06-29 12:00:00,164,12,2,0,26,6,2022,0
2022-06-29 15:00:00,127,15,2,0,26,6,2022,0
2022-06-29 18:00:00,88,18,2,0,26,6,2022,0
2022-06-29 21:00:00,14,21,2,0,26,6,2022,0
2022-06-30 03:00:00,60,3,3,0,26,6,2022,0
2022-06-30 06:00:00,102,6,3,0,26,6,2022,0
2022-06-30 09:00:00,111,9,3,0,26,6,2022,0
2022-06-30 12:00:00,201,12,3,0,26,6,2022,0
2022-06-30 15:00:00,150,15,3,0,26,6,2022,0
2022-06-30 18:00:00,103,18,3,0,26,6,2022,0
2022-06-30 21:00:00,21,21,3,0,26,6,2022,0
2022-07-01 03:00:00,67,3,4,0,26,7,2022,0
2022-07-01 06:00:00,81,6,4,0,26,7,2022,0
2022-07-01 09:00:00,70,9,4,0,26,7,2022,0
2022-07-01 12:00:00,166,12,4,0,26,7,2022,0
2022-07-01 15:00:00,110,15,4,0,26,7,2022,0
2022-07-01 18:00:00,69,18,4,0,26,7,2022,0
2022-07-01 21:00:00,26,21,4,0,26,7,2022,0
2022-07-02 03:00:00,7,3,5,1,26,7,2022,0
2022-07-02 06:00:00,19,6,5,1,26,7,2022,0
2022-07-02 09:00:00,47,9,5,1,26,7,2022,0
2022-07-02 12:00:00,16,12,5,1,26,7,2022,0
2022-07-02 15:00:00,35,15,5,1,26,7,2022,0
2022-07-02 18:00:00,32,18,5,1,26,7,2022,0
2022-07-02 21:00:00,11,21,5,1,26,7,2022,0
2022-07-03 03:00:00,6,3,6,1,26,7,2022,0
2022-07-03 06:00:00,31,6,6,1,26,7,2022,0
2022-07-03 09:00:00,80,9,6,1,26,7,2022,0
2022-07-03 12:00:00,74,12,6,1,26,7,2022,0
2022-07-03 15:00:00,39,15,6,1,26,7,2022,0
2022-07-03 18:00:00,37,18,6,1,26,7,2022,0
2022-07-03 21:00:00,14,21,6,1,26,7,2022,0
2022-07-04 03:00:00,63,3,0,0,27,7,2022,0
2022-07-04 06:00:00,86,6,0,0,27,7,2022,0
2022-07-04 09:00:00,66,9,0,0,27,7,2022,0
2022-07-04 12:00:00,148,12,0,0,27,7,2022,0
2022-07-04 15:00:00,65,15,0,0,27,7,2022,0
2022-07-04 18:00:00,41,18,0,0,27,7,2022,0
2022-07-04 21:00:00,1,21,0,0,27,7,2022,0
2022-07-05 03:00:00,55,3,1,0,27,7,2022,0
2022-07-05 06:00:00,81,6,1,0,27,7,2022,0
2022-07-05 09:00:00,47,9,1,0,27,7,2022,0
2022-07-05 12:00:00,118,12,1,0,27,7,2022,0
2022-07-05 15:00:00,98,15,1,0,27,7,2022,0
2022-07-05 18:00:00,36,18,1,0,27,7,2022,0
2022-07-05 21:00:00,5,21,1,0,27,7,2022,0
2022-07-06 03:00:00,54,3,2,0,27,7,2022,0
2022-07-06 06:00:00,73,6,2,0,27,7,2022,0
2022-07-06 09:00:00,41,9,2,0,27,7,2022,0
2022-07-06 12:00:00,103,12,2,0,27,7,2022,0
2022-07-06 15:00:00,83,15,2,0,27,7,2022,0
2022-07-06 18:00:00,37,18,2,0,27,7,2022,0
2022-07-06 21:00:00,7,21,2,0,27,7,2022,0
2022-07-07 03:00:00,43,3,3,0,27,7,2022,0
2022-07-07 06:00:00,60,6,3,0,27,7,2022,0
2022-07-07 09:00:00,42,9,3,0,27,7,2022,0
2022-07-07 12:00:00,112,12,3,0,27,7,2022,0
2022-07-07 15:00:00,109,15,3,0,27,7,2022,0
2022-07-07 18:00:00,43,18,3,0,27,7,2022,0
2022-07-07 21:00:00,2,21,3,0,27,7,2022,0
2022-07-08 03:00:00,46,3,4,0,27,7,2022,0
2022-07-08 06:00:00,62,6,4,0,27,7,2022,0
2022-07-08 09:00:00,48,9,4,0,27,7,2022,0
2022-07-08 12:00:00,117,12,4,0,27,7,2022,0
2022-07-08 15:00:00,99,15,4,0,27,7,2022,0
2022-07-08 18:00:00,33,18,4,0,27,7,2022,0
2022-07-08 21:00:00,8,21,4,0,27,7,2022,0
2022-07-09 03:00:00,9,3,5,1,27,7,2022,0
2022-07-09 06:00:00,20,6,5,1,27,7,2022,0
2022-07-09 09:00:00,30,9,5,1,27,7,2022,0
2022-07-09 12:00:00,37,12,5,1,27,7,2022,0
2022-07-09 15:00:00,46,15,5,1,27,7,2022,0
2022-07-09 18:00:00,26,18,5,1,27,7,2022,0
2022-07-09 21:00:00,10,21,5,1,27,7,2022,0
2022-07-10 03:00:00,6,3,6,1,27,7,2022,0
2022-07-10 06:00:00,23,6,6,1,27,7,2022,0
2022-07-10 09:00:00,56,9,6,1,27,7,2022,0
2022-07-10 12:00:00,72,12,6,1,27,7,2022,0
2022-07-10 15:00:00,60,15,6,1,27,7,2022,0
2022-07-10 18:00:00,49,18,6,1,27,7,2022,0
2022-07-10 21:00:00,5,21,6,1,27,7,2022,0
2022-07-11 03:00:00,40,3,0,0,28,7,2022,0
2022-07-11 06:00:00,55,6,0,0,28,7,2022,0
2022-07-11 09:00:00,41,9,0,0,28,7,2022,0
2022-07-11 12:00:00,120,12,0,0,28,7,2022,0
2022-07-11 15:00:00,100,15,0,0,28,7,2022,0
2022-07-11 18:00:00,50,18,0,0,28,7,2022,0
2022-07-11 21:00:00,12,21,0,0,28,7,2022,0
2022-07-12 03:00:00,38,3,1,0,28,7,2022,0
2022-07-12 06:00:00,54,6,1,0,28,7,2022,0
2022-07-12 09:00:00,89,9,1,0,28,7,2022,0
2022-07-12 12:00:00,104,12,1,0,28,7,2022,0
2022-07-12 15:00:00,80,15,1,0,28,7,2022,0
2022-07-12 18:00:00,44,18,1,0,28,7,2022,0
2022-07-12 21:00:00,3,21,1,0,28,7,2022,0
2022-07-13 03:00:00,31,3,2,0,28,7,2022,0
2022-07-13 06:00:00,59,6,2,0,28,7,2022,0
2022-07-13 09:00:00,38,9,2,0,28,7,2022,0
2022-07-13 12:00:00,86,12,2,0,28,7,2022,0
2022-07-13 15:00:00,81,15,2,0,28,7,2022,0
2022-07-13 18:00:00,45,18,2,0,28,7,2022,0
2022-07-13 21:00:00,5,21,2,0,28,7,2022,0
2022-07-14 03:00:00,30,3,3,0,28,7,2022,0
2022-07-14 06:00:00,46,6,3,0,28,7,2022,0
2022-07-14 09:00:00,34,9,3,0,28,7,2022,0
2022-07-14 12:00:00,58,12,3,0,28,7,2022,0
2022-07-14 15:00:00,55,15,3,0,28,7,2022,0
2022-07-14 18:00:00,29,18,3,0,28,7,2022,0
2022-07-14 21:00:00,10,21,3,0,28,7,2022,0
2022-07-15 03:00:00,29,3,4,0,28,7,2022,0
2022-07-15 06:00:00,53,6,4,0,28,7,2022,0
2022-07-15 09:00:00,51,9,4,0,28,7,2022,0
2022-07-15 12:00:00,85,12,4,0,28,7,2022,0
2022-07-15 15:00:00,67,15,4,0,28,7,2022,0
2022-07-15 18:00:00,32,18,4,0,28,7,2022,0
2022-07-15 21:00:00,7,21,4,0,28,7,2022,0
2022-07-16 03:00:00,6,3,5,1,28,7,2022,0
2022-07-16 06:00:00,25,6,5,1,28,7,2022,0
2022-07-16 09:00:00,43,9,5,1,28,7,2022,0
2022-07-16 12:00:00,43,12,5,1,28,7,2022,0
2022-07-16 15:00:00,33,15,5,1,28,7,2022,0
2022-07-16 18:00:00,24,18,5,1,28,7,2022,0
2022-07-16 21:00:00,13,21,5,1,28,7,2022,0
2022-07-17 03:00:00,9,3,6,1,28,7,2022,0
2022-07-17 06:00:00,9,6,6,1,28,7,2022,0
2022-07-17 09:00:00,24,9,6,1,28,7,2022,0
2022-07-17 12:00:00,43,12,6,1,28,7,2022,0
2022-07-17 15:00:00,39,15,6,1,28,7,2022,0
2022-07-17 18:00:00,20,18,6,1,28,7,2022,0
2022-07-17 21:00:00,3,21,6,1,28,7,2022,0
2022-07-18 03:00:00,37,3,0,0,29,7,2022,0
2022-07-18 06:00:00,29,6,0,0,29,7,2022,0
2022-07-18 09:00:00,38,9,0,0,29,7,2022,0
2022-07-18 12:00:00,91,12,0,0,29,7,2022,0
2022-07-18 15:00:00,52,15,0,0,29,7,2022,0
2022-07-18 18:00:00,34,18,0,0,29,7,2022,0
2022-07-18 21:00:00,2,21,0,0,29,7,2022,0
2022-07-19 03:00:00,38,3,1,0,29,7,2022,0
2022-07-19 06:00:00,42,6,1,0,29,7,2022,0
2022-07-19 09:00:00,56,9,1,0,29,7,2022,0
2022-07-19 12:00:00,119,12,1,0,29,7,2022,0
2022-07-19 15:00:00,70,15,1,0,29,7,2022,0
2022-07-19 18:00:00,46,18,1,0,29,7,2022,0
2022-07-19 21:00:00,11,21,1,0,29,7,2022,0
2022-07-20 03:00:00,31,3,2,0,29,7,2022,0
2022-07-20 06:00:00,57,6,2,0,29,7,2022,0
2022-07-20 09:00:00,59,9,2,0,29,7,2022,0
2022-07-20 12:00:00,93,12,2,0,29,7,2022,0
2022-07-20 15:00:00,87,15,2,0,29,7,2022,0
2022-07-20 18:00:00,41,18,2,0,29,7,2022,0
2022-07-20 21:00:00,12,21,2,0,29,7,2022,0
2022-07-21 03:00:00,20,3,3,0,29,7,2022,0
2022-07-21 06:00:00,57,6,3,0,29,7,2022,0
2022-07-21 09:00:00,75,9,3,0,29,7,2022,0
2022-07-21 12:00:00,110,12,3,0,29,7,2022,0
2022-07-21 15:00:00,81,15,3,0,29,7,2022,0
2022-07-21 18:00:00,44,18,3,0,29,7,2022,0
2022-07-21 21:00:00,6,21,3,0,29,7,2022,0
2022-07-22 03:00:00,33,3,4,0,29,7,2022,0
2022-07-22 06:00:00,38,6,4,0,29,7,2022,0
2022-07-22 09:00:00,58,9,4,0,29,7,2022,0
2022-07-22 12:00:00,117,12,4,0,29,7,2022,0
2022-07-22 15:00:00,71,15,4,0,29,7,2022,0
2022-07-22 18:00:00,50,18,4,0,29,7,2022,0
2022-07-22 21:00:00,9,21,4,0,29,7,2022,0
2022-07-23 03:00:00,8,3,5,1,29,7,2022,0
2022-07-23 06:00:00,43,6,5,1,29,7,2022,0
2022-07-23 09:00:00,100,9,5,1,29,7,2022,0
2022-07-23 12:00:00,99,12,5,1,29,7,2022,0
2022-07-23 15:00:00,68,15,5,1,29,7,2022,0
2022-07-23 18:00:00,53,18,5,1,29,7,2022,0
2022-07-23 21:00:00,9,21,5,1,29,7,2022,0
2022-07-24 03:00:00,10,3,6,1,29,7,2022,0
2022-07-24 06:00:00,22,6,6,1,29,7,2022,0
2022-07-24 09:00:00,69,9,6,1,29,7,2022,0
2022-07-24 12:00:00,86,12,6,1,29,7,2022,0
2022-07-24 15:00:00,48,15,6,1,29,7,2022,0
2022-07-24 18:00:00,30,18,6,1,29,7,2022,0
2022-07-24 21:00:00,3,21,6,1,29,7,2022,0
2022-07-25 03:00:00,41,3,0,0,30,7,2022,0
2022-07-25 06:00:00,55,6,0,0,30,7,2022,0
2022-07-25 09:00:00,80,9,0,0,30,7,2022,0
2022-07-25 12:00:00,148,12,0,0,30,7,2022,0
2022-07-25 15:00:00,84,15,0,0,30,7,2022,0
2022-07-25 18:00:00,23,18,0,0,30,7,2022,0
2022-07-25 21:00:00,3,21,0,0,30,7,2022,0
2022-07-26 03:00:00,37,3,1,0,30,7,2022,0
2022-07-26 06:00:00,46,6,1,0,30,7,2022,0
2022-07-26 09:00:00,42,9,1,0,30,7,2022,0
2022-07-26 12:00:00,91,12,1,0,30,7,2022,0
2022-07-26 15:00:00,56,15,1,0,30,7,2022,0
2022-07-26 18:00:00,28,18,1,0,30,7,2022,0
2022-07-26 21:00:00,5,21,1,0,30,7,2022,0
2022-07-27 03:00:00,36,3,2,0,30,7,2022,0
2022-07-27 06:00:00,59,6,2,0,30,7,2022,0
2022-07-27 09:00:00,65,9,2,0,30,7,2022,0
2022-07-27 12:00:00,116,12,2,0,30,7,2022,0
2022-07-27 15:00:00,64,15,2,0,30,7,2022,0
2022-07-27 18:00:00,34,18,2,0,30,7,2022,0
2022-07-27 21:00:00,6,21,2,0,30,7,2022,0
2022-07-28 03:00:00,44,3,3,0,30,7,2022,0
2022-07-28 06:00:00,55,6,3,0,30,7,2022,0
2022-07-28 09:00:00,62,9,3,0,30,7,2022,0
2022-07-28 12:00:00,142,12,3,0,30,7,2022,0
2022-07-28 15:00:00,139,15,3,0,30,7,2022,0
2022-07-28 18:00:00,60,18,3,0,30,7,2022,0
2022-07-28 21:00:00,20,21,3,0,30,7,2022,0
2022-07-29 03:00:00,36,3,4,0,30,7,2022,0
2022-07-29 06:00:00,68,6,4,0,30,7,2022,0
2022-07-29 09:00:00,105,9,4,0,30,7,2022,0
2022-07-29 12:00:00,168,12,4,0,30,7,2022,0
2022-07-29 15:00:00,114,15,4,0,30,7,2022,0
2022-07-29 18:00:00,69,18,4,0,30,7,2022,0
2022-07-29 21:00:00,15,21,4,0,30,7,2022,0
2022-07-30 03:00:00,9,3,5,1,30,7,2022,0
2022-07-30 06:00:00,52,6,5,1,30,7,2022,0
2022-07-30 09:00:00,101,9,5,1,30,7,2022,0
2022-07-30 12:00:00,140,12,5,1,30,7,2022,0
2022-07-30 15:00:00,127,15,5,1,30,7,2022,0
2022-07-30 18:00:00,71,18,5,1,30,7,2022,0
2022-07-30 21:00:00,28,21,5,1,30,7,2022,0
2022-07-31 03:00:00,8,3,6,1,30,7,2022,0
2022-07-31 06:00:00,24,6,6,1,30,7,2022,0
2022-07-31 09:00:00,81,9,6,1,30,7,2022,0
2022-07-31 12:00:00,80,12,6,1,30,7,2022,0
2022-07-31 15:00:00,47,15,6,1,30,7,2022,0
2022-07-31 18:00:00,10,18,6,1,30,7,2022,0
2022-07-31 21:00:00,6,21,6,1,30,7,2022,0
2022-08-01 03:00:00,34,3,0,0,31,8,2022,0
2022-08-01 06:00:00,45,6,0,0,31,8,2022,0
2022-08-01 09:00:00,36,9,0,0,31,8,2022,0
2022-08-01 12:00:00,115,12,0,0,31,8,2022,0
2022-08-01 15:00:00,110,15,0,0,31,8,2022,0
2022-08-01 18:00:00,79,18,0,0,31,8,2022,0
2022-08-01 21:00:00,9,21,0,0,31,8,2022,0
2022-08-02 03:00:00,69,3,1,0,31,8,2022,0
2022-08-02 06:00:00,96,6,1,0,31,8,2022,0
2022-08-02 09:00:00,120,9,1,0,31,8,2022,0
2022-08-02 12:00:00,236,12,1,0,31,8,2022,0
2022-08-02 15:00:00,191,15,1,0,31,8,2022,0
2022-08-02 18:00:00,84,18,1,0,31,8,2022,0
2022-08-02 21:00:00,20,21,1,0,31,8,2022,0
2022-08-03 03:00:00,53,3,2,0,31,8,2022,0
2022-08-03 06:00:00,112,6,2,0,31,8,2022,0
2022-08-03 09:00:00,84,9,2,0,31,8,2022,0
2022-08-03 12:00:00,199,12,2,0,31,8,2022,0
2022-08-03 15:00:00,184,15,2,0,31,8,2022,0
2022-08-03 18:00:00,80,18,2,0,31,8,2022,0
2022-08-03 21:00:00,13,21,2,0,31,8,2022,0
2022-08-04 03:00:00,67,3,3,0,31,8,2022,0
2022-08-04 06:00:00,144,6,3,0,31,8,2022,0
2022-08-04 09:00:00,160,9,3,0,31,8,2022,0
2022-08-04 12:00:00,194,12,3,0,31,8,2022,0
2022-08-04 15:00:00,113,15,3,0,31,8,2022,0
2022-08-04 18:00:00,45,18,3,0,31,8,2022,0
2022-08-04 21:00:00,11,21,3,0,31,8,2022,0
2022-08-05 03:00:00,56,3,4,0,31,8,2022,0
2022-08-05 06:00:00,107,6,4,0,31,8,2022,0
2022-08-05 09:00:00,155,9,4,0,31,8,2022,0
2022-08-05 12:00:00,237,12,4,0,31,8,2022,0
2022-08-05 15:00:00,193,15,4,0,31,8,2022,0
2022-08-05 18:00:00,108,18,4,0,31,8,2022,0
2022-08-05 21:00:00,27,21,4,0,31,8,2022,0
2022-08-06 03:00:00,18,3,5,1,31,8,2022,0
2022-08-06 06:00:00,43,6,5,1,31,8,2022,0
2022-08-06 09:00:00,65,9,5,1,31,8,2022,0
2022-08-06 12:00:00,87,12,5,1,31,8,2022,0
2022-08-06 15:00:00,75,15,5,1,31,8,2022,0
2022-08-06 18:00:00,47,18,5,1,31,8,2022,0
2022-08-06 21:00:00,10,21,5,1,31,8,2022,0
2022-08-07 03:00:00,12,3,6,1,31,8,2022,0
2022-08-07 06:00:00,48,6,6,1,31,8,2022,0
2022-08-07 09:00:00,187,9,6,1,31,8,2022,0
2022-08-07 12:00:00,297,12,6,1,31,8,2022,0
2022-08-07 15:00:00,143,15,6,1,31,8,2022,0
2022-08-07 18:00:00,111,18,6,1,31,8,2022,0
2022-08-07 21:00:00,103,21,6,1,31,8,2022,0
2022-08-08 03:00:00,60,3,0,0,32,8,2022,0
2022-08-08 06:00:00,138,6,0,0,32,8,2022,0
2022-08-08 09:00:00,147,9,0,0,32,8,2022,0
2022-08-08 12:00:00,306,12,0,0,32,8,2022,0
2022-08-08 15:00:00,236,15,0,0,32,8,2022,0
2022-08-08 18:00:00,151,18,0,0,32,8,2022,0
2022-08-08 21:00:00,15,21,0,0,32,8,2022,0
2022-08-09 03:00:00,55,3,1,0,32,8,2022,0
2022-08-09 06:00:00,85,6,1,0,32,8,2022,0
2022-08-09 09:00:00,130,9,1,0,32,8,2022,0
2022-08-09 12:00:00,211,12,1,0,32,8,2022,0
2022-08-09 15:00:00,186,15,1,0,32,8,2022,0
2022-08-09 18:00:00,81,18,1,0,32,8,2022,0
2022-08-09 21:00:00,10,21,1,0,32,8,2022,0
2022-08-10 03:00:00,79,3,2,0,32,8,2022,0
2022-08-10 06:00:00,157,6,2,0,32,8,2022,0
2022-08-10 09:00:00,156,9,2,0,32,8,2022,0
2022-08-10 12:00:00,315,12,2,0,32,8,2022,0
2022-08-10 15:00:00,238,15,2,0,32,8,2022,0
2022-08-10 18:00:00,126,18,2,0,32,8,2022,0
2022-08-10 21:00:00,18,21,2,0,32,8,2022,0
2022-08-11 03:00:00,74,3,3,0,32,8,2022,0
2022-08-11 06:00:00,115,6,3,0,32,8,2022,0
2022-08-11 09:00:00,138,9,3,0,32,8,2022,0
2022-08-11 12:00:00,287,12,3,0,32,8,2022,0
2022-08-11 15:00:00,156,15,3,0,32,8,2022,0
2022-08-11 18:00:00,89,18,3,0,32,8,2022,0
2022-08-11 21:00:00,12,21,3,0,32,8,2022,0
2022-08-12 03:00:00,61,3,4,0,32,8,2022,0
2022-08-12 06:00:00,130,6,4,0,32,8,2022,0
2022-08-12 09:00:00,192,9,4,0,32,8,2022,0
2022-08-12 12:00:00,323,12,4,0,32,8,2022,0
2022-08-12 15:00:00,255,15,4,0,32,8,2022,0
2022-08-12 18:00:00,148,18,4,0,32,8,2022,0
2022-08-12 21:00:00,46,21,4,0,32,8,2022,0
2022-08-13 03:00:00,14,3,5,1,32,8,2022,0
2022-08-13 06:00:00,92,6,5,1,32,8,2022,0
2022-08-13 09:00:00,225,9,5,1,32,8,2022,0
2022-08-13 12:00:00,288,12,5,1,32,8,2022,0
2022-08-13 15:00:00,227,15,5,1,32,8,2022,0
2022-08-13 18:00:00,179,18,5,1,32,8,2022,0
2022-08-13 21:00:00,30,21,5,1,32,8,2022,0
2022-08-14 03:00:00,10,3,6,1,32,8,2022,0
2022-08-14 06:00:00,84,6,6,1,32,8,2022,0
2022-08-14 09:00:00,213,9,6,1,32,8,2022,0
2022-08-14 12:00:00,399,12,6,1,32,8,2022,0
2022-08-14 15:00:00,377,15,6,1,32,8,2022,0
2022-08-14 18:00:00,173,18,6,1,32,8,2022,0
2022-08-14 21:00:00,24,21,6,1,32,8,2022,0
2022-08-15 03:00:00,103,3,0,0,33,8,2022,0
2022-08-15 06:00:00,208,6,0,0,33,8,2022,0
2022-08-15 09:00:00,183,9,0,0,33,8,2022,0
2022-08-15 12:00:00,423,12,0,0,33,8,2022,0
2022-08-15 15:00:00,401,15,0,0,33,8,2022,0
2022-08-15 18:00:00,178,18,0,0,33,8,2022,0
2022-08-15 21:00:00,38,21,0,0,33,8,2022,0
2022-08-16 03:00:00,115,3,1,0,33,8,2022,0
2022-08-16 06:00:00,252,6,1,0,33,8,2022,0
2022-08-16 09:00:00,302,9,1,0,33,8,2022,0
2022-08-16 12:00:00,469,12,1,0,33,8,2022,0
2022-08-16 15:00:00,411,15,1,0,33,8,2022,0
2022-08-16 18:00:00,156,18,1,0,33,8,2022,0
2022-08-16 21:00:00,39,21,1,0,33,8,2022,0
2022-08-17 03:00:00,70,3,2,0,33,8,2022,0
2022-08-17 06:00:00,122,6,2,0,33,8,2022,0
2022-08-17 09:00:00,111,9,2,0,33,8,2022,0
2022-08-17 12:00:00,333,12,2,0,33,8,2022,0
2022-08-17 15:00:00,326,15,2,0,33,8,2022,0
2022-08-17 18:00:00,163,18,2,0,33,8,2022,0
2022-08-17 21:00:00,31,21,2,0,33,8,2022,0
2022-08-18 03:00:00,100,3,3,0,33,8,2022,0
2022-08-18 06:00:00,229,6,3,0,33,8,2022,0
2022-08-18 09:00:00,292,9,3,0,33,8,2022,0
2022-08-18 12:00:00,537,12,3,0,33,8,2022,0
2022-08-18 15:00:00,399,15,3,0,33,8,2022,0
2022-08-18 18:00:00,188,18,3,0,33,8,2022,0
2022-08-18 21:00:00,44,21,3,0,33,8,2022,0
2022-08-19 03:00:00,92,3,4,0,33,8,2022,0
2022-08-19 06:00:00,182,6,4,0,33,8,2022,0
2022-08-19 09:00:00,235,9,4,0,33,8,2022,0
2022-08-19 12:00:00,498,12,4,0,33,8,2022,0
2022-08-19 15:00:00,372,15,4,0,33,8,2022,0
2022-08-19 18:00:00,196,18,4,0,33,8,2022,0
2022-08-19 21:00:00,69,21,4,0,33,8,2022,0
2022-08-20 03:00:00,11,3,5,1,33,8,2022,0
2022-08-20 06:00:00,84,6,5,1,33,8,2022,0
2022-08-20 09:00:00,318,9,5,1,33,8,2022,0
2022-08-20 12:00:00,393,12,5,1,33,8,2022,0
2022-08-20 15:00:00,275,15,5,1,33,8,2022,0
2022-08-20 18:00:00,134,18,5,1,33,8,2022,0
2022-08-20 21:00:00,54,21,5,1,33,8,2022,0
2022-08-21 03:00:00,23,3,6,1,33,8,2022,0
2022-08-21 06:00:00,83,6,6,1,33,8,2022,0
2022-08-21 09:00:00,310,9,6,1,33,8,2022,0
2022-08-21 12:00:00,381,12,6,1,33,8,2022,0
2022-08-21 15:00:00,143,15,6,1,33,8,2022,0
2022-08-21 18:00:00,77,18,6,1,33,8,2022,0
2022-08-21 21:00:00,6,21,6,1,33,8,2022,0
2022-08-22 03:00:00,117,3,0,0,34,8,2022,0
2022-08-22 06:00:00,252,6,0,0,34,8,2022,0
2022-08-22 09:00:00,292,9,0,0,34,8,2022,0
2022-08-22 12:00:00,461,12,0,0,34,8,2022,0
2022-08-22 15:00:00,347,15,0,0,34,8,2022,0
2022-08-22 18:00:00,181,18,0,0,34,8,2022,0
2022-08-22 21:00:00,46,21,0,0,34,8,2022,0
2022-08-23 03:00:00,120,3,1,0,34,8,2022,0
2022-08-23 06:00:00,269,6,1,0,34,8,2022,0
2022-08-23 09:00:00,290,9,1,0,34,8,2022,0
2022-08-23 12:00:00,519,12,1,0,34,8,2022,0
2022-08-23 15:00:00,383,15,1,0,34,8,2022,0
2022-08-23 18:00:00,231,18,1,0,34,8,2022,0
2022-08-23 21:00:00,28,21,1,0,34,8,2022,0
2022-08-24 03:00:00,120,3,2,0,34,8,2022,0
2022-08-24 06:00:00,321,6,2,0,34,8,2022,0
2022-08-24 09:00:00,320,9,2,0,34,8,2022,0
2022-08-24 12:00:00,540,12,2,0,34,8,2022,0
2022-08-24 15:00:00,442,15,2,0,34,8,2022,0
2022-08-24 18:00:00,241,18,2,0,34,8,2022,0
2022-08-24 21:00:00,50,21,2,0,34,8,2022,0
2022-08-25 03:00:00,134,3,3,0,34,8,2022,0
2022-08-25 06:00:00,293,6,3,0,34,8,2022,0
2022-08-25 09:00:00,289,9,3,0,34,8,2022,0
2022-08-25 12:00:00,469,12,3,0,34,8,2022,0
2022-08-25 15:00:00,426,15,3,0,34,8,2022,0
2022-08-25 18:00:00,252,18,3,0,34,8,2022,0
2022-08-25 21:00:00,48,21,3,0,34,8,2022,0
2022-08-26 03:00:00,127,3,4,0,34,8,2022,0
2022-08-26 06:00:00,265,6,4,0,34,8,2022,0
2022-08-26 09:00:00,276,9,4,0,34,8,2022,0
2022-08-26 12:00:00,360,12,4,0,34,8,2022,0
2022-08-26 15:00:00,222,15,4,0,34,8,2022,0
2022-08-26 18:00:00,90,18,4,0,34,8,2022,0
2022-08-26 21:00:00,20,21,4,0,34,8,2022,0
2022-08-27 03:00:00,12,3,5,1,34,8,2022,0
2022-08-27 06:00:00,92,6,5,1,34,8,2022,0
2022-08-27 09:00:00,276,9,5,1,34,8,2022,0
2022-08-27 12:00:00,267,12,5,1,34,8,2022,0
2022-08-27 15:00:00,209,15,5,1,34,8,2022,0
2022-08-27 18:00:00,107,18,5,1,34,8,2022,0
2022-08-27 21:00:00,34,21,5,1,34,8,2022,0
2022-08-28 03:00:00,9,3,6,1,34,8,2022,0
2022-08-28 06:00:00,65,6,6,1,34,8,2022,0
2022-08-28 09:00:00,237,9,6,1,34,8,2022,0
2022-08-28 12:00:00,265,12,6,1,34,8,2022,0
2022-08-28 15:00:00,243,15,6,1,34,8,2022,0
2022-08-28 18:00:00,124,18,6,1,34,8,2022,0
2022-08-28 21:00:00,16,21,6,1,34,8,2022,0
2022-08-29 03:00:00,140,3,0,0,35,8,2022,0
2022-08-29 06:00:00,227,6,0,0,35,8,2022,0
2022-08-29 09:00:00,249,9,0,0,35,8,2022,0
2022-08-29 12:00:00,442,12,0,0,35,8,2022,0
2022-08-29 15:00:00,349,15,0,0,35,8,2022,0
2022-08-29 18:00:00,149,18,0,0,35,8,2022,0
2022-08-29 21:00:00,16,21,0,0,35,8,2022,0
2022-08-30 03:00:00,154,3,1,0,35,8,2022,0
2022-08-30 06:00:00,267,6,1,0,35,8,2022,0
2022-08-30 09:00:00,184,9,1,0,35,8,2022,0
2022-08-30 12:00:00,428,12,1,0,35,8,2022,0
2022-08-30 15:00:00,383,15,1,0,35,8,2022,0
2022-08-30 18:00:00,204,18,1,0,35,8,2022,0
2022-08-30 21:00:00,15,21,1,0,35,8,2022,0
2022-08-31 03:00:00,154,3,2,0,35,8,2022,0
2022-08-31 06:00:00,294,6,2,0,35,8,2022,0
2022-08-31 09:00:00,254,9,2,0,35,8,2022,0
2022-08-31 12:00:00,440,12,2,0,35,8,2022,0
2022-08-31 15:00:00,379,15,2,0,35,8,2022,0
2022-08-31 18:00:00,188,18,2,0,35,8,2022,0
2022-08-31 21:00:00,16,21,2,0,35,8,2022,0
2022-09-01 03:00:00,132,3,3,0,35,9,2022,0
2022-09-01 06:00:00,311,6,3,0,35,9,2022,0
2022-09-01 09:00:00,255,9,3,0,35,9,2022,0
2022-09-01 12:00:00,454,12,3,0,35,9,2022,0
2022-09-01 15:00:00,333,15,3,0,35,9,2022,0
2022-09-01 18:00:00,169,18,3,0,35,9,2022,0
2022-09-01 21:00:00,27,21,3,0,35,9,2022,0
2022-09-02 03:00:00,114,3,4,0,35,9,2022,0
2022-09-02 06:00:00,260,6,4,0,35,9,2022,0
2022-09-02 09:00:00,253,9,4,0,35,9,2022,0
2022-09-02 12:00:00,425,12,4,0,35,9,2022,0
2022-09-02 15:00:00,272,15,4,0,35,9,2022,0
2022-09-02 18:00:00,123,18,4,0,35,9,2022,0
2022-09-02 21:00:00,58,21,4,0,35,9,2022,0
2022-09-03 03:00:00,12,3,5,1,35,9,2022,0
2022-09-03 06:00:00,82,6,5,1,35,9,2022,0
2022-09-03 09:00:00,270,9,5,1,35,9,2022,0
2022-09-03 12:00:00,230,12,5,1,35,9,2022,0
2022-09-03 15:00:00,205,15,5,1,35,9,2022,0
2022-09-03 18:00:00,124,18,5,1,35,9,2022,0
2022-09-03 21:00:00,46,21,5,1,35,9,2022,0
2022-09-04 03:00:00,14,3,6,1,35,9,2022,0
2022-09-04 06:00:00,62,6,6,1,35,9,2022,0
2022-09-04 09:00:00,227,9,6,1,35,9,2022,0
2022-09-04 12:00:00,271,12,6,1,35,9,2022,0
2022-09-04 15:00:00,203,15,6,1,35,9,2022,0
2022-09-04 18:00:00,159,18,6,1,35,9,2022,0
2022-09-04 21:00:00,9,21,6,1,35,9,2022,0
2022-09-05 03:00:00,134,3,0,0,36,9,2022,0
2022-09-05 06:00:00,254,6,0,0,36,9,2022,0
2022-09-05 09:00:00,202,9,0,0,36,9,2022,0
2022-09-05 12:00:00,430,12,0,0,36,9,2022,0
2022-09-05 15:00:00,351,15,0,0,36,9,2022,0
2022-09-05 18:00:00,184,18,0,0,36,9,2022,0
2022-09-05 21:00:00,13,21,0,0,36,9,2022,0
2022-09-06 03:00:00,114,3,1,0,36,9,2022,0
2022-09-06 06:00:00,251,6,1,0,36,9,2022,0
2022-09-06 09:00:00,199,9,1,0,36,9,2022,0
2022-09-06 12:00:00,456,12,1,0,36,9,2022,0
2022-09-06 15:00:00,336,15,1,0,36,9,2022,0
2022-09-06 18:00:00,176,18,1,0,36,9,2022,0
2022-09-06 21:00:00,14,21,1,0,36,9,2022,0
2022-09-07 03:00:00,111,3,2,0,36,9,2022,0
2022-09-07 06:00:00,255,6,2,0,36,9,2022,0
2022-09-07 09:00:00,207,9,2,0,36,9,2022,0
2022-09-07 12:00:00,381,12,2,0,36,9,2022,0
2022-09-07 15:00:00,298,15,2,0,36,9,2022,0
2022-09-07 18:00:00,136,18,2,0,36,9,2022,0
2022-09-07 21:00:00,25,21,2,0,36,9,2022,0
2022-09-08 03:00:00,102,3,3,0,36,9,2022,0
2022-09-08 06:00:00,220,6,3,0,36,9,2022,0
2022-09-08 09:00:00,175,9,3,0,36,9,2022,0
2022-09-08 12:00:00,399,12,3,0,36,9,2022,0
2022-09-08 15:00:00,297,15,3,0,36,9,2022,0
2022-09-08 18:00:00,159,18,3,0,36,9,2022,0
2022-09-08 21:00:00,25,21,3,0,36,9,2022,0
2022-09-09 03:00:00,113,3,4,0,36,9,2022,0
2022-09-09 06:00:00,234,6,4,0,36,9,2022,0
2022-09-09 09:00:00,234,9,4,0,36,9,2022,0
2022-09-09 12:00:00,385,12,4,0,36,9,2022,0
2022-09-09 15:00:00,269,15,4,0,36,9,2022,0
2022-09-09 18:00:00,97,18,4,0,36,9,2022,0
2022-09-09 21:00:00,25,21,4,0,36,9,2022,0
2022-09-10 03:00:00,7,3,5,1,36,9,2022,0
2022-09-10 06:00:00,90,6,5,1,36,9,2022,0
2022-09-10 09:00:00,230,9,5,1,36,9,2022,0
2022-09-10 12:00:00,236,12,5,1,36,9,2022,0
2022-09-10 15:00:00,210,15,5,1,36,9,2022,0
2022-09-10 18:00:00,95,18,5,1,36,9,2022,0
2022-09-10 21:00:00,22,21,5,1,36,9,2022,0
2022-09-11 03:00:00,7,3,6,1,36,9,2022,0
2022-09-11 06:00:00,53,6,6,1,36,9,2022,0
2022-09-11 09:00:00,162,9,6,1,36,9,2022,0
2022-09-11 12:00:00,214,12,6,1,36,9,2022,0
2022-09-11 15:00:00,199,15,6,1,36,9,2022,0
2022-09-11 18:00:00,88,18,6,1,36,9,2022,0
2022-09-11 21:00:00,12,21,6,1,36,9,2022,0
2022-09-12 03:00:00,108,3,0,0,37,9,2022,0
2022-09-12 06:00:00,224,6,0,0,37,9,2022,0
2022-09-12 09:00:00,163,9,0,0,37,9,2022,0
2022-09-12 12:00:00,331,12,0,0,37,9,2022,0
2022-09-12 15:00:00,270,15,0,0,37,9,2022,0
2022-09-12 18:00:00,135,18,0,0,37,9,2022,0
2022-09-12 21:00:00,19,21,0,0,37,9,2022,0
2022-09-13 03:00:00,69,3,1,0,37,9,2022,0
2022-09-13 06:00:00,104,6,1,0,37,9,2022,0
2022-09-13 09:00:00,75,9,1,0,37,9,2022,0
2022-09-13 12:00:00,191,12,1,0,37,9,2022,0
2022-09-13 15:00:00,107,15,1,0,37,9,2022,0
2022-09-13 18:00:00,78,18,1,0,37,9,2022,0
2022-09-13 21:00:00,10,21,1,0,37,9,2022,0
2022-09-14 03:00:00,81,3,2,0,37,9,2022,0
2022-09-14 06:00:00,155,6,2,0,37,9,2022,0
2022-09-14 09:00:00,102,9,2,0,37,9,2022,0
2022-09-14 12:00:00,280,12,2,0,37,9,2022,0
2022-09-14 15:00:00,178,15,2,0,37,9,2022,0
2022-09-14 18:00:00,97,18,2,0,37,9,2022,0
2022-09-14 21:00:00,13,21,2,0,37,9,2022,0
2022-09-15 03:00:00,95,3,3,0,37,9,2022,0
2022-09-15 06:00:00,190,6,3,0,37,9,2022,0
2022-09-15 09:00:00,137,9,3,0,37,9,2022,0
2022-09-15 12:00:00,262,12,3,0,37,9,2022,0
2022-09-15 15:00:00,222,15,3,0,37,9,2022,0
2022-09-15 18:00:00,97,18,3,0,37,9,2022,0
2022-09-15 21:00:00,14,21,3,0,37,9,2022,0
2022-09-16 03:00:00,44,3,4,0,37,9,2022,0
2022-09-16 06:00:00,108,6,4,0,37,9,2022,0
2022-09-16 09:00:00,73,9,4,0,37,9,2022,0
2022-09-16 12:00:00,192,12,4,0,37,9,2022,0
2022-09-16 15:00:00,141,15,4,0,37,9,2022,0
2022-09-16 18:00:00,54,18,4,0,37,9,2022,0
2022-09-16 21:00:00,11,21,4,0,37,9,2022,0
2022-09-17 03:00:00,10,3,5,1,37,9,2022,0
2022-09-17 06:00:00,44,6,5,1,37,9,2022,0
2022-09-17 09:00:00,81,9,5,1,37,9,2022,0
2022-09-17 12:00:00,117,12,5,1,37,9,2022,0
2022-09-17 15:00:00,133,15,5,1,37,9,2022,0
2022-09-17 18:00:00,56,18,5,1,37,9,2022,0
2022-09-17 21:00:00,13,21,5,1,37,9,2022,0
2022-09-18 03:00:00,4,3,6,1,37,9,2022,0
2022-09-18 06:00:00,41,6,6,1,37,9,2022,0
2022-09-18 09:00:00,114,9,6,1,37,9,2022,0
2022-09-18 12:00:00,135,12,6,1,37,9,2022,0
2022-09-18 15:00:00,98,15,6,1,37,9,2022,0
2022-09-18 18:00:00,60,18,6,1,37,9,2022,0
2022-09-18 21:00:00,9,21,6,1,37,9,2022,0
2022-09-19 03:00:00,74,3,0,0,38,9,2022,0
2022-09-19 06:00:00,134,6,0,0,38,9,2022,0
2022-09-19 09:00:00,99,9,0,0,38,9,2022,0
2022-09-19 12:00:00,202,12,0,0,38,9,2022,0
2022-09-19 15:00:00,194,15,0,0,38,9,2022,0
2022-09-19 18:00:00,96,18,0,0,38,9,2022,0
2022-09-19 21:00:00,9,21,0,0,38,9,2022,0
2022-09-20 03:00:00,82,3,1,0,38,9,2022,0
2022-09-20 06:00:00,197,6,1,0,38,9,2022,0
2022-09-20 09:00:00,136,9,1,0,38,9,2022,0
2022-09-20 12:00:00,298,12,1,0,38,9,2022,0
2022-09-20 15:00:00,223,15,1,0,38,9,2022,0
2022-09-20 18:00:00,108,18,1,0,38,9,2022,0
2022-09-20 21:00:00,13,21,1,0,38,9,2022,0
2022-09-21 03:00:00,84,3,2,0,38,9,2022,0
2022-09-21 06:00:00,180,6,2,0,38,9,2022,0
2022-09-21 09:00:00,104,9,2,0,38,9,2022,0
2022-09-21 12:00:00,256,12,2,0,38,9,2022,0
2022-09-21 15:00:00,213,15,2,0,38,9,2022,0
2022-09-21 18:00:00,105,18,2,0,38,9,2022,0
2022-09-21 21:00:00,5,21,2,0,38,9,2022,0
2022-09-22 03:00:00,73,3,3,0,38,9,2022,0
2022-09-22 06:00:00,186,6,3,0,38,9,2022,0
2022-09-22 09:00:00,139,9,3,0,38,9,2022,0
2022-09-22 12:00:00,274,12,3,0,38,9,2022,0
2022-09-22 15:00:00,188,15,3,0,38,9,2022,0
2022-09-22 18:00:00,82,18,3,0,38,9,2022,0
2022-09-22 21:00:00,15,21,3,0,38,9,2022,0
2022-09-23 03:00:00,56,3,4,0,38,9,2022,0
2022-09-23 06:00:00,123,6,4,0,38,9,2022,0
2022-09-23 09:00:00,64,9,4,0,38,9,2022,0
2022-09-23 12:00:00,155,12,4,0,38,9,2022,0
2022-09-23 15:00:00,108,15,4,0,38,9,2022,0
2022-09-23 18:00:00,60,18,4,0,38,9,2022,0
2022-09-23 21:00:00,20,21,4,0,38,9,2022,0
2022-09-24 03:00:00,9,3,5,1,38,9,2022,0
2022-09-24 06:00:00,55,6,5,1,38,9,2022,0
2022-09-24 09:00:00,144,9,5,1,38,9,2022,0
2022-09-24 12:00:00,177,12,5,1,38,9,2022,0
2022-09-24 15:00:00,146,15,5,1,38,9,2022,0
2022-09-24 18:00:00,58,18,5,1,38,9,2022,0
2022-09-24 21:00:00,20,21,5,1,38,9,2022,0
2022-09-25 03:00:00,7,3,6,1,38,9,2022,0
2022-09-25 06:00:00,55,6,6,1,38,9,2022,0
2022-09-25 09:00:00,126,9,6,1,38,9,2022,0
2022-09-25 12:00:00,146,12,6,1,38,9,2022,0
2022-09-25 15:00:00,112,15,6,1,38,9,2022,0
2022-09-25 18:00:00,58,18,6,1,38,9,2022,0
2022-09-25 21:00:00,2,21,6,1,38,9,2022,0
2022-09-26 03:00:00,71,3,0,0,39,9,2022,0
2022-09-26 06:00:00,147,6,0,0,39,9,2022,0
2022-09-26 09:00:00,89,9,0,0,39,9,2022,0
2022-09-26 12:00:00,256,12,0,0,39,9,2022,0
2022-09-26 15:00:00,200,15,0,0,39,9,2022,0
2022-09-26 18:00:00,86,18,0,0,39,9,2022,0
2022-09-26 21:00:00,12,21,0,0,39,9,2022,0
2022-09-27 03:00:00,89,3,1,0,39,9,2022,0
2022-09-27 06:00:00,182,6,1,0,39,9,2022,0
2022-09-27 09:00:00,97,9,1,0,39,9,2022,0
2022-09-27 12:00:00,262,12,1,0,39,9,2022,0
2022-09-27 15:00:00,204,15,1,0,39,9,2022,0
2022-09-27 18:00:00,109,18,1,0,39,9,2022,0
2022-09-27 21:00:00,11,21,1,0,39,9,2022,0
2022-09-28 03:00:00,88,3,2,0,39,9,2022,0
2022-09-28 06:00:00,182,6,2,0,39,9,2022,0
2022-09-28 09:00:00,114,9,2,0,39,9,2022,0
2022-09-28 12:00:00,236,12,2,0,39,9,2022,0
2022-09-28 15:00:00,183,15,2,0,39,9,2022,0
2022-09-28 18:00:00,115,18,2,0,39,9,2022,0
2022-09-28 21:00:00,16,21,2,0,39,9,2022,0
2022-09-29 03:00:00,75,3,3,0,39,9,2022,0
2022-09-29 06:00:00,186,6,3,0,39,9,2022,0
2022-09-29 09:00:00,124,9,3,0,39,9,2022,0
2022-09-29 12:00:00,234,12,3,0,39,9,2022,0
2022-09-29 15:00:00,192,15,3,0,39,9,2022,0
2022-09-29 18:00:00,97,18,3,0,39,9,2022,0
2022-09-29 21:00:00,9,21,3,0,39,9,2022,0
2022-09-30 03:00:00,71,3,4,0,39,9,2022,0
2022-09-30 06:00:00,118,6,4,0,39,9,2022,0
2022-09-30 09:00:00,130,9,4,0,39,9,2022,0
2022-09-30 12:00:00,262,12,4,0,39,9,2022,0
2022-09-30 15:00:00,173,15,4,0,39,9,2022,0
2022-09-30 18:00:00,68,18,4,0,39,9,2022,0
2022-09-30 21:00:00,18,21,4,0,39,9,2022,0
2022-10-01 03:00:00,5,3,5,1,39,10,2022,0
2022-10-01 06:00:00,61,6,5,1,39,10,2022,0
2022-10-01 09:00:00,130,9,5,1,39,10,2022,0
2022-10-01 12:00:00,143,12,5,1,39,10,2022,0
2022-10-01 15:00:00,84,15,5,1,39,10,2022,0
2022-10-01 18:00:00,27,18,5,1,39,10,2022,0
2022-10-01 21:00:00,9,21,5,1,39,10,2022,0
2022-10-02 03:00:00,5,3,6,1,39,10,2022,0
2022-10-02 06:00:00,34,6,6,1,39,10,2022,0
2022-10-02 09:00:00,88,9,6,1,39,10,2022,0
2022-10-02 12:00:00,99,12,6,1,39,10,2022,0
2022-10-02 15:00:00,82,15,6,1,39,10,2022,0
2022-10-02 18:00:00,46,18,6,1,39,10,2022,0
2022-10-02 21:00:00,7,21,6,1,39,10,2022,0
2022-10-03 03:00:00,79,3,0,0,40,10,2022,0
2022-10-03 06:00:00,158,6,0,0,40,10,2022,0
2022-10-03 09:00:00,76,9,0,0,40,10,2022,0
2022-10-03 12:00:00,161,12,0,0,40,10,2022,0
2022-10-03 15:00:00,93,15,0,0,40,10,2022,0
2022-10-03 18:00:00,53,18,0,0,40,10,2022,0
2022-10-03 21:00:00,7,21,0,0,40,10,2022,0
2022-10-04 03:00:00,94,3,1,0,40,10,2022,0
2022-10-04 06:00:00,130,6,1,0,40,10,2022,0
2022-10-04 09:00:00,93,9,1,0,40,10,2022,0
2022-10-04 12:00:00,156,12,1,0,40,10,2022,0
2022-10-04 15:00:00,98,15,1,0,40,10,2022,0
2022-10-04 18:00:00,43,18,1,0,40,10,2022,0
2022-10-04 21:00:00,7,21,1,0,40,10,2022,0
2022-10-05 03:00:00,82,3,2,0,40,10,2022,0
2022-10-05 06:00:00,162,6,2,0,40,10,2022,0
2022-10-05 09:00:00,88,9,2,0,40,10,2022,0
2022-10-05 12:00:00,167,12,2,0,40,10,2022,0
2022-10-05 15:00:00,120,15,2,0,40,10,2022,0
2022-10-05 18:00:00,81,18,2,0,40,10,2022,0
2022-10-05 21:00:00,11,21,2,0,40,10,2022,0
2022-10-06 03:00:00,72,3,3,0,40,10,2022,0
2022-10-06 06:00:00,136,6,3,0,40,10,2022,0
2022-10-06 09:00:00,68,9,3,0,40,10,2022,0
2022-10-06 12:00:00,162,12,3,0,40,10,2022,0
2022-10-06 15:00:00,133,15,3,0,40,10,2022,0
2022-10-06 18:00:00,57,18,3,0,40,10,2022,0
2022-10-06 21:00:00,7,21,3,0,40,10,2022,0
2022-10-07 03:00:00,56,3,4,0,40,10,2022,0
2022-10-07 06:00:00,121,6,4,0,40,10,2022,0
2022-10-07 09:00:00,95,9,4,0,40,10,2022,0
2022-10-07 12:00:00,181,12,4,0,40,10,2022,0
2022-10-07 15:00:00,113,15,4,0,40,10,2022,0
2022-10-07 18:00:00,43,18,4,0,40,10,2022,0
2022-10-07 21:00:00,10,21,4,0,40,10,2022,0
2022-10-08 03:00:00,2,3,5,1,40,10,2022,0
2022-10-08 06:00:00,20,6,5,1,40,10,2022,0
2022-10-08 09:00:00,45,9,5,1,40,10,2022,0
2022-10-08 12:00:00,50,12,5,1,40,10,2022,0
2022-10-08 15:00:00,32,15,5,1,40,10,2022,0
2022-10-08 18:00:00,15,18,5,1,40,10,2022,0
2022-10-08 21:00:00,11,21,5,1,40,10,2022,0
2022-10-09 03:00:00,2,3,6,1,40,10,2022,0
2022-10-09 06:00:00,19,6,6,1,40,10,2022,0
2022-10-09 09:00:00,66,9,6,1,40,10,2022,0
2022-10-09 12:00:00,78,12,6,1,40,10,2022,0
2022-10-09 15:00:00,66,15,6,1,40,10,2022,0
2022-10-09 18:00:00,46,18,6,1,40,10,2022,0
2022-10-09 21:00:00,6,21,6,1,40,10,2022,0
2022-10-10 03:00:00,57,3,0,0,41,10,2022,0
2022-10-10 06:00:00,118,6,0,0,41,10,2022,0
2022-10-10 09:00:00,79,9,0,0,41,10,2022,0
2022-10-10 12:00:00,173,12,0,0,41,10,2022,0
2022-10-10 15:00:00,142,15,0,0,41,10,2022,0
2022-10-10 18:00:00,59,18,0,0,41,10,2022,0
2022-10-10 21:00:00,6,21,0,0,41,10,2022,0
2022-10-11 03:00:00,46,3,1,0,41,10,2022,0
2022-10-11 06:00:00,84,6,1,0,41,10,2022,0
2022-10-11 09:00:00,51,9,1,0,41,10,2022,0
2022-10-11 12:00:00,133,12,1,0,41,10,2022,0
2022-10-11 15:00:00,109,15,1,0,41,10,2022,0
2022-10-11 18:00:00,59,18,1,0,41,10,2022,0
2022-10-11 21:00:00,6,21,1,0,41,10,2022,0
2022-10-12 03:00:00,53,3,2,0,41,10,2022,0
2022-10-12 06:00:00,107,6,2,0,41,10,2022,0
2022-10-12 09:00:00,72,9,2,0,41,10,2022,0
2022-10-12 12:00:00,127,12,2,0,41,10,2022,0
2022-10-12 15:00:00,99,15,2,0,41,10,2022,0
2022-10-12 18:00:00,53,18,2,0,41,10,2022,0
2022-10-12 21:00:00,5,21,2,0,41,10,2022,0
2022-10-13 03:00:00,43,3,3,0,41,10,2022,0
2022-10-13 06:00:00,71,6,3,0,41,10,2022,0
2022-10-13 09:00:00,55,9,3,0,41,10,2022,0
2022-10-13 12:00:00,121,12,3,0,41,10,2022,0
2022-10-13 15:00:00,121,15,3,0,41,10,2022,0
2022-10-13 18:00:00,58,18,3,0,41,10,2022,0
2022-10-13 21:00:00,13,21,3,0,41,10,2022,0
2022-10-14 03:00:00,35,3,4,0,41,10,2022,0
2022-10-14 06:00:00,80,6,4,0,41,10,2022,0
2022-10-14 09:00:00,66,9,4,0,41,10,2022,0
2022-10-14 12:00:00,162,12,4,0,41,10,2022,0
2022-10-14 15:00:00,108,15,4,0,41,10,2022,0
2022-10-14 18:00:00,49,18,4,0,41,10,2022,0
2022-10-14 21:00:00,12,21,4,0,41,10,2022,0
2022-10-15 03:00:00,4,3,5,1,41,10,2022,0
2022-10-15 06:00:00,28,6,5,1,41,10,2022,0
2022-10-15 09:00:00,66,9,5,1,41,10,2022,0
2022-10-15 12:00:00,85,12,5,1,41,10,2022,0
2022-10-15 15:00:00,106,15,5,1,41,10,2022,0
2022-10-15 18:00:00,38,18,5,1,41,10,2022,0
2022-10-15 21:00:00,17,21,5,1,41,10,2022,0
2022-10-16 03:00:00,7,3,6,1,41,10,2022,0
2022-10-16 06:00:00,26,6,6,1,41,10,2022,0
2022-10-16 09:00:00,116,9,6,1,41,10,2022,0
2022-10-16 12:00:00,89,12,6,1,41,10,2022,0
2022-10-16 15:00:00,59,15,6,1,41,10,2022,0
2022-10-16 18:00:00,26,18,6,1,41,10,2022,0
2022-10-16 21:00:00,7,21,6,1,41,10,2022,0
2022-10-17 03:00:00,38,3,0,0,42,10,2022,0
2022-10-17 06:00:00,95,6,0,0,42,10,2022,0
2022-10-17 09:00:00,64,9,0,0,42,10,2022,0
2022-10-17 12:00:00,157,12,0,0,42,10,2022,0
2022-10-17 15:00:00,149,15,0,0,42,10,2022,0
2022-10-17 18:00:00,69,18,0,0,42,10,2022,0
2022-10-17 21:00:00,4,21,0,0,42,10,2022,0
2022-10-18 03:00:00,55,3,1,0,42,10,2022,0
2022-10-18 06:00:00,119,6,1,0,42,10,2022,0
2022-10-18 09:00:00,71,9,1,0,42,10,2022,0
2022-10-18 12:00:00,165,12,1,0,42,10,2022,0
2022-10-18 15:00:00,120,15,1,0,42,10,2022,0
2022-10-18 18:00:00,57,18,1,0,42,10,2022,0
2022-10-18 21:00:00,7,21,1,0,42,10,2022,0
2022-10-19 03:00:00,59,3,2,0,42,10,2022,0
2022-10-19 06:00:00,95,6,2,0,42,10,2022,0
2022-10-19 09:00:00,57,9,2,0,42,10,2022,0
2022-10-19 12:00:00,121,12,2,0,42,10,2022,0
2022-10-19 15:00:00,88,15,2,0,42,10,2022,0
2022-10-19 18:00:00,64,18,2,0,42,10,2022,0
2022-10-19 21:00:00,10,21,2,0,42,10,2022,0
2022-10-20 03:00:00,54,3,3,0,42,10,2022,0
2022-10-20 06:00:00,119,6,3,0,42,10,2022,0
2022-10-20 09:00:00,71,9,3,0,42,10,2022,0
2022-10-20 12:00:00,145,12,3,0,42,10,2022,0
2022-10-20 15:00:00,113,15,3,0,42,10,2022,0
2022-10-20 18:00:00,38,18,3,0,42,10,2022,0
2022-10-20 21:00:00,11,21,3,0,42,10,2022,0
2022-10-21 03:00:00,39,3,4,0,42,10,2022,0
2022-10-21 06:00:00,79,6,4,0,42,10,2022,0
2022-10-21 09:00:00,68,9,4,0,42,10,2022,0
2022-10-21 12:00:00,167,12,4,0,42,10,2022,0
2022-10-21 15:00:00,106,15,4,0,42,10,2022,0
2022-10-21 18:00:00,37,18,4,0,42,10,2022,0
2022-10-21 21:00:00,11,21,4,0,42,10,2022,0
2022-10-22 03:00:00,2,3,5,1,42,10,2022,0
2022-10-22 06:00:00,38,6,5,1,42,10,2022,0
2022-10-22 09:00:00,91,9,5,1,42,10,2022,0
2022-10-22 12:00:00,90,12,5,1,42,10,2022,0
2022-10-22 15:00:00,79,15,5,1,42,10,2022,0
2022-10-22 18:00:00,41,18,5,1,42,10,2022,0
2022-10-22 21:00:00,8,21,5,1,42,10,2022,0
2022-10-23 03:00:00,5,3,6,1,42,10,2022,0
2022-10-23 06:00:00,22,6,6,1,42,10,2022,0
2022-10-23 09:00:00,63,9,6,1,42,10,2022,0
2022-10-23 12:00:00,64,12,6,1,42,10,2022,0
2022-10-23 15:00:00,62,15,6,1,42,10,2022,0
2022-10-23 18:00:00,27,18,6,1,42,10,2022,0
2022-10-23 21:00:00,11,21,6,1,42,10,2022,0
2022-10-24 03:00:00,32,3,0,0,43,10,2022,0
2022-10-24 06:00:00,93,6,0,0,43,10,2022,0
2022-10-24 09:00:00,54,9,0,0,43,10,2022,0
2022-10-24 12:00:00,142,12,0,0,43,10,2022,0
2022-10-24 15:00:00,106,15,0,0,43,10,2022,0
2022-10-24 18:00:00,49,18,0,0,43,10,2022,0
2022-10-24 21:00:00,8,21,0,0,43,10,2022,0
2022-10-25 03:00:00,37,3,1,0,43,10,2022,0
2022-10-25 06:00:00,117,6,1,0,43,10,2022,0
2022-10-25 09:00:00,58,9,1,0,43,10,2022,0
2022-10-25 12:00:00,166,12,1,0,43,10,2022,0
2022-10-25 15:00:00,95,15,1,0,43,10,2022,0
2022-10-25 18:00:00,47,18,1,0,43,10,2022,0
2022-10-25 21:00:00,12,21,1,0,43,10,2022,0
2022-10-26 03:00:00,63,3,2,0,43,10,2022,0
2022-10-26 06:00:00,94,6,2,0,43,10,2022,0
2022-10-26 09:00:00,71,9,2,0,43,10,2022,0
2022-10-26 12:00:00,148,12,2,0,43,10,2022,0
2022-10-26 15:00:00,122,15,2,0,43,10,2022,0
2022-10-26 18:00:00,44,18,2,0,43,10,2022,0
2022-10-26 21:00:00,6,21,2,0,43,10,2022,0
2022-10-27 03:00:00,39,3,3,0,43,10,2022,0
2022-10-27 06:00:00,123,6,3,0,43,10,2022,0
2022-10-27 09:00:00,64,9,3,0,43,10,2022,0
2022-10-27 12:00:00,153,12,3,0,43,10,2022,0
2022-10-27 15:00:00,123,15,3,0,43,10,2022,0
2022-10-27 18:00:00,43,18,3,0,43,10,2022,0
2022-10-27 21:00:00,11,21,3,0,43,10,2022,0
2022-10-28 03:00:00,30,3,4,0,43,10,2022,0
2022-10-28 06:00:00,102,6,4,0,43,10,2022,0
2022-10-28 09:00:00,59,9,4,0,43,10,2022,0
2022-10-28 12:00:00,85,12,4,0,43,10,2022,0
2022-10-28 15:00:00,61,15,4,0,43,10,2022,0
2022-10-28 18:00:00,19,18,4,0,43,10,2022,0
2022-10-28 21:00:00,7,21,4,0,43,10,2022,0
2022-10-29 03:00:00,1,3,5,1,43,10,2022,0
2022-10-29 06:00:00,28,6,5,1,43,10,2022,0
2022-10-29 09:00:00,60,9,5,1,43,10,2022,0
2022-10-29 12:00:00,86,12,5,1,43,10,2022,0
2022-10-29 15:00:00,87,15,5,1,43,10,2022,0
2022-10-29 18:00:00,32,18,5,1,43,10,2022,0
2022-10-29 21:00:00,7,21,5,1,43,10,2022,0
2022-10-30 03:00:00,3,3,6,1,43,10,2022,0
2022-10-30 06:00:00,23,6,6,1,43,10,2022,0
2022-10-30 09:00:00,60,9,6,1,43,10,2022,0
2022-10-30 12:00:00,81,12,6,1,43,10,2022,0
2022-10-30 15:00:00,80,15,6,1,43,10,2022,0
2022-10-30 18:00:00,44,18,6,1,43,10,2022,0
2022-10-30 21:00:00,17,21,6,1,43,10,2022,0
2022-10-31 03:00:00,7,3,0,0,44,10,2022,0
2022-10-31 06:00:00,106,6,0,0,44,10,2022,0
2022-10-31 09:00:00,65,9,0,0,44,10,2022,0
2022-10-31 12:00:00,102,12,0,0,44,10,2022,0
2022-10-31 15:00:00,134,15,0,0,44,10,2022,0
2022-10-31 18:00:00,69,18,0,0,44,10,2022,0
2022-10-31 21:00:00,19,21,0,0,44,10,2022,0
2022-11-01 03:00:00,9,3,1,0,44,11,2022,1
2022-11-01 06:00:00,119,6,1,0,44,11,2022,1
2022-11-01 09:00:00,60,9,1,0,44,11,2022,1
2022-11-01 12:00:00,101,12,1,0,44,11,2022,1
2022-11-01 15:00:00,159,15,1,0,44,11,2022,1
2022-11-01 18:00:00,69,18,1,0,44,11,2022,1
2022-11-01 21:00:00,12,21,1,0,44,11,2022,1
2022-11-02 03:00:00,10,3,2,0,44,11,2022,1
2022-11-02 06:00:00,144,6,2,0,44,11,2022,1
2022-11-02 09:00:00,82,9,2,0,44,11,2022,1
2022-11-02 12:00:00,109,12,2,0,44,11,2022,1
2022-11-02 15:00:00,110,15,2,0,44,11,2022,1
2022-11-02 18:00:00,58,18,2,0,44,11,2022,1
2022-11-02 21:00:00,16,21,2,0,44,11,2022,1
2022-11-03 03:00:00,7,3,3,0,44,11,2022,1
2022-11-03 06:00:00,126,6,3,0,44,11,2022,1
2022-11-03 09:00:00,79,9,3,0,44,11,2022,1
2022-11-03 12:00:00,111,12,3,0,44,11,2022,1
2022-11-03 15:00:00,157,15,3,0,44,11,2022,1
2022-11-03 18:00:00,91,18,3,0,44,11,2022,1
2022-11-03 21:00:00,22,21,3,0,44,11,2022,1
2022-11-04 03:00:00,8,3,4,0,44,11,2022,1
2022-11-04 06:00:00,120,6,4,0,44,11,2022,1
2022-11-04 09:00:00,63,9,4,0,44,11,2022,1
2022-11-04 12:00:00,109,12,4,0,44,11,2022,1
2022-11-04 15:00:00,142,15,4,0,44,11,2022,1
2022-11-04 18:00:00,50,18,4,0,44,11,2022,1
2022-11-04 21:00:00,30,21,4,0,44,11,2022,1
2022-11-05 03:00:00,4,3,5,1,44,11,2022,1
2022-11-05 06:00:00,34,6,5,1,44,11,2022,1
2022-11-05 09:00:00,90,9,5,1,44,11,2022,1
2022-11-05 12:00:00,92,12,5,1,44,11,2022,1
2022-11-05 15:00:00,50,15,5,1,44,11,2022,1
2022-11-05 18:00:00,33,18,5,1,44,11,2022,1
2022-11-05 21:00:00,21,21,5,1,44,11,2022,1
2022-11-06 03:00:00,1,3,6,1,44,11,2022,1
2022-11-06 06:00:00,15,6,6,1,44,11,2022,1
2022-11-06 09:00:00,40,9,6,1,44,11,2022,1
2022-11-06 12:00:00,54,12,6,1,44,11,2022,1
2022-11-06 15:00:00,47,15,6,1,44,11,2022,1
2022-11-06 18:00:00,35,18,6,1,44,11,2022,1
2022-11-06 21:00:00,15,21,6,1,44,11,2022,1
2022-11-07 03:00:00,5,3,0,0,45,11,2022,1
2022-11-07 06:00:00,104,6,0,0,45,11,2022,1
2022-11-07 09:00:00,47,9,0,0,45,11,2022,1
2022-11-07 12:00:00,84,12,0,0,45,11,2022,1
2022-11-07 15:00:00,117,15,0,0,45,11,2022,1
2022-11-07 18:00:00,68,18,0,0,45,11,2022,1
2022-11-07 21:00:00,9,21,0,0,45,11,2022,1
2022-11-08 03:00:00,8,3,1,0,45,11,2022,1
2022-11-08 06:00:00,112,6,1,0,45,11,2022,1
2022-11-08 09:00:00,53,9,1,0,45,11,2022,1
2022-11-08 12:00:00,95,12,1,0,45,11,2022,1
2022-11-08 15:00:00,129,15,1,0,45,11,2022,1
2022-11-08 18:00:00,55,18,1,0,45,11,2022,1
2022-11-08 21:00:00,31,21,1,0,45,11,2022,1
2022-11-09 03:00:00,6,3,2,0,45,11,2022,1
2022-11-09 06:00:00,111,6,2,0,45,11,2022,1
2022-11-09 09:00:00,64,9,2,0,45,11,2022,1
2022-11-09 12:00:00,86,12,2,0,45,11,2022,1
2022-11-09 15:00:00,102,15,2,0,45,11,2022,1
2022-11-09 18:00:00,48,18,2,0,45,11,2022,1
2022-11-09 21:00:00,23,21,2,0,45,11,2022,1
2022-11-10 03:00:00,12,3,3,0,45,11,2022,1
2022-11-10 06:00:00,108,6,3,0,45,11,2022,1
2022-11-10 09:00:00,48,9,3,0,45,11,2022,1
2022-11-10 12:00:00,75,12,3,0,45,11,2022,1
2022-11-10 15:00:00,74,15,3,0,45,11,2022,1
2022-11-10 18:00:00,32,18,3,0,45,11,2022,1
2022-11-10 21:00:00,17,21,3,0,45,11,2022,1
2022-11-11 03:00:00,7,3,4,0,45,11,2022,1
2022-11-11 06:00:00,101,6,4,0,45,11,2022,1
2022-11-11 09:00:00,39,9,4,0,45,11,2022,1
2022-11-11 12:00:00,54,12,4,0,45,11,2022,1
2022-11-11 15:00:00,59,15,4,0,45,11,2022,1
2022-11-11 18:00:00,30,18,4,0,45,11,2022,1
2022-11-11 21:00:00,11,21,4,0,45,11,2022,1
2022-11-12 03:00:00,1,3,5,1,45,11,2022,1
2022-11-12 06:00:00,20,6,5,1,45,11,2022,1
2022-11-12 09:00:00,55,9,5,1,45,11,2022,1
2022-11-12 12:00:00,66,12,5,1,45,11,2022,1
2022-11-12 15:00:00,64,15,5,1,45,11,2022,1
2022-11-12 18:00:00,25,18,5,1,45,11,2022,1
2022-11-12 21:00:00,19,21,5,1,45,11,2022,1
2022-11-13 06:00:00,12,6,6,1,45,11,2022,1
2022-11-13 09:00:00,48,9,6,1,45,11,2022,1
2022-11-13 12:00:00,69,12,6,1,45,11,2022,1
2022-11-13 15:00:00,35,15,6,1,45,11,2022,1
2022-11-13 18:00:00,34,18,6,1,45,11,2022,1
2022-11-13 21:00:00,9,21,6,1,45,11,2022,1
2022-11-14 03:00:00,5,3,0,0,46,11,2022,1
2022-11-14 06:00:00,82,6,0,0,46,11,2022,1
2022-11-14 09:00:00,34,9,0,0,46,11,2022,1
2022-11-14 12:00:00,62,12,0,0,46,11,2022,1
2022-11-14 15:00:00,121,15,0,0,46,11,2022,1
2022-11-14 18:00:00,53,18,0,0,46,11,2022,1
2022-11-14 21:00:00,13,21,0,0,46,11,2022,1
2022-11-15 03:00:00,8,3,1,0,46,11,2022,1
2022-11-15 06:00:00,100,6,1,0,46,11,2022,1
2022-11-15 09:00:00,50,9,1,0,46,11,2022,1
2022-11-15 12:00:00,67,12,1,0,46,11,2022,1
2022-11-15 15:00:00,76,15,1,0,46,11,2022,1
2022-11-15 18:00:00,51,18,1,0,46,11,2022,1
2022-11-15 21:00:00,15,21,1,0,46,11,2022,1
2022-11-16 03:00:00,7,3,2,0,46,11,2022,1
2022-11-16 06:00:00,90,6,2,0,46,11,2022,1
2022-11-16 09:00:00,34,9,2,0,46,11,2022,1
2022-11-16 12:00:00,47,12,2,0,46,11,2022,1
2022-11-16 15:00:00,75,15,2,0,46,11,2022,1
2022-11-16 18:00:00,48,18,2,0,46,11,2022,1
2022-11-16 21:00:00,21,21,2,0,46,11,2022,1
2022-11-17 03:00:00,5,3,3,0,46,11,2022,1
2022-11-17 06:00:00,74,6,3,0,46,11,2022,1
2022-11-17 09:00:00,33,9,3,0,46,11,2022,1
2022-11-17 12:00:00,51,12,3,0,46,11,2022,1
2022-11-17 15:00:00,61,15,3,0,46,11,2022,1
2022-11-17 18:00:00,35,18,3,0,46,11,2022,1
2022-11-17 21:00:00,18,21,3,0,46,11,2022,1
2022-11-18 03:00:00,8,3,4,0,46,11,2022,1
2022-11-18 06:00:00,62,6,4,0,46,11,2022,1
2022-11-18 09:00:00,34,9,4,0,46,11,2022,1
2022-11-18 12:00:00,53,12,4,0,46,11,2022,1
2022-11-18 15:00:00,61,15,4,0,46,11,2022,1
2022-11-18 18:00:00,27,18,4,0,46,11,2022,1
2022-11-18 21:00:00,12,21,4,0,46,11,2022,1
2022-11-19 03:00:00,1,3,5,1,46,11,2022,1
2022-11-19 06:00:00,15,6,5,1,46,11,2022,1
2022-11-19 09:00:00,32,9,5,1,46,11,2022,1
2022-11-19 12:00:00,33,12,5,1,46,11,2022,1
2022-11-19 15:00:00,31,15,5,1,46,11,2022,1
2022-11-19 18:00:00,11,18,5,1,46,11,2022,1
2022-11-19 21:00:00,14,21,5,1,46,11,2022,1
2022-11-20 03:00:00,1,3,6,1,46,11,2022,1
2022-11-20 06:00:00,8,6,6,1,46,11,2022,1
2022-11-20 09:00:00,25,9,6,1,46,11,2022,1
2022-11-20 12:00:00,40,12,6,1,46,11,2022,1
2022-11-20 15:00:00,19,15,6,1,46,11,2022,1
2022-11-20 18:00:00,16,18,6,1,46,11,2022,1
2022-11-20 21:00:00,6,21,6,1,46,11,2022,1
2022-11-21 06:00:00,50,6,0,0,47,11,2022,1
2022-11-21 09:00:00,15,9,0,0,47,11,2022,1
2022-11-21 12:00:00,32,12,0,0,47,11,2022,1
2022-11-21 15:00:00,43,15,0,0,47,11,2022,1
2022-11-21 18:00:00,16,18,0,0,47,11,2022,1
2022-11-21 21:00:00,6,21,0,0,47,11,2022,1
2022-11-22 03:00:00,5,3,1,0,47,11,2022,1
2022-11-22 06:00:00,47,6,1,0,47,11,2022,1
2022-11-22 09:00:00,14,9,1,0,47,11,2022,1
2022-11-22 12:00:00,25,12,1,0,47,11,2022,1
2022-11-22 15:00:00,51,15,1,0,47,11,2022,1
2022-11-22 18:00:00,23,18,1,0,47,11,2022,1
2022-11-22 21:00:00,5,21,1,0,47,11,2022,1
2022-11-23 03:00:00,1,3,2,0,47,11,2022,1
2022-11-23 06:00:00,48,6,2,0,47,11,2022,1
2022-11-23 09:00:00,12,9,2,0,47,11,2022,1
2022-11-23 12:00:00,26,12,2,0,47,11,2022,1
2022-11-23 15:00:00,50,15,2,0,47,11,2022,1
2022-11-23 18:00:00,27,18,2,0,47,11,2022,1
2022-11-23 21:00:00,11,21,2,0,47,11,2022,1
2022-11-24 03:00:00,2,3,3,0,47,11,2022,1
2022-11-24 06:00:00,62,6,3,0,47,11,2022,1
2022-11-24 09:00:00,24,9,3,0,47,11,2022,1
2022-11-24 12:00:00,33,12,3,0,47,11,2022,1
2022-11-24 15:00:00,49,15,3,0,47,11,2022,1
2022-11-24 18:00:00,25,18,3,0,47,11,2022,1
2022-11-24 21:00:00,13,21,3,0,47,11,2022,1
2022-11-25 03:00:00,9,3,4,0,47,11,2022,1
2022-11-25 06:00:00,55,6,4,0,47,11,2022,1
2022-11-25 09:00:00,15,9,4,0,47,11,2022,1
2022-11-25 12:00:00,38,12,4,0,47,11,2022,1
2022-11-25 15:00:00,47,15,4,0,47,11,2022,1
2022-11-25 18:00:00,12,18,4,0,47,11,2022,1
2022-11-25 21:00:00,8,21,4,0,47,11,2022,1
2022-11-26 03:00:00,1,3,5,1,47,11,2022,1
2022-11-26 06:00:00,18,6,5,1,47,11,2022,1
2022-11-26 09:00:00,29,9,5,1,47,11,2022,1
2022-11-26 12:00:00,33,12,5,1,47,11,2022,1
2022-11-26 15:00:00,33,15,5,1,47,11,2022,1
2022-11-26 18:00:00,14,18,5,1,47,11,2022,1
2022-11-26 21:00:00,10,21,5,1,47,11,2022,1
2022-11-27 06:00:00,8,6,6,1,47,11,2022,1
2022-11-27 09:00:00,17,9,6,1,47,11,2022,1
2022-11-27 12:00:00,16,12,6,1,47,11,2022,1
2022-11-27 15:00:00,19,15,6,1,47,11,2022,1
2022-11-27 18:00:00,9,18,6,1,47,11,2022,1
2022-11-27 21:00:00,8,21,6,1,47,11,2022,1
2022-11-28 03:00:00,1,3,0,0,48,11,2022,1
2022-11-28 06:00:00,28,6,0,0,48,11,2022,1
2022-11-28 09:00:00,9,9,0,0,48,11,2022,1
2022-11-28 12:00:00,22,12,0,0,48,11,2022,1
2022-11-28 15:00:00,42,15,0,0,48,11,2022,1
2022-11-28 18:00:00,11,18,0,0,48,11,2022,1
2022-11-28 21:00:00,3,21,0,0,48,11,2022,1
2022-11-29 03:00:00,3,3,1,0,48,11,2022,1
2022-11-29 06:00:00,37,6,1,0,48,11,2022,1
2022-11-29 09:00:00,11,9,1,0,48,11,2022,1
2022-11-29 12:00:00,23,12,1,0,48,11,2022,1
2022-11-29 15:00:00,47,15,1,0,48,11,2022,1
2022-11-29 18:00:00,16,18,1,0,48,11,2022,1
2022-11-29 21:00:00,5,21,1,0,48,11,2022,1
2022-11-30 03:00:00,4,3,2,0,48,11,2022,1
2022-11-30 06:00:00,39,6,2,0,48,11,2022,1
2022-11-30 09:00:00,6,9,2,0,48,11,2022,1
2022-11-30 12:00:00,27,12,2,0,48,11,2022,1
2022-11-30 15:00:00,28,15,2,0,48,11,2022,1
2022-11-30 18:00:00,18,18,2,0,48,11,2022,1
2022-11-30 21:00:00,1,21,2,0,48,11,2022,1
2022-12-01 03:00:00,4,3,3,0,48,12,2022,1
2022-12-01 06:00:00,47,6,3,0,48,12,2022,1
2022-12-01 09:00:00,11,9,3,0,48,12,2022,1
2022-12-01 12:00:00,26,12,3,0,48,12,2022,1
2022-12-01 15:00:00,30,15,3,0,48,12,2022,1
2022-12-01 18:00:00,22,18,3,0,48,12,2022,1
2022-12-01 21:00:00,4,21,3,0,48,12,2022,1
2022-12-02 03:00:00,3,3,4,0,48,12,2022,1
2022-12-02 06:00:00,27,6,4,0,48,12,2022,1
2022-12-02 09:00:00,8,9,4,0,48,12,2022,1
2022-12-02 12:00:00,17,12,4,0,48,12,2022,1
2022-12-02 15:00:00,23,15,4,0,48,12,2022,1
2022-12-02 18:00:00,6,18,4,0,48,12,2022,1
2022-12-02 21:00:00,3,21,4,0,48,12,2022,1
2022-12-03 03:00:00,1,3,5,1,48,12,2022,1
2022-12-03 06:00:00,3,6,5,1,48,12,2022,1
2022-12-03 09:00:00,10,9,5,1,48,12,2022,1
2022-12-03 12:00:00,18,12,5,1,48,12,2022,1
2022-12-03 15:00:00,17,15,5,1,48,12,2022,1
2022-12-03 18:00:00,14,18,5,1,48,12,2022,1
2022-12-03 21:00:00,1,21,5,1,48,12,2022,1
2022-12-04 06:00:00,6,6,6,1,48,12,2022,1
2022-12-04 09:00:00,8,9,6,1,48,12,2022,1
2022-12-04 12:00:00,7,12,6,1,48,12,2022,1
2022-12-04 15:00:00,13,15,6,1,48,12,2022,1
2022-12-04 18:00:00,8,18,6,1,48,12,2022,1
2022-12-04 21:00:00,2,21,6,1,48,12,2022,1
2022-12-05 03:00:00,4,3,0,0,49,12,2022,1
2022-12-05 06:00:00,26,6,0,0,49,12,2022,1
2022-12-05 09:00:00,9,9,0,0,49,12,2022,1
2022-12-05 12:00:00,18,12,0,0,49,12,2022,1
2022-12-05 15:00:00,21,15,0,0,49,12,2022,1
2022-12-05 18:00:00,17,18,0,0,49,12,2022,1
2022-12-05 21:00:00,2,21,0,0,49,12,2022,1
2022-12-06 03:00:00,5,3,1,0,49,12,2022,1
2022-12-06 06:00:00,27,6,1,0,49,12,2022,1
2022-12-06 09:00:00,7,9,1,0,49,12,2022,1
2022-12-06 12:00:00,8,12,1,0,49,12,2022,1
2022-12-06 15:00:00,16,15,1,0,49,12,2022,1
2022-12-06 18:00:00,3,18,1,0,49,12,2022,1
2022-12-06 21:00:00,1,21,1,0,49,12,2022,1
2022-12-07 03:00:00,1,3,2,0,49,12,2022,1
2022-12-07 06:00:00,12,6,2,0,49,12,2022,1
2022-12-07 09:00:00,5,9,2,0,49,12,2022,1
2022-12-07 12:00:00,3,12,2,0,49,12,2022,1
2022-12-07 15:00:00,6,15,2,0,49,12,2022,1
2022-12-07 18:00:00,3,18,2,0,49,12,2022,1
2022-12-08 06:00:00,4,6,3,0,49,12,2022,1
2022-12-08 09:00:00,3,9,3,0,49,12,2022,1
2022-12-08 12:00:00,2,12,3,0,49,12,2022,1
2022-12-08 15:00:00,5,15,3,0,49,12,2022,1
2022-12-08 18:00:00,1,18,3,0,49,12,2022,1
2022-12-08 21:00:00,1,21,3,0,49,12,2022,1
2022-12-09 06:00:00,2,6,4,0,49,12,2022,1
2022-12-09 15:00:00,2,15,4,0,49,12,2022,1
2022-12-09 18:00:00,5,18,4,0,49,12,2022,1
2022-12-10 09:00:00,3,9,5,1,49,12,2022,1
2022-12-10 12:00:00,3,12,5,1,49,12,2022,1
2022-12-10 18:00:00,1,18,5,1,49,12,2022,1
2022-12-11 06:00:00,3,6,6,1,49,12,2022,1
2022-12-11 09:00:00,1,9,6,1,49,12,2022,1
2022-12-11 18:00:00,2,18,6,1,49,12,2022,1
2022-12-11 21:00:00,1,21,6,1,49,12,2022,1
2022-12-12 06:00:00,7,6,0,0,50,12,2022,1
2022-12-12 09:00:00,1,9,0,0,50,12,2022,1
2022-12-12 12:00:00,6,12,0,0,50,12,2022,1
2022-12-12 15:00:00,3,15,0,0,50,12,2022,1
2022-12-12 18:00:00,3,18,0,0,50,12,2022,1
2022-12-13 03:00:00,1,3,1,0,50,12,2022,1
2022-12-13 06:00:00,6,6,1,0,50,12,2022,1
2022-12-13 12:00:00,1,12,1,0,50,12,2022,1
2022-12-13 15:00:00,3,15,1,0,50,12,2022,1
2022-12-13 18:00:00,1,18,1,0,50,12,2022,1
2022-12-14 03:00:00,2,3,2,0,50,12,2022,1
2022-12-14 06:00:00,5,6,2,0,50,12,2022,1
2022-12-14 09:00:00,2,9,2,0,50,12,2022,1
2022-12-14 12:00:00,6,12,2,0,50,12,2022,1
2022-12-14 15:00:00,9,15,2,0,50,12,2022,1
2022-12-14 18:00:00,4,18,2,0,50,12,2022,1
2022-12-14 21:00:00,1,21,2,0,50,12,2022,1
2022-12-15 06:00:00,9,6,3,0,50,12,2022,1
2022-12-15 09:00:00,2,9,3,0,50,12,2022,1
2022-12-15 15:00:00,5,15,3,0,50,12,2022,1
2022-12-15 18:00:00,3,18,3,0,50,12,2022,1
2022-12-16 06:00:00,4,6,4,0,50,12,2022,1
2022-12-16 09:00:00,1,9,4,0,50,12,2022,1
2022-12-16 12:00:00,2,12,4,0,50,12,2022,1
2022-12-16 15:00:00,4,15,4,0,50,12,2022,1
2022-12-16 21:00:00,1,21,4,0,50,12,2022,1
2022-12-17 03:00:00,1,3,5,1,50,12,2022,1
2022-12-17 12:00:00,2,12,5,1,50,12,2022,1
2022-12-17 15:00:00,1,15,5,1,50,12,2022,1
2022-12-18 06:00:00,1,6,6,1,50,12,2022,1
2022-12-18 09:00:00,1,9,6,1,50,12,2022,1
2022-12-18 12:00:00,1,12,6,1,50,12,2022,1
2022-12-19 06:00:00,1,6,0,0,51,12,2022,1
2022-12-19 12:00:00,3,12,0,0,51,12,2022,1
2022-12-19 15:00:00,4,15,0,0,51,12,2022,1
2022-12-20 06:00:00,6,6,1,0,51,12,2022,1
2022-12-20 09:00:00,1,9,1,0,51,12,2022,1
2022-12-20 12:00:00,4,12,1,0,51,12,2022,1
2022-12-20 15:00:00,2,15,1,0,51,12,2022,1
2022-12-20 21:00:00,2,21,1,0,51,12,2022,1
2023-03-28 03:00:00,1,3,1,0,13,3,2023,1
2023-03-28 06:00:00,8,6,1,0,13,3,2023,1
2023-03-28 09:00:00,7,9,1,0,13,3,2023,1
2023-03-28 12:00:00,20,12,1,0,13,3,2023,1
2023-03-28 15:00:00,15,15,1,0,13,3,2023,1
2023-03-28 18:00:00,7,18,1,0,13,3,2023,1
2023-03-29 03:00:00,11,3,2,0,13,3,2023,1
2023-03-29 06:00:00,13,6,2,0,13,3,2023,1
2023-03-29 09:00:00,3,9,2,0,13,3,2023,1
2023-03-29 12:00:00,19,12,2,0,13,3,2023,1
2023-03-29 15:00:00,14,15,2,0,13,3,2023,1
2023-03-29 18:00:00,5,18,2,0,13,3,2023,1
2023-03-30 03:00:00,9,3,3,0,13,3,2023,1
2023-03-30 06:00:00,13,6,3,0,13,3,2023,1
2023-03-30 09:00:00,7,9,3,0,13,3,2023,1
2023-03-30 12:00:00,20,12,3,0,13,3,2023,1
2023-03-30 15:00:00,24,15,3,0,13,3,2023,1
2023-03-30 18:00:00,11,18,3,0,13,3,2023,1
2023-03-31 03:00:00,9,3,4,0,13,3,2023,1
2023-03-31 06:00:00,15,6,4,0,13,3,2023,1
2023-03-31 09:00:00,17,9,4,0,13,3,2023,1
2023-03-31 12:00:00,21,12,4,0,13,3,2023,1
2023-03-31 15:00:00,15,15,4,0,13,3,2023,1
2023-03-31 18:00:00,1,18,4,0,13,3,2023,1
2023-03-31 21:00:00,2,21,4,0,13,3,2023,1
2023-04-01 06:00:00,12,6,5,1,13,4,2023,0
2023-04-01 09:00:00,37,9,5,1,13,4,2023,0
2023-04-01 12:00:00,36,12,5,1,13,4,2023,0
2023-04-01 15:00:00,32,15,5,1,13,4,2023,0
2023-04-01 18:00:00,11,18,5,1,13,4,2023,0
2023-04-01 21:00:00,1,21,5,1,13,4,2023,0
2023-04-02 03:00:00,3,3,6,1,13,4,2023,0
2023-04-02 06:00:00,10,6,6,1,13,4,2023,0
2023-04-02 09:00:00,20,9,6,1,13,4,2023,0
2023-04-02 12:00:00,52,12,6,1,13,4,2023,0
2023-04-02 15:00:00,33,15,6,1,13,4,2023,0
2023-04-02 18:00:00,9,18,6,1,13,4,2023,0
2023-04-02 21:00:00,4,21,6,1,13,4,2023,0
2023-04-03 03:00:00,8,3,0,0,14,4,2023,0
2023-04-03 06:00:00,20,6,0,0,14,4,2023,0
2023-04-03 09:00:00,18,9,0,0,14,4,2023,0
2023-04-03 12:00:00,50,12,0,0,14,4,2023,0
2023-04-03 15:00:00,33,15,0,0,14,4,2023,0
2023-04-03 18:00:00,14,18,0,0,14,4,2023,0
2023-04-03 21:00:00,5,21,0,0,14,4,2023,0
2023-04-04 03:00:00,11,3,1,0,14,4,2023,0
2023-04-04 06:00:00,25,6,1,0,14,4,2023,0
2023-04-04 09:00:00,38,9,1,0,14,4,2023,0
2023-04-04 12:00:00,56,12,1,0,14,4,2023,0
2023-04-04 15:00:00,34,15,1,0,14,4,2023,0
2023-04-04 18:00:00,19,18,1,0,14,4,2023,0
2023-04-04 21:00:00,6,21,1,0,14,4,2023,0
2023-04-05 03:00:00,8,3,2,0,14,4,2023,0
2023-04-05 06:00:00,30,6,2,0,14,4,2023,0
2023-04-05 09:00:00,57,9,2,0,14,4,2023,0
2023-04-05 12:00:00,39,12,2,0,14,4,2023,0
2023-04-05 15:00:00,50,15,2,0,14,4,2023,0
2023-04-05 18:00:00,11,18,2,0,14,4,2023,0
2023-04-05 21:00:00,4,21,2,0,14,4,2023,0
2023-04-06 03:00:00,6,3,3,0,14,4,2023,0
2023-04-06 06:00:00,17,6,3,0,14,4,2023,0
2023-04-06 09:00:00,27,9,3,0,14,4,2023,0
2023-04-06 12:00:00,55,12,3,0,14,4,2023,0
2023-04-06 15:00:00,34,15,3,0,14,4,2023,0
2023-04-06 18:00:00,12,18,3,0,14,4,2023,0
2023-04-07 03:00:00,4,3,4,0,14,4,2023,0
2023-04-07 06:00:00,13,6,4,0,14,4,2023,0
2023-04-07 09:00:00,25,9,4,0,14,4,2023,0
2023-04-07 12:00:00,67,12,4,0,14,4,2023,0
2023-04-07 15:00:00,50,15,4,0,14,4,2023,0
2023-04-07 18:00:00,27,18,4,0,14,4,2023,0
2023-04-07 21:00:00,4,21,4,0,14,4,2023,0
2023-04-08 03:00:00,1,3,5,1,14,4,2023,0
2023-04-08 06:00:00,13,6,5,1,14,4,2023,0
2023-04-08 09:00:00,72,9,5,1,14,4,2023,0
2023-04-08 12:00:00,81,12,5,1,14,4,2023,0
2023-04-08 15:00:00,66,15,5,1,14,4,2023,0
2023-04-08 18:00:00,29,18,5,1,14,4,2023,0
2023-04-08 21:00:00,7,21,5,1,14,4,2023,0
2023-04-09 03:00:00,3,3,6,1,14,4,2023,0
2023-04-09 06:00:00,13,6,6,1,14,4,2023,0
2023-04-09 09:00:00,46,9,6,1,14,4,2023,0
2023-04-09 12:00:00,87,12,6,1,14,4,2023,0
2023-04-09 15:00:00,60,15,6,1,14,4,2023,0
2023-04-09 18:00:00,25,18,6,1,14,4,2023,0
2023-04-09 21:00:00,5,21,6,1,14,4,2023,0
2023-04-10 03:00:00,5,3,0,0,15,4,2023,0
2023-04-10 06:00:00,34,6,0,0,15,4,2023,0
2023-04-10 09:00:00,117,9,0,0,15,4,2023,0
2023-04-10 12:00:00,75,12,0,0,15,4,2023,0
2023-04-10 15:00:00,73,15,0,0,15,4,2023,0
2023-04-10 18:00:00,46,18,0,0,15,4,2023,0
2023-04-10 21:00:00,2,21,0,0,15,4,2023,0
2023-04-11 03:00:00,46,3,1,0,15,4,2023,0
2023-04-11 06:00:00,93,6,1,0,15,4,2023,0
2023-04-11 09:00:00,58,9,1,0,15,4,2023,0
2023-04-11 12:00:00,123,12,1,0,15,4,2023,0
2023-04-11 15:00:00,117,15,1,0,15,4,2023,0
2023-04-11 18:00:00,82,18,1,0,15,4,2023,0
2023-04-11 21:00:00,9,21,1,0,15,4,2023,0
2023-04-12 03:00:00,70,3,2,0,15,4,2023,0
2023-04-12 06:00:00,113,6,2,0,15,4,2023,0
2023-04-12 09:00:00,75,9,2,0,15,4,2023,0
2023-04-12 12:00:00,185,12,2,0,15,4,2023,0
2023-04-12 15:00:00,162,15,2,0,15,4,2023,0
2023-04-12 18:00:00,79,18,2,0,15,4,2023,0
2023-04-12 21:00:00,6,21,2,0,15,4,2023,0
2023-04-13 03:00:00,93,3,3,0,15,4,2023,0
2023-04-13 06:00:00,161,6,3,0,15,4,2023,0
2023-04-13 09:00:00,115,9,3,0,15,4,2023,0
2023-04-13 12:00:00,235,12,3,0,15,4,2023,0
2023-04-13 15:00:00,213,15,3,0,15,4,2023,0
2023-04-13 18:00:00,118,18,3,0,15,4,2023,0
2023-04-13 21:00:00,8,21,3,0,15,4,2023,0
2023-04-14 03:00:00,76,3,4,0,15,4,2023,0
2023-04-14 06:00:00,190,6,4,0,15,4,2023,0
2023-04-14 09:00:00,101,9,4,0,15,4,2023,0
2023-04-14 12:00:00,255,12,4,0,15,4,2023,0
2023-04-14 15:00:00,181,15,4,0,15,4,2023,0
2023-04-14 18:00:00,84,18,4,0,15,4,2023,0
2023-04-14 21:00:00,19,21,4,0,15,4,2023,0
2023-04-15 03:00:00,8,3,5,1,15,4,2023,0
2023-04-15 06:00:00,99,6,5,1,15,4,2023,0
2023-04-15 09:00:00,190,9,5,1,15,4,2023,0
2023-04-15 12:00:00,216,12,5,1,15,4,2023,0
2023-04-15 15:00:00,202,15,5,1,15,4,2023,0
2023-04-15 18:00:00,89,18,5,1,15,4,2023,0
2023-04-15 21:00:00,36,21,5,1,15,4,2023,0
2023-04-16 03:00:00,7,3,6,1,15,4,2023,0
2023-04-16 06:00:00,60,6,6,1,15,4,2023,0
2023-04-16 09:00:00,153,9,6,1,15,4,2023,0
2023-04-16 12:00:00,267,12,6,1,15,4,2023,0
2023-04-16 15:00:00,242,15,6,1,15,4,2023,0
2023-04-16 18:00:00,123,18,6,1,15,4,2023,0
2023-04-16 21:00:00,15,21,6,1,15,4,2023,0
2023-04-17 03:00:00,90,3,0,0,16,4,2023,0
2023-04-17 06:00:00,174,6,0,0,16,4,2023,0
2023-04-17 09:00:00,113,9,0,0,16,4,2023,0
2023-04-17 12:00:00,312,12,0,0,16,4,2023,0
2023-04-17 15:00:00,313,15,0,0,16,4,2023,0
2023-04-17 18:00:00,170,18,0,0,16,4,2023,0
2023-04-17 21:00:00,8,21,0,0,16,4,2023,0
2023-04-18 03:00:00,105,3,1,0,16,4,2023,0
2023-04-18 06:00:00,235,6,1,0,16,4,2023,0
2023-04-18 09:00:00,167,9,1,0,16,4,2023,0
2023-04-18 12:00:00,383,12,1,0,16,4,2023,0
2023-04-18 15:00:00,354,15,1,0,16,4,2023,0
2023-04-18 18:00:00,215,18,1,0,16,4,2023,0
2023-04-18 21:00:00,24,21,1,0,16,4,2023,0
2023-04-19 03:00:00,113,3,2,0,16,4,2023,0
2023-04-19 06:00:00,262,6,2,0,16,4,2023,0
2023-04-19 09:00:00,171,9,2,0,16,4,2023,0
2023-04-19 12:00:00,433,12,2,0,16,4,2023,0
2023-04-19 15:00:00,253,15,2,0,16,4,2023,0
2023-04-19 18:00:00,214,18,2,0,16,4,2023,0
2023-04-19 21:00:00,22,21,2,0,16,4,2023,0
2023-04-20 03:00:00,128,3,3,0,16,4,2023,0
2023-04-20 06:00:00,279,6,3,0,16,4,2023,0
2023-04-20 09:00:00,172,9,3,0,16,4,2023,0
2023-04-20 12:00:00,433,12,3,0,16,4,2023,0
2023-04-20 15:00:00,421,15,3,0,16,4,2023,0
2023-04-20 18:00:00,223,18,3,0,16,4,2023,0
2023-04-20 21:00:00,31,21,3,0,16,4,2023,0
2023-04-21 03:00:00,82,3,4,0,16,4,2023,0
2023-04-21 06:00:00,271,6,4,0,16,4,2023,0
2023-04-21 09:00:00,264,9,4,0,16,4,2023,0
2023-04-21 12:00:00,535,12,4,0,16,4,2023,0
2023-04-21 15:00:00,404,15,4,0,16,4,2023,0
2023-04-21 18:00:00,272,18,4,0,16,4,2023,0
2023-04-21 21:00:00,55,21,4,0,16,4,2023,0
2023-04-22 03:00:00,16,3,5,1,16,4,2023,0
2023-04-22 06:00:00,152,6,5,1,16,4,2023,0
2023-04-22 09:00:00,289,9,5,1,16,4,2023,0
2023-04-22 12:00:00,285,12,5,1,16,4,2023,0
2023-04-22 15:00:00,208,15,5,1,16,4,2023,0
2023-04-22 18:00:00,104,18,5,1,16,4,2023,0
2023-04-22 21:00:00,31,21,5,1,16,4,2023,0
2023-04-23 03:00:00,5,3,6,1,16,4,2023,0
2023-04-23 06:00:00,54,6,6,1,16,4,2023,0
2023-04-23 09:00:00,96,9,6,1,16,4,2023,0
2023-04-23 12:00:00,118,12,6,1,16,4,2023,0
2023-04-23 15:00:00,96,15,6,1,16,4,2023,0
2023-04-23 18:00:00,58,18,6,1,16,4,2023,0
2023-04-23 21:00:00,6,21,6,1,16,4,2023,0
2023-04-24 03:00:00,67,3,0,0,17,4,2023,0
2023-04-24 06:00:00,170,6,0,0,17,4,2023,0
2023-04-24 09:00:00,126,9,0,0,17,4,2023,0
2023-04-24 12:00:00,248,12,0,0,17,4,2023,0
2023-04-24 15:00:00,246,15,0,0,17,4,2023,0
2023-04-24 18:00:00,163,18,0,0,17,4,2023,0
2023-04-24 21:00:00,12,21,0,0,17,4,2023,0
2023-04-25 03:00:00,96,3,1,0,17,4,2023,0
2023-04-25 06:00:00,154,6,1,0,17,4,2023,0
2023-04-25 09:00:00,75,9,1,0,17,4,2023,0
2023-04-25 12:00:00,149,12,1,0,17,4,2023,0
2023-04-25 15:00:00,175,15,1,0,17,4,2023,0
2023-04-25 18:00:00,86,18,1,0,17,4,2023,0
2023-04-25 21:00:00,8,21,1,0,17,4,2023,0
2023-04-26 03:00:00,70,3,2,0,17,4,2023,0
2023-04-26 06:00:00,141,6,2,0,17,4,2023,0
2023-04-26 09:00:00,96,9,2,0,17,4,2023,0
2023-04-26 12:00:00,229,12,2,0,17,4,2023,0
2023-04-26 15:00:00,186,15,2,0,17,4,2023,0
2023-04-26 18:00:00,167,18,2,0,17,4,2023,0
2023-04-26 21:00:00,33,21,2,0,17,4,2023,0
2023-04-27 03:00:00,73,3,3,0,17,4,2023,0
2023-04-27 06:00:00,156,6,3,0,17,4,2023,0
2023-04-27 09:00:00,97,9,3,0,17,4,2023,0
2023-04-27 12:00:00,144,12,3,0,17,4,2023,0
2023-04-27 15:00:00,153,15,3,0,17,4,2023,0
2023-04-27 18:00:00,114,18,3,0,17,4,2023,0
2023-04-27 21:00:00,16,21,3,0,17,4,2023,0
2023-04-28 03:00:00,99,3,4,0,17,4,2023,0
2023-04-28 06:00:00,238,6,4,0,17,4,2023,0
2023-04-28 09:00:00,186,9,4,0,17,4,2023,0
2023-04-28 12:00:00,357,12,4,0,17,4,2023,0
2023-04-28 15:00:00,307,15,4,0,17,4,2023,0
2023-04-28 18:00:00,158,18,4,0,17,4,2023,0
2023-04-28 21:00:00,29,21,4,0,17,4,2023,0
2023-04-29 03:00:00,15,3,5,1,17,4,2023,0
2023-04-29 06:00:00,78,6,5,1,17,4,2023,0
2023-04-29 09:00:00,104,9,5,1,17,4,2023,0
2023-04-29 12:00:00,221,12,5,1,17,4,2023,0
2023-04-29 15:00:00,241,15,5,1,17,4,2023,0
2023-04-29 18:00:00,79,18,5,1,17,4,2023,0
2023-04-29 21:00:00,25,21,5,1,17,4,2023,0
2023-04-30 03:00:00,6,3,6,1,17,4,2023,0
2023-04-30 06:00:00,57,6,6,1,17,4,2023,0
2023-04-30 09:00:00,59,9,6,1,17,4,2023,0
2023-04-30 12:00:00,107,12,6,1,17,4,2023,0
2023-04-30 15:00:00,114,15,6,1,17,4,2023,0
2023-04-30 18:00:00,76,18,6,1,17,4,2023,0
2023-04-30 21:00:00,10,21,6,1,17,4,2023,0
2023-05-01 03:00:00,18,3,0,0,18,5,2023,0
2023-05-01 06:00:00,50,6,0,0,18,5,2023,0
2023-05-01 09:00:00,55,9,0,0,18,5,2023,0
2023-05-01 12:00:00,71,12,0,0,18,5,2023,0
2023-05-01 15:00:00,64,15,0,0,18,5,2023,0
2023-05-01 18:00:00,42,18,0,0,18,5,2023,0
2023-05-01 21:00:00,5,21,0,0,18,5,2023,0
2023-05-02 03:00:00,51,3,1,0,18,5,2023,0
2023-05-02 06:00:00,112,6,1,0,18,5,2023,0
2023-05-02 09:00:00,34,9,1,0,18,5,2023,0
2023-05-02 12:00:00,134,12,1,0,18,5,2023,0
2023-05-02 15:00:00,105,15,1,0,18,5,2023,0
2023-05-02 18:00:00,66,18,1,0,18,5,2023,0
2023-05-02 21:00:00,2,21,1,0,18,5,2023,0
2023-05-03 03:00:00,63,3,2,0,18,5,2023,0
2023-05-03 06:00:00,129,6,2,0,18,5,2023,0
2023-05-03 09:00:00,40,9,2,0,18,5,2023,0
2023-05-03 12:00:00,170,12,2,0,18,5,2023,0
2023-05-03 15:00:00,125,15,2,0,18,5,2023,0
2023-05-03 18:00:00,73,18,2,0,18,5,2023,0
2023-05-03 21:00:00,3,21,2,0,18,5,2023,0
2023-05-04 03:00:00,59,3,3,0,18,5,2023,0
2023-05-04 06:00:00,135,6,3,0,18,5,2023,0
2023-05-04 09:00:00,64,9,3,0,18,5,2023,0
2023-05-04 12:00:00,157,12,3,0,18,5,2023,0
2023-05-04 15:00:00,150,15,3,0,18,5,2023,0
2023-05-04 18:00:00,84,18,3,0,18,5,2023,0
2023-05-04 21:00:00,13,21,3,0,18,5,2023,0
2023-05-05 03:00:00,63,3,4,0,18,5,2023,0
2023-05-05 06:00:00,116,6,4,0,18,5,2023,0
2023-05-05 09:00:00,63,9,4,0,18,5,2023,0
2023-05-05 12:00:00,185,12,4,0,18,5,2023,0
2023-05-05 15:00:00,138,15,4,0,18,5,2023,0
2023-05-05 18:00:00,66,18,4,0,18,5,2023,0
2023-05-05 21:00:00,9,21,4,0,18,5,2023,0
2023-05-06 03:00:00,4,3,5,1,18,5,2023,0
2023-05-06 06:00:00,74,6,5,1,18,5,2023,0
2023-05-06 09:00:00,142,9,5,1,18,5,2023,0
2023-05-06 12:00:00,123,12,5,1,18,5,2023,0
2023-05-06 15:00:00,125,15,5,1,18,5,2023,0
2023-05-06 18:00:00,65,18,5,1,18,5,2023,0
2023-05-06 21:00:00,13,21,5,1,18,5,2023,0
2023-05-07 03:00:00,7,3,6,1,18,5,2023,0
2023-05-07 06:00:00,48,6,6,1,18,5,2023,0
2023-05-07 09:00:00,81,9,6,1,18,5,2023,0
2023-05-07 12:00:00,100,12,6,1,18,5,2023,0
2023-05-07 15:00:00,84,15,6,1,18,5,2023,0
2023-05-07 18:00:00,49,18,6,1,18,5,2023,0
2023-05-07 21:00:00,10,21,6,1,18,5,2023,0
2023-05-08 03:00:00,67,3,0,0,19,5,2023,0
2023-05-08 06:00:00,107,6,0,0,19,5,2023,0
2023-05-08 09:00:00,67,9,0,0,19,5,2023,0
2023-05-08 12:00:00,148,12,0,0,19,5,2023,0
2023-05-08 15:00:00,153,15,0,0,19,5,2023,0
2023-05-08 18:00:00,82,18,0,0,19,5,2023,0
2023-05-08 21:00:00,10,21,0,0,19,5,2023,0
2023-05-09 03:00:00,85,3,1,0,19,5,2023,0
2023-05-09 06:00:00,129,6,1,0,19,5,2023,0
2023-05-09 09:00:00,74,9,1,0,19,5,2023,0
2023-05-09 12:00:00,193,12,1,0,19,5,2023,0
2023-05-09 15:00:00,156,15,1,0,19,5,2023,0
2023-05-09 18:00:00,81,18,1,0,19,5,2023,0
2023-05-09 21:00:00,18,21,1,0,19,5,2023,0
2023-05-10 03:00:00,84,3,2,0,19,5,2023,0
2023-05-10 06:00:00,159,6,2,0,19,5,2023,0
2023-05-10 09:00:00,66,9,2,0,19,5,2023,0
2023-05-10 12:00:00,183,12,2,0,19,5,2023,0
2023-05-10 15:00:00,181,15,2,0,19,5,2023,0
2023-05-10 18:00:00,97,18,2,0,19,5,2023,0
2023-05-10 21:00:00,16,21,2,0,19,5,2023,0
2023-05-11 03:00:00,79,3,3,0,19,5,2023,0
2023-05-11 06:00:00,132,6,3,0,19,5,2023,0
2023-05-11 09:00:00,74,9,3,0,19,5,2023,0
2023-05-11 12:00:00,218,12,3,0,19,5,2023,0
2023-05-11 15:00:00,170,15,3,0,19,5,2023,0
2023-05-11 18:00:00,96,18,3,0,19,5,2023,0
2023-05-11 21:00:00,23,21,3,0,19,5,2023,0
2023-05-12 03:00:00,67,3,4,0,19,5,2023,0
2023-05-12 06:00:00,153,6,4,0,19,5,2023,0
2023-05-12 09:00:00,91,9,4,0,19,5,2023,0
2023-05-12 12:00:00,208,12,4,0,19,5,2023,0
2023-05-12 15:00:00,146,15,4,0,19,5,2023,0
2023-05-12 18:00:00,69,18,4,0,19,5,2023,0
2023-05-12 21:00:00,22,21,4,0,19,5,2023,0
2023-05-13 03:00:00,12,3,5,1,19,5,2023,0
2023-05-13 06:00:00,79,6,5,1,19,5,2023,0
2023-05-13 09:00:00,141,9,5,1,19,5,2023,0
2023-05-13 12:00:00,160,12,5,1,19,5,2023,0
2023-05-13 15:00:00,142,15,5,1,19,5,2023,0
2023-05-13 18:00:00,93,18,5,1,19,5,2023,0
2023-05-13 21:00:00,19,21,5,1,19,5,2023,0
2023-05-14 03:00:00,10,3,6,1,19,5,2023,0
2023-05-14 06:00:00,40,6,6,1,19,5,2023,0
2023-05-14 09:00:00,124,9,6,1,19,5,2023,0
2023-05-14 12:00:00,123,12,6,1,19,5,2023,0
2023-05-14 15:00:00,137,15,6,1,19,5,2023,0
2023-05-14 18:00:00,92,18,6,1,19,5,2023,0
2023-05-14 21:00:00,13,21,6,1,19,5,2023,0
2023-05-15 03:00:00,75,3,0,0,20,5,2023,0
2023-05-15 06:00:00,147,6,0,0,20,5,2023,0
2023-05-15 09:00:00,82,9,0,0,20,5,2023,0
2023-05-15 12:00:00,220,12,0,0,20,5,2023,0
2023-05-15 15:00:00,165,15,0,0,20,5,2023,0
2023-05-15 18:00:00,96,18,0,0,20,5,2023,0
2023-05-15 21:00:00,11,21,0,0,20,5,2023,0
2023-05-16 03:00:00,48,3,1,0,20,5,2023,0
2023-05-16 06:00:00,115,6,1,0,20,5,2023,0
2023-05-16 09:00:00,77,9,1,0,20,5,2023,0
2023-05-16 12:00:00,191,12,1,0,20,5,2023,0
2023-05-16 15:00:00,87,15,1,0,20,5,2023,0
2023-05-16 18:00:00,57,18,1,0,20,5,2023,0
2023-05-16 21:00:00,5,21,1,0,20,5,2023,0
2023-05-17 15:00:00,47,15,2,0,20,5,2023,0
2023-05-17 18:00:00,44,18,2,0,20,5,2023,0
2023-05-17 21:00:00,3,21,2,0,20,5,2023,0
2023-05-18 03:00:00,14,3,3,0,20,5,2023,0
2023-05-18 06:00:00,40,6,3,0,20,5,2023,0
2023-05-18 09:00:00,60,9,3,0,20,5,2023,0
2023-05-18 12:00:00,110,12,3,0,20,5,2023,0
2023-05-18 15:00:00,101,15,3,0,20,5,2023,0
2023-05-18 18:00:00,69,18,3,0,20,5,2023,0
2023-05-18 21:00:00,10,21,3,0,20,5,2023,0
2023-05-19 03:00:00,37,3,4,0,20,5,2023,0
2023-05-19 06:00:00,96,6,4,0,20,5,2023,0
2023-05-19 09:00:00,89,9,4,0,20,5,2023,0
2023-05-19 12:00:00,138,12,4,0,20,5,2023,0
2023-05-19 15:00:00,137,15,4,0,20,5,2023,0
2023-05-19 18:00:00,62,18,4,0,20,5,2023,0
2023-05-19 21:00:00,10,21,4,0,20,5,2023,0
2023-05-20 00:00:00,1,0,5,1,20,5,2023,0
2023-05-20 03:00:00,18,3,5,1,20,5,2023,0
2023-05-20 06:00:00,80,6,5,1,20,5,2023,0
2023-05-20 09:00:00,135,9,5,1,20,5,2023,0
2023-05-20 12:00:00,148,12,5,1,20,5,2023,0
2023-05-20 15:00:00,116,15,5,1,20,5,2023,0
2023-05-20 18:00:00,66,18,5,1,20,5,2023,0
2023-05-20 21:00:00,14,21,5,1,20,5,2023,0
2023-05-21 03:00:00,9,3,6,1,20,5,2023,0
2023-05-21 06:00:00,70,6,6,1,20,5,2023,0
2023-05-21 09:00:00,84,9,6,1,20,5,2023,0
2023-05-21 12:00:00,108,12,6,1,20,5,2023,0
2023-05-21 15:00:00,81,15,6,1,20,5,2023,0
2023-05-21 18:00:00,46,18,6,1,20,5,2023,0
2023-05-21 21:00:00,8,21,6,1,20,5,2023,0
2023-05-22 03:00:00,69,3,0,0,21,5,2023,0
2023-05-22 06:00:00,144,6,0,0,21,5,2023,0
2023-05-22 09:00:00,81,9,0,0,21,5,2023,0
2023-05-22 12:00:00,225,12,0,0,21,5,2023,0
2023-05-22 15:00:00,140,15,0,0,21,5,2023,0
2023-05-22 18:00:00,70,18,0,0,21,5,2023,0
2023-05-22 21:00:00,5,21,0,0,21,5,2023,0
2023-05-23 03:00:00,47,3,1,0,21,5,2023,0
2023-05-23 06:00:00,68,6,1,0,21,5,2023,0
2023-05-23 09:00:00,49,9,1,0,21,5,2023,0
2023-05-23 12:00:00,139,12,1,0,21,5,2023,0
2023-05-23 15:00:00,125,15,1,0,21,5,2023,0
2023-05-23 18:00:00,115,18,1,0,21,5,2023,0
2023-05-23 21:00:00,12,21,1,0,21,5,2023,0
2023-05-24 03:00:00,68,3,2,0,21,5,2023,0
2023-05-24 06:00:00,116,6,2,0,21,5,2023,0
2023-05-24 09:00:00,81,9,2,0,21,5,2023,0
2023-05-24 12:00:00,151,12,2,0,21,5,2023,0
2023-05-24 15:00:00,120,15,2,0,21,5,2023,0
2023-05-24 18:00:00,59,18,2,0,21,5,2023,0
2023-05-24 21:00:00,4,21,2,0,21,5,2023,0
2023-05-25 03:00:00,49,3,3,0,21,5,2023,0
2023-05-25 06:00:00,84,6,3,0,21,5,2023,0
2023-05-25 09:00:00,45,9,3,0,21,5,2023,0
2023-05-25 12:00:00,134,12,3,0,21,5,2023,0
2023-05-25 15:00:00,103,15,3,0,21,5,2023,0
2023-05-25 18:00:00,43,18,3,0,21,5,2023,0
2023-05-25 21:00:00,6,21,3,0,21,5,2023,0
2023-05-26 03:00:00,40,3,4,0,21,5,2023,0
2023-05-26 06:00:00,84,6,4,0,21,5,2023,0
2023-05-26 09:00:00,38,9,4,0,21,5,2023,0
2023-05-26 12:00:00,112,12,4,0,21,5,2023,0
2023-05-26 15:00:00,95,15,4,0,21,5,2023,0
2023-05-26 18:00:00,63,18,4,0,21,5,2023,0
2023-05-26 21:00:00,15,21,4,0,21,5,2023,0
2023-05-27 03:00:00,8,3,5,1,21,5,2023,0
2023-05-27 06:00:00,54,6,5,1,21,5,2023,0
2023-05-27 09:00:00,86,9,5,1,21,5,2023,0
2023-05-27 12:00:00,107,12,5,1,21,5,2023,0
2023-05-27 15:00:00,87,15,5,1,21,5,2023,0
2023-05-27 18:00:00,52,18,5,1,21,5,2023,0
2023-05-27 21:00:00,15,21,5,1,21,5,2023,0
2023-05-28 03:00:00,7,3,6,1,21,5,2023,0
2023-05-28 06:00:00,31,6,6,1,21,5,2023,0
2023-05-28 09:00:00,34,9,6,1,21,5,2023,0
2023-05-28 12:00:00,54,12,6,1,21,5,2023,0
2023-05-28 15:00:00,30,15,6,1,21,5,2023,0
2023-05-28 18:00:00,27,18,6,1,21,5,2023,0
2023-05-28 21:00:00,5,21,6,1,21,5,2023,0
2023-05-29 03:00:00,14,3,0,0,22,5,2023,0
2023-05-29 06:00:00,39,6,0,0,22,5,2023,0
2023-05-29 09:00:00,60,9,0,0,22,5,2023,0
2023-05-29 12:00:00,56,12,0,0,22,5,2023,0
2023-05-29 15:00:00,97,15,0,0,22,5,2023,0
2023-05-29 18:00:00,70,18,0,0,22,5,2023,0
2023-05-29 21:00:00,7,21,0,0,22,5,2023,0
2023-05-30 03:00:00,62,3,1,0,22,5,2023,0
2023-05-30 06:00:00,122,6,1,0,22,5,2023,0
2023-05-30 09:00:00,69,9,1,0,22,5,2023,0
2023-05-30 12:00:00,173,12,1,0,22,5,2023,0
2023-05-30 15:00:00,144,15,1,0,22,5,2023,0
2023-05-30 18:00:00,77,18,1,0,22,5,2023,0
2023-05-30 21:00:00,8,21,1,0,22,5,2023,0
2023-05-31 03:00:00,62,3,2,0,22,5,2023,0
2023-05-31 06:00:00,74,6,2,0,22,5,2023,0
2023-05-31 09:00:00,47,9,2,0,22,5,2023,0
2023-05-31 12:00:00,101,12,2,0,22,5,2023,0
2023-05-31 15:00:00,88,15,2,0,22,5,2023,0
2023-05-31 18:00:00,45,18,2,0,22,5,2023,0
2023-05-31 21:00:00,3,21,2,0,22,5,2023,0
2023-06-01 03:00:00,51,3,3,0,22,6,2023,0
2023-06-01 06:00:00,104,6,3,0,22,6,2023,0
2023-06-01 09:00:00,51,9,3,0,22,6,2023,0
2023-06-01 12:00:00,137,12,3,0,22,6,2023,0
2023-06-01 15:00:00,125,15,3,0,22,6,2023,0
2023-06-01 18:00:00,46,18,3,0,22,6,2023,0
2023-06-01 21:00:00,6,21,3,0,22,6,2023,0
2023-06-02 03:00:00,64,3,4,0,22,6,2023,0
2023-06-02 06:00:00,108,6,4,0,22,6,2023,0
2023-06-02 09:00:00,76,9,4,0,22,6,2023,0
2023-06-02 12:00:00,163,12,4,0,22,6,2023,0
2023-06-02 15:00:00,120,15,4,0,22,6,2023,0
2023-06-02 18:00:00,59,18,4,0,22,6,2023,0
2023-06-02 21:00:00,12,21,4,0,22,6,2023,0
2023-06-03 03:00:00,9,3,5,1,22,6,2023,0
2023-06-03 06:00:00,65,6,5,1,22,6,2023,0
2023-06-03 09:00:00,100,9,5,1,22,6,2023,0
2023-06-03 12:00:00,77,12,5,1,22,6,2023,0
2023-06-03 15:00:00,89,15,5,1,22,6,2023,0
2023-06-03 18:00:00,66,18,5,1,22,6,2023,0
2023-06-03 21:00:00,8,21,5,1,22,6,2023,0
2023-06-04 03:00:00,10,3,6,1,22,6,2023,0
2023-06-04 06:00:00,35,6,6,1,22,6,2023,0
2023-06-04 09:00:00,91,9,6,1,22,6,2023,0
2023-06-04 12:00:00,105,12,6,1,22,6,2023,0
2023-06-04 15:00:00,76,15,6,1,22,6,2023,0
2023-06-04 18:00:00,40,18,6,1,22,6,2023,0
2023-06-04 21:00:00,5,21,6,1,22,6,2023,0
2023-06-05 03:00:00,57,3,0,0,23,6,2023,0
2023-06-05 06:00:00,92,6,0,0,23,6,2023,0
2023-06-05 09:00:00,70,9,0,0,23,6,2023,0
2023-06-05 12:00:00,160,12,0,0,23,6,2023,0
2023-06-05 15:00:00,133,15,0,0,23,6,2023,0
2023-06-05 18:00:00,54,18,0,0,23,6,2023,0
2023-06-05 21:00:00,4,21,0,0,23,6,2023,0
2023-06-06 03:00:00,64,3,1,0,23,6,2023,0
2023-06-06 06:00:00,96,6,1,0,23,6,2023,0
2023-06-06 09:00:00,68,9,1,0,23,6,2023,0
2023-06-06 12:00:00,166,12,1,0,23,6,2023,0
2023-06-06 15:00:00,122,15,1,0,23,6,2023,0
2023-06-06 18:00:00,72,18,1,0,23,6,2023,0
2023-06-06 21:00:00,19,21,1,0,23,6,2023,0
2023-06-07 03:00:00,69,3,2,0,23,6,2023,0
2023-06-07 06:00:00,126,6,2,0,23,6,2023,0
2023-06-07 09:00:00,78,9,2,0,23,6,2023,0
2023-06-07 12:00:00,186,12,2,0,23,6,2023,0
2023-06-07 15:00:00,149,15,2,0,23,6,2023,0
2023-06-07 18:00:00,80,18,2,0,23,6,2023,0
2023-06-07 21:00:00,12,21,2,0,23,6,2023,0
2023-06-08 03:00:00,58,3,3,0,23,6,2023,0
2023-06-08 06:00:00,92,6,3,0,23,6,2023,0
2023-06-08 09:00:00,83,9,3,0,23,6,2023,0
2023-06-08 12:00:00,193,12,3,0,23,6,2023,0
2023-06-08 15:00:00,128,15,3,0,23,6,2023,0
2023-06-08 18:00:00,86,18,3,0,23,6,2023,0
2023-06-08 21:00:00,15,21,3,0,23,6,2023,0
2023-06-09 03:00:00,49,3,4,0,23,6,2023,0
2023-06-09 06:00:00,127,6,4,0,23,6,2023,0
2023-06-09 09:00:00,149,9,4,0,23,6,2023,0
2023-06-09 12:00:00,216,12,4,0,23,6,2023,0
2023-06-09 15:00:00,145,15,4,0,23,6,2023,0
2023-06-09 18:00:00,86,18,4,0,23,6,2023,0
2023-06-09 21:00:00,35,21,4,0,23,6,2023,0
2023-06-10 03:00:00,14,3,5,1,23,6,2023,0
2023-06-10 06:00:00,59,6,5,1,23,6,2023,0
2023-06-10 09:00:00,138,9,5,1,23,6,2023,0
2023-06-10 12:00:00,146,12,5,1,23,6,2023,0
2023-06-10 15:00:00,115,15,5,1,23,6,2023,0
2023-06-10 18:00:00,87,18,5,1,23,6,2023,0
2023-06-10 21:00:00,46,21,5,1,23,6,2023,0
2023-06-11 03:00:00,8,3,6,1,23,6,2023,0
2023-06-11 06:00:00,35,6,6,1,23,6,2023,0
2023-06-11 09:00:00,106,9,6,1,23,6,2023,0
2023-06-11 12:00:00,102,12,6,1,23,6,2023,0
2023-06-11 15:00:00,82,15,6,1,23,6,2023,0
2023-06-11 18:00:00,63,18,6,1,23,6,2023,0
2023-06-11 21:00:00,11,21,6,1,23,6,2023,0
2023-06-12 03:00:00,68,3,0,0,24,6,2023,0
2023-06-12 06:00:00,131,6,0,0,24,6,2023,0
2023-06-12 09:00:00,82,9,0,0,24,6,2023,0
2023-06-12 12:00:00,213,12,0,0,24,6,2023,0
2023-06-12 15:00:00,173,15,0,0,24,6,2023,0
2023-06-12 18:00:00,71,18,0,0,24,6,2023,0
2023-06-12 21:00:00,12,21,0,0,24,6,2023,0
2023-06-13 03:00:00,78,3,1,0,24,6,2023,0
2023-06-13 06:00:00,119,6,1,0,24,6,2023,0
2023-06-13 09:00:00,68,9,1,0,24,6,2023,0
2023-06-13 12:00:00,209,12,1,0,24,6,2023,0
2023-06-13 15:00:00,189,15,1,0,24,6,2023,0
2023-06-13 18:00:00,96,18,1,0,24,6,2023,0
2023-06-13 21:00:00,19,21,1,0,24,6,2023,0
2023-06-14 03:00:00,77,3,2,0,24,6,2023,0
2023-06-14 06:00:00,143,6,2,0,24,6,2023,0
2023-06-14 09:00:00,105,9,2,0,24,6,2023,0
2023-06-14 12:00:00,243,12,2,0,24,6,2023,0
2023-06-14 15:00:00,165,15,2,0,24,6,2023,0
2023-06-14 18:00:00,105,18,2,0,24,6,2023,0
2023-06-14 21:00:00,27,21,2,0,24,6,2023,0
2023-06-15 03:00:00,78,3,3,0,24,6,2023,0
2023-06-15 06:00:00,140,6,3,0,24,6,2023,0
2023-06-15 09:00:00,109,9,3,0,24,6,2023,0
2023-06-15 12:00:00,221,12,3,0,24,6,2023,0
2023-06-15 15:00:00,152,15,3,0,24,6,2023,0
2023-06-15 18:00:00,110,18,3,0,24,6,2023,0
2023-06-15 21:00:00,17,21,3,0,24,6,2023,0
2023-06-16 03:00:00,81,3,4,0,24,6,2023,0
2023-06-16 06:00:00,106,6,4,0,24,6,2023,0
2023-06-16 09:00:00,129,9,4,0,24,6,2023,0
2023-06-16 12:00:00,233,12,4,0,24,6,2023,0
2023-06-16 15:00:00,170,15,4,0,24,6,2023,0
2023-06-16 18:00:00,80,18,4,0,24,6,2023,0
2023-06-16 21:00:00,26,21,4,0,24,6,2023,0
2023-06-17 03:00:00,10,3,5,1,24,6,2023,0
2023-06-17 06:00:00,52,6,5,1,24,6,2023,0
2023-06-17 09:00:00,131,9,5,1,24,6,2023,0
2023-06-17 12:00:00,142,12,5,1,24,6,2023,0
2023-06-17 15:00:00,148,15,5,1,24,6,2023,0
2023-06-17 18:00:00,83,18,5,1,24,6,2023,0
2023-06-17 21:00:00,19,21,5,1,24,6,2023,0
2023-06-18 03:00:00,9,3,6,1,24,6,2023,0
2023-06-18 06:00:00,48,6,6,1,24,6,2023,0
2023-06-18 09:00:00,122,9,6,1,24,6,2023,0
2023-06-18 12:00:00,136,12,6,1,24,6,2023,0
2023-06-18 15:00:00,102,15,6,1,24,6,2023,0
2023-06-18 18:00:00,50,18,6,1,24,6,2023,0
2023-06-18 21:00:00,16,21,6,1,24,6,2023,0
2023-06-19 03:00:00,83,3,0,0,25,6,2023,0
2023-06-19 06:00:00,100,6,0,0,25,6,2023,0
2023-06-19 09:00:00,63,9,0,0,25,6,2023,0
2023-06-19 12:00:00,201,12,0,0,25,6,2023,0
2023-06-19 15:00:00,149,15,0,0,25,6,2023,0
2023-06-19 18:00:00,84,18,0,0,25,6,2023,0
2023-06-19 21:00:00,7,21,0,0,25,6,2023,0
2023-06-20 03:00:00,83,3,1,0,25,6,2023,0
2023-06-20 06:00:00,129,6,1,0,25,6,2023,0
2023-06-20 09:00:00,61,9,1,0,25,6,2023,0
2023-06-20 12:00:00,185,12,1,0,25,6,2023,0
2023-06-20 15:00:00,156,15,1,0,25,6,2023,0
2023-06-20 18:00:00,96,18,1,0,25,6,2023,0
2023-06-20 21:00:00,20,21,1,0,25,6,2023,0
2023-06-21 03:00:00,84,3,2,0,25,6,2023,0
2023-06-21 06:00:00,121,6,2,0,25,6,2023,0
2023-06-21 09:00:00,100,9,2,0,25,6,2023,0
2023-06-21 12:00:00,199,12,2,0,25,6,2023,0
2023-06-21 15:00:00,150,15,2,0,25,6,2023,0
2023-06-21 18:00:00,76,18,2,0,25,6,2023,0
2023-06-21 21:00:00,11,21,2,0,25,6,2023,0
2023-06-22 03:00:00,53,3,3,0,25,6,2023,0
2023-06-22 06:00:00,101,6,3,0,25,6,2023,0
2023-06-22 09:00:00,102,9,3,0,25,6,2023,0
2023-06-22 12:00:00,200,12,3,0,25,6,2023,0
2023-06-22 15:00:00,168,15,3,0,25,6,2023,0
2023-06-22 18:00:00,72,18,3,0,25,6,2023,0
2023-06-22 21:00:00,7,21,3,0,25,6,2023,0
2023-06-23 03:00:00,45,3,4,0,25,6,2023,0
2023-06-23 06:00:00,40,6,4,0,25,6,2023,0
2023-06-23 09:00:00,39,9,4,0,25,6,2023,0
2023-06-23 12:00:00,139,12,4,0,25,6,2023,0
2023-06-23 15:00:00,89,15,4,0,25,6,2023,0
2023-06-23 18:00:00,55,18,4,0,25,6,2023,0
2023-06-23 21:00:00,21,21,4,0,25,6,2023,0
2023-06-24 03:00:00,9,3,5,1,25,6,2023,0
2023-06-24 06:00:00,47,6,5,1,25,6,2023,0
2023-06-24 09:00:00,120,9,5,1,25,6,2023,0
2023-06-24 12:00:00,120,12,5,1,25,6,2023,0
2023-06-24 15:00:00,108,15,5,1,25,6,2023,0
2023-06-24 18:00:00,60,18,5,1,25,6,2023,0
2023-06-24 21:00:00,14,21,5,1,25,6,2023,0
2023-06-25 03:00:00,3,3,6,1,25,6,2023,0
2023-06-25 06:00:00,39,6,6,1,25,6,2023,0
2023-06-25 09:00:00,87,9,6,1,25,6,2023,0
2023-06-25 12:00:00,127,12,6,1,25,6,2023,0
2023-06-25 15:00:00,112,15,6,1,25,6,2023,0
2023-06-25 18:00:00,60,18,6,1,25,6,2023,0
2023-06-25 21:00:00,19,21,6,1,25,6,2023,0
2023-06-26 03:00:00,73,3,0,0,26,6,2023,0
2023-06-26 06:00:00,135,6,0,0,26,6,2023,0
2023-06-26 09:00:00,87,9,0,0,26,6,2023,0
2023-06-26 12:00:00,227,12,0,0,26,6,2023,0
2023-06-26 15:00:00,130,15,0,0,26,6,2023,0
2023-06-26 18:00:00,84,18,0,0,26,6,2023,0
2023-06-26 21:00:00,11,21,0,0,26,6,2023,0
2023-06-27 03:00:00,72,3,1,0,26,6,2023,0
2023-06-27 06:00:00,138,6,1,0,26,6,2023,0
2023-06-27 09:00:00,81,9,1,0,26,6,2023,0
2023-06-27 12:00:00,193,12,1,0,26,6,2023,0
2023-06-27 15:00:00,140,15,1,0,26,6,2023,0
2023-06-27 18:00:00,65,18,1,0,26,6,2023,0
2023-06-27 21:00:00,7,21,1,0,26,6,2023,0
2023-06-28 03:00:00,85,3,2,0,26,6,2023,0
2023-06-28 06:00:00,137,6,2,0,26,6,2023,0
2023-06-28 09:00:00,67,9,2,0,26,6,2023,0
2023-06-28 12:00:00,193,12,2,0,26,6,2023,0
2023-06-28 15:00:00,143,15,2,0,26,6,2023,0
2023-06-28 18:00:00,74,18,2,0,26,6,2023,0
2023-06-28 21:00:00,16,21,2,0,26,6,2023,0
2023-06-29 03:00:00,72,3,3,0,26,6,2023,0
2023-06-29 06:00:00,89,6,3,0,26,6,2023,0
2023-06-29 09:00:00,26,9,3,0,26,6,2023,0
2023-06-29 12:00:00,130,12,3,0,26,6,2023,0
2023-06-29 15:00:00,99,15,3,0,26,6,2023,0
2023-06-29 18:00:00,47,18,3,0,26,6,2023,0
2023-06-29 21:00:00,3,21,3,0,26,6,2023,0
2023-06-30 03:00:00,51,3,4,0,26,6,2023,0
2023-06-30 06:00:00,68,6,4,0,26,6,2023,0
2023-06-30 09:00:00,44,9,4,0,26,6,2023,0
2023-06-30 12:00:00,119,12,4,0,26,6,2023,0
2023-06-30 15:00:00,90,15,4,0,26,6,2023,0
2023-06-30 18:00:00,38,18,4,0,26,6,2023,0
2023-06-30 21:00:00,9,21,4,0,26,6,2023,0
2023-07-01 03:00:00,2,3,5,1,26,7,2023,0
2023-07-01 06:00:00,18,6,5,1,26,7,2023,0
2023-07-01 09:00:00,75,9,5,1,26,7,2023,0
2023-07-01 12:00:00,104,12,5,1,26,7,2023,0
2023-07-01 15:00:00,61,15,5,1,26,7,2023,0
2023-07-01 18:00:00,36,18,5,1,26,7,2023,0
2023-07-01 21:00:00,11,21,5,1,26,7,2023,0
2023-07-02 03:00:00,9,3,6,1,26,7,2023,0
2023-07-02 06:00:00,21,6,6,1,26,7,2023,0
2023-07-02 09:00:00,85,9,6,1,26,7,2023,0
2023-07-02 12:00:00,86,12,6,1,26,7,2023,0
2023-07-02 15:00:00,58,15,6,1,26,7,2023,0
2023-07-02 18:00:00,52,18,6,1,26,7,2023,0
2023-07-02 21:00:00,9,21,6,1,26,7,2023,0
2023-07-03 03:00:00,29,3,0,0,27,7,2023,0
2023-07-03 06:00:00,44,6,0,0,27,7,2023,0
2023-07-03 09:00:00,69,9,0,0,27,7,2023,0
2023-07-03 12:00:00,101,12,0,0,27,7,2023,0
2023-07-03 15:00:00,94,15,0,0,27,7,2023,0
2023-07-03 18:00:00,48,18,0,0,27,7,2023,0
2023-07-03 21:00:00,9,21,0,0,27,7,2023,0
2023-07-04 03:00:00,57,3,1,0,27,7,2023,0
2023-07-04 06:00:00,80,6,1,0,27,7,2023,0
2023-07-04 09:00:00,50,9,1,0,27,7,2023,0
2023-07-04 12:00:00,166,12,1,0,27,7,2023,0
2023-07-04 15:00:00,106,15,1,0,27,7,2023,0
2023-07-04 18:00:00,66,18,1,0,27,7,2023,0
2023-07-04 21:00:00,6,21,1,0,27,7,2023,0
2023-07-05 03:00:00,54,3,2,0,27,7,2023,0
2023-07-05 06:00:00,93,6,2,0,27,7,2023,0
2023-07-05 09:00:00,96,9,2,0,27,7,2023,0
2023-07-05 12:00:00,151,12,2,0,27,7,2023,0
2023-07-05 15:00:00,131,15,2,0,27,7,2023,0
2023-07-05 18:00:00,73,18,2,0,27,7,2023,0
2023-07-05 21:00:00,7,21,2,0,27,7,2023,0
2023-07-06 03:00:00,50,3,3,0,27,7,2023,0
2023-07-06 06:00:00,88,6,3,0,27,7,2023,0
2023-07-06 09:00:00,78,9,3,0,27,7,2023,0
2023-07-06 12:00:00,145,12,3,0,27,7,2023,0
2023-07-06 15:00:00,87,15,3,0,27,7,2023,0
2023-07-06 18:00:00,56,18,3,0,27,7,2023,0
2023-07-06 21:00:00,8,21,3,0,27,7,2023,0
2023-07-07 03:00:00,44,3,4,0,27,7,2023,0
2023-07-07 06:00:00,76,6,4,0,27,7,2023,0
2023-07-07 09:00:00,85,9,4,0,27,7,2023,0
2023-07-07 12:00:00,118,12,4,0,27,7,2023,0
2023-07-07 15:00:00,73,15,4,0,27,7,2023,0
2023-07-07 18:00:00,51,18,4,0,27,7,2023,0
2023-07-07 21:00:00,14,21,4,0,27,7,2023,0
2023-07-08 03:00:00,12,3,5,1,27,7,2023,0
2023-07-08 06:00:00,49,6,5,1,27,7,2023,0
2023-07-08 09:00:00,115,9,5,1,27,7,2023,0
2023-07-08 12:00:00,102,12,5,1,27,7,2023,0
2023-07-08 15:00:00,107,15,5,1,27,7,2023,0
2023-07-08 18:00:00,54,18,5,1,27,7,2023,0
2023-07-08 21:00:00,20,21,5,1,27,7,2023,0
2023-07-09 03:00:00,7,3,6,1,27,7,2023,0
2023-07-09 06:00:00,30,6,6,1,27,7,2023,0
2023-07-09 09:00:00,85,9,6,1,27,7,2023,0
2023-07-09 12:00:00,105,12,6,1,27,7,2023,0
2023-07-09 15:00:00,82,15,6,1,27,7,2023,0
2023-07-09 18:00:00,61,18,6,1,27,7,2023,0
2023-07-09 21:00:00,15,21,6,1,27,7,2023,0
2023-07-10 03:00:00,35,3,0,0,28,7,2023,0
2023-07-10 06:00:00,74,6,0,0,28,7,2023,0
2023-07-10 09:00:00,79,9,0,0,28,7,2023,0
2023-07-10 12:00:00,98,12,0,0,28,7,2023,0
2023-07-10 15:00:00,100,15,0,0,28,7,2023,0
2023-07-10 18:00:00,33,18,0,0,28,7,2023,0
2023-07-10 21:00:00,12,21,0,0,28,7,2023,0
2023-07-11 03:00:00,38,3,1,0,28,7,2023,0
2023-07-11 06:00:00,66,6,1,0,28,7,2023,0
2023-07-11 09:00:00,80,9,1,0,28,7,2023,0
2023-07-11 12:00:00,155,12,1,0,28,7,2023,0
2023-07-11 15:00:00,89,15,1,0,28,7,2023,0
2023-07-11 18:00:00,65,18,1,0,28,7,2023,0
2023-07-11 21:00:00,9,21,1,0,28,7,2023,0
2023-07-12 03:00:00,36,3,2,0,28,7,2023,0
2023-07-12 06:00:00,68,6,2,0,28,7,2023,0
2023-07-12 09:00:00,81,9,2,0,28,7,2023,0
2023-07-12 12:00:00,112,12,2,0,28,7,2023,0
2023-07-12 15:00:00,100,15,2,0,28,7,2023,0
2023-07-12 18:00:00,58,18,2,0,28,7,2023,0
2023-07-12 21:00:00,6,21,2,0,28,7,2023,0
2023-07-13 03:00:00,36,3,3,0,28,7,2023,0
2023-07-13 06:00:00,36,6,3,0,28,7,2023,0
2023-07-13 09:00:00,43,9,3,0,28,7,2023,0
2023-07-13 12:00:00,110,12,3,0,28,7,2023,0
2023-07-13 15:00:00,70,15,3,0,28,7,2023,0
2023-07-13 18:00:00,39,18,3,0,28,7,2023,0
2023-07-13 21:00:00,1,21,3,0,28,7,2023,0
2023-07-14 03:00:00,22,3,4,0,28,7,2023,0
2023-07-14 06:00:00,37,6,4,0,28,7,2023,0
2023-07-14 09:00:00,38,9,4,0,28,7,2023,0
2023-07-14 12:00:00,118,12,4,0,28,7,2023,0
2023-07-14 15:00:00,84,15,4,0,28,7,2023,0
2023-07-14 18:00:00,60,18,4,0,28,7,2023,0
2023-07-14 21:00:00,8,21,4,0,28,7,2023,0
2023-07-15 03:00:00,6,3,5,1,28,7,2023,0
2023-07-15 06:00:00,48,6,5,1,28,7,2023,0
2023-07-15 09:00:00,82,9,5,1,28,7,2023,0
2023-07-15 12:00:00,112,12,5,1,28,7,2023,0
2023-07-15 15:00:00,77,15,5,1,28,7,2023,0
2023-07-15 18:00:00,48,18,5,1,28,7,2023,0
2023-07-15 21:00:00,8,21,5,1,28,7,2023,0
2023-07-16 03:00:00,7,3,6,1,28,7,2023,0
2023-07-16 06:00:00,15,6,6,1,28,7,2023,0
2023-07-16 09:00:00,90,9,6,1,28,7,2023,0
2023-07-16 12:00:00,113,12,6,1,28,7,2023,0
2023-07-16 15:00:00,66,15,6,1,28,7,2023,0
2023-07-16 18:00:00,52,18,6,1,28,7,2023,0
2023-07-16 21:00:00,6,21,6,1,28,7,2023,0
2023-07-17 03:00:00,24,3,0,0,29,7,2023,0
2023-07-17 06:00:00,60,6,0,0,29,7,2023,0
2023-07-17 09:00:00,87,9,0,0,29,7,2023,0
2023-07-17 12:00:00,84,12,0,0,29,7,2023,0
2023-07-17 15:00:00,80,15,0,0,29,7,2023,0
2023-07-17 18:00:00,46,18,0,0,29,7,2023,0
2023-07-17 21:00:00,12,21,0,0,29,7,2023,0
2023-07-18 03:00:00,28,3,1,0,29,7,2023,0
2023-07-18 06:00:00,59,6,1,0,29,7,2023,0
2023-07-18 09:00:00,75,9,1,0,29,7,2023,0
2023-07-18 12:00:00,118,12,1,0,29,7,2023,0
2023-07-18 15:00:00,79,15,1,0,29,7,2023,0
2023-07-18 18:00:00,43,18,1,0,29,7,2023,0
2023-07-18 21:00:00,5,21,1,0,29,7,2023,0
2023-07-19 03:00:00,30,3,2,0,29,7,2023,0
2023-07-19 06:00:00,41,6,2,0,29,7,2023,0
2023-07-19 09:00:00,48,9,2,0,29,7,2023,0
2023-07-19 12:00:00,114,12,2,0,29,7,2023,0
2023-07-19 15:00:00,109,15,2,0,29,7,2023,0
2023-07-19 18:00:00,57,18,2,0,29,7,2023,0
2023-07-19 21:00:00,9,21,2,0,29,7,2023,0
2023-07-20 03:00:00,30,3,3,0,29,7,2023,0
2023-07-20 06:00:00,49,6,3,0,29,7,2023,0
2023-07-20 09:00:00,67,9,3,0,29,7,2023,0
2023-07-20 12:00:00,145,12,3,0,29,7,2023,0
2023-07-20 15:00:00,108,15,3,0,29,7,2023,0
2023-07-20 18:00:00,57,18,3,0,29,7,2023,0
2023-07-20 21:00:00,12,21,3,0,29,7,2023,0
2023-07-21 03:00:00,22,3,4,0,29,7,2023,0
2023-07-21 06:00:00,59,6,4,0,29,7,2023,0
2023-07-21 09:00:00,74,9,4,0,29,7,2023,0
2023-07-21 12:00:00,104,12,4,0,29,7,2023,0
2023-07-21 15:00:00,67,15,4,0,29,7,2023,0
2023-07-21 18:00:00,47,18,4,0,29,7,2023,0
2023-07-21 21:00:00,6,21,4,0,29,7,2023,0
2023-07-22 03:00:00,4,3,5,1,29,7,2023,0
2023-07-22 06:00:00,21,6,5,1,29,7,2023,0
2023-07-22 09:00:00,62,9,5,1,29,7,2023,0
2023-07-22 12:00:00,80,12,5,1,29,7,2023,0
2023-07-22 15:00:00,96,15,5,1,29,7,2023,0
2023-07-22 18:00:00,50,18,5,1,29,7,2023,0
2023-07-22 21:00:00,17,21,5,1,29,7,2023,0
2023-07-23 03:00:00,6,3,6,1,29,7,2023,0
2023-07-23 06:00:00,21,6,6,1,29,7,2023,0
2023-07-23 09:00:00,103,9,6,1,29,7,2023,0
2023-07-23 12:00:00,63,12,6,1,29,7,2023,0
2023-07-23 15:00:00,83,15,6,1,29,7,2023,0
2023-07-23 18:00:00,45,18,6,1,29,7,2023,0
2023-07-23 21:00:00,6,21,6,1,29,7,2023,0
2023-07-24 03:00:00,33,3,0,0,30,7,2023,0
2023-07-24 06:00:00,49,6,0,0,30,7,2023,0
2023-07-24 09:00:00,98,9,0,0,30,7,2023,0
2023-07-24 12:00:00,143,12,0,0,30,7,2023,0
2023-07-24 15:00:00,96,15,0,0,30,7,2023,0
2023-07-24 18:00:00,66,18,0,0,30,7,2023,0
2023-07-24 21:00:00,12,21,0,0,30,7,2023,0
2023-07-25 03:00:00,22,3,1,0,30,7,2023,0
2023-07-25 06:00:00,57,6,1,0,30,7,2023,0
2023-07-25 09:00:00,103,9,1,0,30,7,2023,0
2023-07-25 12:00:00,87,12,1,0,30,7,2023,0
2023-07-25 15:00:00,87,15,1,0,30,7,2023,0
2023-07-25 18:00:00,32,18,1,0,30,7,2023,0
2023-07-25 21:00:00,4,21,1,0,30,7,2023,0
2023-07-26 03:00:00,27,3,2,0,30,7,2023,0
2023-07-26 06:00:00,69,6,2,0,30,7,2023,0
2023-07-26 09:00:00,85,9,2,0,30,7,2023,0
2023-07-26 12:00:00,113,12,2,0,30,7,2023,0
2023-07-26 15:00:00,104,15,2,0,30,7,2023,0
2023-07-26 18:00:00,48,18,2,0,30,7,2023,0
2023-07-26 21:00:00,9,21,2,0,30,7,2023,0
2023-07-27 03:00:00,31,3,3,0,30,7,2023,0
2023-07-27 06:00:00,57,6,3,0,30,7,2023,0
2023-07-27 09:00:00,89,9,3,0,30,7,2023,0
2023-07-27 12:00:00,146,12,3,0,30,7,2023,0
2023-07-27 15:00:00,120,15,3,0,30,7,2023,0
2023-07-27 18:00:00,61,18,3,0,30,7,2023,0
2023-07-27 21:00:00,13,21,3,0,30,7,2023,0
2023-07-28 03:00:00,25,3,4,0,30,7,2023,0
2023-07-28 06:00:00,69,6,4,0,30,7,2023,0
2023-07-28 09:00:00,66,9,4,0,30,7,2023,0
2023-07-28 12:00:00,132,12,4,0,30,7,2023,0
2023-07-28 15:00:00,72,15,4,0,30,7,2023,0
2023-07-28 18:00:00,67,18,4,0,30,7,2023,0
2023-07-28 21:00:00,20,21,4,0,30,7,2023,0
2023-07-29 03:00:00,6,3,5,1,30,7,2023,0
2023-07-29 06:00:00,25,6,5,1,30,7,2023,0
2023-07-29 09:00:00,82,9,5,1,30,7,2023,0
2023-07-29 12:00:00,121,12,5,1,30,7,2023,0
2023-07-29 15:00:00,113,15,5,1,30,7,2023,0
2023-07-29 18:00:00,67,18,5,1,30,7,2023,0
2023-07-29 21:00:00,18,21,5,1,30,7,2023,0
2023-07-30 03:00:00,4,3,6,1,30,7,2023,0
2023-07-30 06:00:00,34,6,6,1,30,7,2023,0
2023-07-30 09:00:00,94,9,6,1,30,7,2023,0
2023-07-30 12:00:00,108,12,6,1,30,7,2023,0
2023-07-30 15:00:00,109,15,6,1,30,7,2023,0
2023-07-30 18:00:00,65,18,6,1,30,7,2023,0
2023-07-30 21:00:00,8,21,6,1,30,7,2023,0
2023-07-31 03:00:00,55,3,0,0,31,7,2023,0
2023-07-31 06:00:00,78,6,0,0,31,7,2023,0
2023-07-31 09:00:00,95,9,0,0,31,7,2023,0
2023-07-31 12:00:00,159,12,0,0,31,7,2023,0
2023-07-31 15:00:00,128,15,0,0,31,7,2023,0
2023-07-31 18:00:00,62,18,0,0,31,7,2023,0
2023-07-31 21:00:00,12,21,0,0,31,7,2023,0
2023-08-01 03:00:00,48,3,1,0,31,8,2023,0
2023-08-01 06:00:00,112,6,1,0,31,8,2023,0
2023-08-01 09:00:00,128,9,1,0,31,8,2023,0
2023-08-01 12:00:00,180,12,1,0,31,8,2023,0
2023-08-01 15:00:00,127,15,1,0,31,8,2023,0
2023-08-01 18:00:00,68,18,1,0,31,8,2023,0
2023-08-01 21:00:00,11,21,1,0,31,8,2023,0
2023-08-02 03:00:00,56,3,2,0,31,8,2023,0
2023-08-02 06:00:00,91,6,2,0,31,8,2023,0
2023-08-02 09:00:00,105,9,2,0,31,8,2023,0
2023-08-02 12:00:00,183,12,2,0,31,8,2023,0
2023-08-02 15:00:00,138,15,2,0,31,8,2023,0
2023-08-02 18:00:00,85,18,2,0,31,8,2023,0
2023-08-02 21:00:00,15,21,2,0,31,8,2023,0
2023-08-03 03:00:00,54,3,3,0,31,8,2023,0
2023-08-03 06:00:00,90,6,3,0,31,8,2023,0
2023-08-03 09:00:00,78,9,3,0,31,8,2023,0
2023-08-03 12:00:00,165,12,3,0,31,8,2023,0
2023-08-03 15:00:00,142,15,3,0,31,8,2023,0
2023-08-03 18:00:00,82,18,3,0,31,8,2023,0
2023-08-03 21:00:00,23,21,3,0,31,8,2023,0
2023-08-04 03:00:00,39,3,4,0,31,8,2023,0
2023-08-04 06:00:00,95,6,4,0,31,8,2023,0
2023-08-04 09:00:00,65,9,4,0,31,8,2023,0
2023-08-04 12:00:00,167,12,4,0,31,8,2023,0
2023-08-04 15:00:00,90,15,4,0,31,8,2023,0
2023-08-04 18:00:00,83,18,4,0,31,8,2023,0
2023-08-04 21:00:00,27,21,4,0,31,8,2023,0
2023-08-05 03:00:00,10,3,5,1,31,8,2023,0
2023-08-05 06:00:00,40,6,5,1,31,8,2023,0
2023-08-05 09:00:00,129,9,5,1,31,8,2023,0
2023-08-05 12:00:00,135,12,5,1,31,8,2023,0
2023-08-05 15:00:00,84,15,5,1,31,8,2023,0
2023-08-05 18:00:00,46,18,5,1,31,8,2023,0
2023-08-05 21:00:00,9,21,5,1,31,8,2023,0
2023-08-06 03:00:00,7,3,6,1,31,8,2023,0
2023-08-06 06:00:00,32,6,6,1,31,8,2023,0
2023-08-06 09:00:00,90,9,6,1,31,8,2023,0
2023-08-06 12:00:00,91,12,6,1,31,8,2023,0
2023-08-06 15:00:00,72,15,6,1,31,8,2023,0
2023-08-06 18:00:00,44,18,6,1,31,8,2023,0
2023-08-06 21:00:00,13,21,6,1,31,8,2023,0
2023-08-07 03:00:00,30,3,0,0,32,8,2023,0
2023-08-07 06:00:00,43,6,0,0,32,8,2023,0
2023-08-07 09:00:00,28,9,0,0,32,8,2023,0
2023-08-07 12:00:00,67,12,0,0,32,8,2023,0
2023-08-07 15:00:00,41,15,0,0,32,8,2023,0
2023-08-07 18:00:00,30,18,0,0,32,8,2023,0
2023-08-08 03:00:00,51,3,1,0,32,8,2023,0
2023-08-08 06:00:00,90,6,1,0,32,8,2023,0
2023-08-08 09:00:00,54,9,1,0,32,8,2023,0
2023-08-08 12:00:00,137,12,1,0,32,8,2023,0
2023-08-08 15:00:00,123,15,1,0,32,8,2023,0
2023-08-08 18:00:00,48,18,1,0,32,8,2023,0
2023-08-08 21:00:00,7,21,1,0,32,8,2023,0
2023-08-09 03:00:00,44,3,2,0,32,8,2023,0
2023-08-09 06:00:00,91,6,2,0,32,8,2023,0
2023-08-09 09:00:00,73,9,2,0,32,8,2023,0
2023-08-09 12:00:00,164,12,2,0,32,8,2023,0
2023-08-09 15:00:00,147,15,2,0,32,8,2023,0
2023-08-09 18:00:00,60,18,2,0,32,8,2023,0
2023-08-09 21:00:00,11,21,2,0,32,8,2023,0
2023-08-10 03:00:00,67,3,3,0,32,8,2023,0
2023-08-10 06:00:00,92,6,3,0,32,8,2023,0
2023-08-10 09:00:00,79,9,3,0,32,8,2023,0
2023-08-10 12:00:00,203,12,3,0,32,8,2023,0
2023-08-10 15:00:00,123,15,3,0,32,8,2023,0
2023-08-10 18:00:00,51,18,3,0,32,8,2023,0
2023-08-10 21:00:00,7,21,3,0,32,8,2023,0
2023-08-11 03:00:00,46,3,4,0,32,8,2023,0
2023-08-11 06:00:00,83,6,4,0,32,8,2023,0
2023-08-11 09:00:00,75,9,4,0,32,8,2023,0
2023-08-11 12:00:00,214,12,4,0,32,8,2023,0
2023-08-11 15:00:00,151,15,4,0,32,8,2023,0
2023-08-11 18:00:00,69,18,4,0,32,8,2023,0
2023-08-11 21:00:00,14,21,4,0,32,8,2023,0
2023-08-12 03:00:00,4,3,5,1,32,8,2023,0
2023-08-12 06:00:00,22,6,5,1,32,8,2023,0
2023-08-12 09:00:00,110,9,5,1,32,8,2023,0
2023-08-12 12:00:00,152,12,5,1,32,8,2023,0
2023-08-12 15:00:00,86,15,5,1,32,8,2023,0
2023-08-12 18:00:00,46,18,5,1,32,8,2023,0
2023-08-12 21:00:00,18,21,5,1,32,8,2023,0
2023-08-13 03:00:00,7,3,6,1,32,8,2023,0
2023-08-13 06:00:00,32,6,6,1,32,8,2023,0
2023-08-13 09:00:00,92,9,6,1,32,8,2023,0
2023-08-13 12:00:00,120,12,6,1,32,8,2023,0
2023-08-13 15:00:00,130,15,6,1,32,8,2023,0
2023-08-13 18:00:00,73,18,6,1,32,8,2023,0
2023-08-13 21:00:00,8,21,6,1,32,8,2023,0
2023-08-14 03:00:00,84,3,0,0,33,8,2023,0
2023-08-14 06:00:00,161,6,0,0,33,8,2023,0
2023-08-14 09:00:00,109,9,0,0,33,8,2023,0
2023-08-14 12:00:00,219,12,0,0,33,8,2023,0
2023-08-14 15:00:00,189,15,0,0,33,8,2023,0
2023-08-14 18:00:00,113,18,0,0,33,8,2023,0
2023-08-14 21:00:00,25,21,0,0,33,8,2023,0
2023-08-15 03:00:00,83,3,1,0,33,8,2023,0
2023-08-15 06:00:00,175,6,1,0,33,8,2023,0
2023-08-15 09:00:00,167,9,1,0,33,8,2023,0
2023-08-15 12:00:00,355,12,1,0,33,8,2023,0
2023-08-15 15:00:00,233,15,1,0,33,8,2023,0
2023-08-15 18:00:00,131,18,1,0,33,8,2023,0
2023-08-15 21:00:00,29,21,1,0,33,8,2023,0
2023-08-16 03:00:00,50,3,2,0,33,8,2023,0
2023-08-16 06:00:00,82,6,2,0,33,8,2023,0
2023-08-16 09:00:00,158,9,2,0,33,8,2023,0
2023-08-16 12:00:00,329,12,2,0,33,8,2023,0
2023-08-16 15:00:00,237,15,2,0,33,8,2023,0
2023-08-16 18:00:00,153,18,2,0,33,8,2023,0
2023-08-16 21:00:00,23,21,2,0,33,8,2023,0
2023-08-17 03:00:00,89,3,3,0,33,8,2023,0
2023-08-17 06:00:00,175,6,3,0,33,8,2023,0
2023-08-17 09:00:00,153,9,3,0,33,8,2023,0
2023-08-17 12:00:00,355,12,3,0,33,8,2023,0
2023-08-17 15:00:00,276,15,3,0,33,8,2023,0
2023-08-17 18:00:00,146,18,3,0,33,8,2023,0
2023-08-17 21:00:00,21,21,3,0,33,8,2023,0
2023-08-18 03:00:00,68,3,4,0,33,8,2023,0
2023-08-18 06:00:00,179,6,4,0,33,8,2023,0
2023-08-18 09:00:00,243,9,4,0,33,8,2023,0
2023-08-18 12:00:00,448,12,4,0,33,8,2023,0
2023-08-18 15:00:00,307,15,4,0,33,8,2023,0
2023-08-18 18:00:00,150,18,4,0,33,8,2023,0
2023-08-18 21:00:00,39,21,4,0,33,8,2023,0
2023-08-19 03:00:00,11,3,5,1,33,8,2023,0
2023-08-19 06:00:00,102,6,5,1,33,8,2023,0
2023-08-19 09:00:00,301,9,5,1,33,8,2023,0
2023-08-19 12:00:00,358,12,5,1,33,8,2023,0
2023-08-19 15:00:00,234,15,5,1,33,8,2023,0
2023-08-19 18:00:00,115,18,5,1,33,8,2023,0
2023-08-19 21:00:00,38,21,5,1,33,8,2023,0
2023-08-20 03:00:00,5,3,6,1,33,8,2023,0
2023-08-20 06:00:00,38,6,6,1,33,8,2023,0
2023-08-20 09:00:00,103,9,6,1,33,8,2023,0
2023-08-20 12:00:00,90,12,6,1,33,8,2023,0
2023-08-20 15:00:00,75,15,6,1,33,8,2023,0
2023-08-20 18:00:00,56,18,6,1,33,8,2023,0
2023-08-20 21:00:00,7,21,6,1,33,8,2023,0
2023-08-21 03:00:00,60,3,0,0,34,8,2023,0
2023-08-21 06:00:00,121,6,0,0,34,8,2023,0
2023-08-21 09:00:00,91,9,0,0,34,8,2023,0
2023-08-21 12:00:00,229,12,0,0,34,8,2023,0
2023-08-21 15:00:00,119,15,0,0,34,8,2023,0
2023-08-21 18:00:00,56,18,0,0,34,8,2023,0
2023-08-21 21:00:00,11,21,0,0,34,8,2023,0
2023-08-22 03:00:00,72,3,1,0,34,8,2023,0
2023-08-22 06:00:00,114,6,1,0,34,8,2023,0
2023-08-22 09:00:00,109,9,1,0,34,8,2023,0
2023-08-22 12:00:00,260,12,1,0,34,8,2023,0
2023-08-22 15:00:00,211,15,1,0,34,8,2023,0
2023-08-22 18:00:00,102,18,1,0,34,8,2023,0
2023-08-22 21:00:00,19,21,1,0,34,8,2023,0
2023-08-23 03:00:00,79,3,2,0,34,8,2023,0
2023-08-23 06:00:00,170,6,2,0,34,8,2023,0
2023-08-23 09:00:00,116,9,2,0,34,8,2023,0
2023-08-23 12:00:00,311,12,2,0,34,8,2023,0
2023-08-23 15:00:00,189,15,2,0,34,8,2023,0
2023-08-23 18:00:00,79,18,2,0,34,8,2023,0
2023-08-23 21:00:00,6,21,2,0,34,8,2023,0
2023-08-24 03:00:00,73,3,3,0,34,8,2023,0
2023-08-24 06:00:00,125,6,3,0,34,8,2023,0
2023-08-24 09:00:00,123,9,3,0,34,8,2023,0
2023-08-24 12:00:00,298,12,3,0,34,8,2023,0
2023-08-24 15:00:00,202,15,3,0,34,8,2023,0
2023-08-24 18:00:00,88,18,3,0,34,8,2023,0
2023-08-24 21:00:00,20,21,3,0,34,8,2023,0
2023-08-25 03:00:00,79,3,4,0,34,8,2023,0
2023-08-25 06:00:00,178,6,4,0,34,8,2023,0
2023-08-25 09:00:00,150,9,4,0,34,8,2023,0
2023-08-25 12:00:00,310,12,4,0,34,8,2023,0
2023-08-25 15:00:00,183,15,4,0,34,8,2023,0
2023-08-25 18:00:00,65,18,4,0,34,8,2023,0
2023-08-25 21:00:00,32,21,4,0,34,8,2023,0
2023-08-26 03:00:00,10,3,5,1,34,8,2023,0
2023-08-26 06:00:00,53,6,5,1,34,8,2023,0
2023-08-26 09:00:00,131,9,5,1,34,8,2023,0
2023-08-26 12:00:00,195,12,5,1,34,8,2023,0
2023-08-26 15:00:00,158,15,5,1,34,8,2023,0
2023-08-26 18:00:00,69,18,5,1,34,8,2023,0
2023-08-26 21:00:00,26,21,5,1,34,8,2023,0
2023-08-27 03:00:00,4,3,6,1,34,8,2023,0
2023-08-27 06:00:00,34,6,6,1,34,8,2023,0
2023-08-27 09:00:00,90,9,6,1,34,8,2023,0
2023-08-27 12:00:00,144,12,6,1,34,8,2023,0
2023-08-27 15:00:00,130,15,6,1,34,8,2023,0
2023-08-27 18:00:00,73,18,6,1,34,8,2023,0
2023-08-27 21:00:00,9,21,6,1,34,8,2023,0
2023-08-28 03:00:00,82,3,0,0,35,8,2023,0
2023-08-28 06:00:00,138,6,0,0,35,8,2023,0
2023-08-28 09:00:00,113,9,0,0,35,8,2023,0
2023-08-28 12:00:00,237,12,0,0,35,8,2023,0
2023-08-28 15:00:00,152,15,0,0,35,8,2023,0
2023-08-28 18:00:00,70,18,0,0,35,8,2023,0
2023-08-28 21:00:00,8,21,0,0,35,8,2023,0
2023-08-29 03:00:00,106,3,1,0,35,8,2023,0
2023-08-29 06:00:00,176,6,1,0,35,8,2023,0
2023-08-29 09:00:00,138,9,1,0,35,8,2023,0
2023-08-29 12:00:00,256,12,1,0,35,8,2023,0
2023-08-29 15:00:00,196,15,1,0,35,8,2023,0
2023-08-29 18:00:00,103,18,1,0,35,8,2023,0
2023-08-29 21:00:00,10,21,1,0,35,8,2023,0
2023-08-30 03:00:00,90,3,2,0,35,8,2023,0
2023-08-30 06:00:00,161,6,2,0,35,8,2023,0
2023-08-30 09:00:00,117,9,2,0,35,8,2023,0
2023-08-30 12:00:00,283,12,2,0,35,8,2023,0
2023-08-30 15:00:00,212,15,2,0,35,8,2023,0
2023-08-30 18:00:00,110,18,2,0,35,8,2023,0
2023-08-30 21:00:00,16,21,2,0,35,8,2023,0
2023-08-31 03:00:00,96,3,3,0,35,8,2023,0
2023-08-31 06:00:00,155,6,3,0,35,8,2023,0
2023-08-31 09:00:00,137,9,3,0,35,8,2023,0
2023-08-31 12:00:00,289,12,3,0,35,8,2023,0
2023-08-31 15:00:00,204,15,3,0,35,8,2023,0
2023-08-31 18:00:00,99,18,3,0,35,8,2023,0
2023-08-31 21:00:00,12,21,3,0,35,8,2023,0
2023-09-01 03:00:00,80,3,4,0,35,9,2023,0
2023-09-01 06:00:00,151,6,4,0,35,9,2023,0
2023-09-01 09:00:00,160,9,4,0,35,9,2023,0
2023-09-01 12:00:00,262,12,4,0,35,9,2023,0
2023-09-01 15:00:00,188,15,4,0,35,9,2023,0
2023-09-01 18:00:00,75,18,4,0,35,9,2023,0
2023-09-01 21:00:00,27,21,4,0,35,9,2023,0
2023-09-02 03:00:00,14,3,5,1,35,9,2023,0
2023-09-02 06:00:00,69,6,5,1,35,9,2023,0
2023-09-02 09:00:00,151,9,5,1,35,9,2023,0
2023-09-02 12:00:00,153,12,5,1,35,9,2023,0
2023-09-02 15:00:00,134,15,5,1,35,9,2023,0
2023-09-02 18:00:00,67,18,5,1,35,9,2023,0
2023-09-02 21:00:00,30,21,5,1,35,9,2023,0
2023-09-03 03:00:00,7,3,6,1,35,9,2023,0
2023-09-03 06:00:00,38,6,6,1,35,9,2023,0
2023-09-03 09:00:00,68,9,6,1,35,9,2023,0
2023-09-03 12:00:00,109,12,6,1,35,9,2023,0
2023-09-03 15:00:00,58,15,6,1,35,9,2023,0
2023-09-03 18:00:00,39,18,6,1,35,9,2023,0
2023-09-03 21:00:00,5,21,6,1,35,9,2023,0
2023-09-04 03:00:00,74,3,0,0,36,9,2023,0
2023-09-04 06:00:00,165,6,0,0,36,9,2023,0
2023-09-04 09:00:00,81,9,0,0,36,9,2023,0
2023-09-04 12:00:00,180,12,0,0,36,9,2023,0
2023-09-04 15:00:00,100,15,0,0,36,9,2023,0
2023-09-04 18:00:00,57,18,0,0,36,9,2023,0
2023-09-04 21:00:00,5,21,0,0,36,9,2023,0
2023-09-05 03:00:00,80,3,1,0,36,9,2023,0
2023-09-05 06:00:00,145,6,1,0,36,9,2023,0
2023-09-05 09:00:00,80,9,1,0,36,9,2023,0
2023-09-05 12:00:00,211,12,1,0,36,9,2023,0
2023-09-05 15:00:00,138,15,1,0,36,9,2023,0
2023-09-05 18:00:00,90,18,1,0,36,9,2023,0
2023-09-05 21:00:00,12,21,1,0,36,9,2023,0
2023-09-06 03:00:00,93,3,2,0,36,9,2023,0
2023-09-06 06:00:00,197,6,2,0,36,9,2023,0
2023-09-06 09:00:00,122,9,2,0,36,9,2023,0
2023-09-06 12:00:00,243,12,2,0,36,9,2023,0
2023-09-06 15:00:00,175,15,2,0,36,9,2023,0
2023-09-06 18:00:00,121,18,2,0,36,9,2023,0
2023-09-06 21:00:00,13,21,2,0,36,9,2023,0
2023-09-07 03:00:00,75,3,3,0,36,9,2023,0
2023-09-07 06:00:00,170,6,3,0,36,9,2023,0
2023-09-07 09:00:00,112,9,3,0,36,9,2023,0
2023-09-07 12:00:00,268,12,3,0,36,9,2023,0
2023-09-07 15:00:00,184,15,3,0,36,9,2023,0
2023-09-07 18:00:00,94,18,3,0,36,9,2023,0
2023-09-07 21:00:00,9,21,3,0,36,9,2023,0
2023-09-08 03:00:00,62,3,4,0,36,9,2023,0
2023-09-08 06:00:00,156,6,4,0,36,9,2023,0
2023-09-08 09:00:00,103,9,4,0,36,9,2023,0
2023-09-08 12:00:00,228,12,4,0,36,9,2023,0
2023-09-08 15:00:00,180,15,4,0,36,9,2023,0
2023-09-08 18:00:00,78,18,4,0,36,9,2023,0
2023-09-08 21:00:00,33,21,4,0,36,9,2023,0
2023-09-09 03:00:00,11,3,5,1,36,9,2023,0
2023-09-09 06:00:00,83,6,5,1,36,9,2023,0
2023-09-09 09:00:00,142,9,5,1,36,9,2023,0
2023-09-09 12:00:00,188,12,5,1,36,9,2023,0
2023-09-09 15:00:00,175,15,5,1,36,9,2023,0
2023-09-09 18:00:00,61,18,5,1,36,9,2023,0
2023-09-09 21:00:00,33,21,5,1,36,9,2023,0
2023-09-10 03:00:00,7,3,6,1,36,9,2023,0
2023-09-10 06:00:00,41,6,6,1,36,9,2023,0
2023-09-10 09:00:00,79,9,6,1,36,9,2023,0
2023-09-10 12:00:00,110,12,6,1,36,9,2023,0
2023-09-10 15:00:00,132,15,6,1,36,9,2023,0
2023-09-10 18:00:00,61,18,6,1,36,9,2023,0
2023-09-10 21:00:00,9,21,6,1,36,9,2023,0
2023-09-11 03:00:00,67,3,0,0,37,9,2023,0
2023-09-11 06:00:00,134,6,0,0,37,9,2023,0
2023-09-11 09:00:00,63,9,0,0,37,9,2023,0
2023-09-11 12:00:00,272,12,0,0,37,9,2023,0
2023-09-11 15:00:00,165,15,0,0,37,9,2023,0
2023-09-11 18:00:00,68,18,0,0,37,9,2023,0
2023-09-11 21:00:00,7,21,0,0,37,9,2023,0
2023-09-12 03:00:00,82,3,1,0,37,9,2023,0
2023-09-12 06:00:00,157,6,1,0,37,9,2023,0
2023-09-12 09:00:00,119,9,1,0,37,9,2023,0
2023-09-12 12:00:00,237,12,1,0,37,9,2023,0
2023-09-12 15:00:00,131,15,1,0,37,9,2023,0
2023-09-12 18:00:00,83,18,1,0,37,9,2023,0
2023-09-12 21:00:00,13,21,1,0,37,9,2023,0
2023-09-13 03:00:00,61,3,2,0,37,9,2023,0
2023-09-13 06:00:00,115,6,2,0,37,9,2023,0
2023-09-13 09:00:00,106,9,2,0,37,9,2023,0
2023-09-13 12:00:00,205,12,2,0,37,9,2023,0
2023-09-13 15:00:00,147,15,2,0,37,9,2023,0
2023-09-13 18:00:00,78,18,2,0,37,9,2023,0
2023-09-13 21:00:00,14,21,2,0,37,9,2023,0
2023-09-14 03:00:00,83,3,3,0,37,9,2023,0
2023-09-14 06:00:00,168,6,3,0,37,9,2023,0
2023-09-14 09:00:00,103,9,3,0,37,9,2023,0
2023-09-14 12:00:00,244,12,3,0,37,9,2023,0
2023-09-14 15:00:00,177,15,3,0,37,9,2023,0
2023-09-14 18:00:00,74,18,3,0,37,9,2023,0
2023-09-14 21:00:00,12,21,3,0,37,9,2023,0
2023-09-15 03:00:00,68,3,4,0,37,9,2023,0
2023-09-15 06:00:00,177,6,4,0,37,9,2023,0
2023-09-15 09:00:00,117,9,4,0,37,9,2023,0
2023-09-15 12:00:00,280,12,4,0,37,9,2023,0
2023-09-15 15:00:00,195,15,4,0,37,9,2023,0
2023-09-15 18:00:00,82,18,4,0,37,9,2023,0
2023-09-15 21:00:00,28,21,4,0,37,9,2023,0
2023-09-16 03:00:00,11,3,5,1,37,9,2023,0
2023-09-16 06:00:00,63,6,5,1,37,9,2023,0
2023-09-16 09:00:00,100,9,5,1,37,9,2023,0
2023-09-16 12:00:00,138,12,5,1,37,9,2023,0
2023-09-16 15:00:00,106,15,5,1,37,9,2023,0
2023-09-16 18:00:00,42,18,5,1,37,9,2023,0
2023-09-16 21:00:00,18,21,5,1,37,9,2023,0
2023-09-17 03:00:00,7,3,6,1,37,9,2023,0
2023-09-17 06:00:00,34,6,6,1,37,9,2023,0
2023-09-17 09:00:00,126,9,6,1,37,9,2023,0
2023-09-17 12:00:00,173,12,6,1,37,9,2023,0
2023-09-17 15:00:00,107,15,6,1,37,9,2023,0
2023-09-17 18:00:00,69,18,6,1,37,9,2023,0
2023-09-17 21:00:00,4,21,6,1,37,9,2023,0
2023-09-18 03:00:00,74,3,0,0,38,9,2023,0
2023-09-18 06:00:00,154,6,0,0,38,9,2023,0
2023-09-18 09:00:00,71,9,0,0,38,9,2023,0
2023-09-18 12:00:00,198,12,0,0,38,9,2023,0
2023-09-18 15:00:00,170,15,0,0,38,9,2023,0
2023-09-18 18:00:00,62,18,0,0,38,9,2023,0
2023-09-18 21:00:00,7,21,0,0,38,9,2023,0
2023-09-19 03:00:00,89,3,1,0,38,9,2023,0
2023-09-19 06:00:00,180,6,1,0,38,9,2023,0
2023-09-19 09:00:00,105,9,1,0,38,9,2023,0
2023-09-19 12:00:00,128,12,1,0,38,9,2023,0
2023-09-19 15:00:00,82,15,1,0,38,9,2023,0
2023-09-19 18:00:00,36,18,1,0,38,9,2023,0
2023-09-19 21:00:00,2,21,1,0,38,9,2023,0
2023-09-20 03:00:00,59,3,2,0,38,9,2023,0
2023-09-20 06:00:00,119,6,2,0,38,9,2023,0
2023-09-20 09:00:00,74,9,2,0,38,9,2023,0
2023-09-20 12:00:00,239,12,2,0,38,9,2023,0
2023-09-20 15:00:00,190,15,2,0,38,9,2023,0
2023-09-20 18:00:00,63,18,2,0,38,9,2023,0
2023-09-20 21:00:00,13,21,2,0,38,9,2023,0
2023-09-21 03:00:00,66,3,3,0,38,9,2023,0
2023-09-21 06:00:00,125,6,3,0,38,9,2023,0
2023-09-21 09:00:00,46,9,3,0,38,9,2023,0
2023-09-21 12:00:00,139,12,3,0,38,9,2023,0
2023-09-21 15:00:00,161,15,3,0,38,9,2023,0
2023-09-21 18:00:00,84,18,3,0,38,9,2023,0
2023-09-21 21:00:00,14,21,3,0,38,9,2023,0
2023-09-22 03:00:00,53,3,4,0,38,9,2023,0
2023-09-22 06:00:00,84,6,4,0,38,9,2023,0
2023-09-22 09:00:00,63,9,4,0,38,9,2023,0
2023-09-22 12:00:00,160,12,4,0,38,9,2023,0
2023-09-22 15:00:00,135,15,4,0,38,9,2023,0
2023-09-22 18:00:00,54,18,4,0,38,9,2023,0
2023-09-22 21:00:00,20,21,4,0,38,9,2023,0
2023-09-23 03:00:00,3,3,5,1,38,9,2023,0
2023-09-23 06:00:00,65,6,5,1,38,9,2023,0
2023-09-23 09:00:00,140,9,5,1,38,9,2023,0
2023-09-23 12:00:00,172,12,5,1,38,9,2023,0
2023-09-23 15:00:00,122,15,5,1,38,9,2023,0
2023-09-23 18:00:00,35,18,5,1,38,9,2023,0
2023-09-23 21:00:00,19,21,5,1,38,9,2023,0
2023-09-24 03:00:00,9,3,6,1,38,9,2023,0
2023-09-24 06:00:00,39,6,6,1,38,9,2023,0
2023-09-24 09:00:00,94,9,6,1,38,9,2023,0
2023-09-24 12:00:00,166,12,6,1,38,9,2023,0
2023-09-24 15:00:00,102,15,6,1,38,9,2023,0
2023-09-24 18:00:00,52,18,6,1,38,9,2023,0
2023-09-24 21:00:00,5,21,6,1,38,9,2023,0
2023-09-25 03:00:00,63,3,0,0,39,9,2023,0
2023-09-25 06:00:00,100,6,0,0,39,9,2023,0
2023-09-25 09:00:00,52,9,0,0,39,9,2023,0
2023-09-25 12:00:00,214,12,0,0,39,9,2023,0
2023-09-25 15:00:00,162,15,0,0,39,9,2023,0
2023-09-25 18:00:00,68,18,0,0,39,9,2023,0
2023-09-25 21:00:00,7,21,0,0,39,9,2023,0
2023-09-26 03:00:00,84,3,1,0,39,9,2023,0
2023-09-26 06:00:00,154,6,1,0,39,9,2023,0
2023-09-26 09:00:00,92,9,1,0,39,9,2023,0
2023-09-26 12:00:00,228,12,1,0,39,9,2023,0
2023-09-26 15:00:00,185,15,1,0,39,9,2023,0
2023-09-26 18:00:00,103,18,1,0,39,9,2023,0
2023-09-26 21:00:00,9,21,1,0,39,9,2023,0
2023-09-27 03:00:00,89,3,2,0,39,9,2023,0
2023-09-27 06:00:00,155,6,2,0,39,9,2023,0
2023-09-27 09:00:00,92,9,2,0,39,9,2023,0
2023-09-27 12:00:00,102,12,2,0,39,9,2023,0
2023-09-27 15:00:00,150,15,2,0,39,9,2023,0
2023-09-27 18:00:00,73,18,2,0,39,9,2023,0
2023-09-27 21:00:00,13,21,2,0,39,9,2023,0
2023-09-28 03:00:00,88,3,3,0,39,9,2023,0
2023-09-28 06:00:00,147,6,3,0,39,9,2023,0
2023-09-28 09:00:00,84,9,3,0,39,9,2023,0
2023-09-28 12:00:00,225,12,3,0,39,9,2023,0
2023-09-28 15:00:00,144,15,3,0,39,9,2023,0
2023-09-28 18:00:00,76,18,3,0,39,9,2023,0
2023-09-28 21:00:00,8,21,3,0,39,9,2023,0
2023-09-29 03:00:00,71,3,4,0,39,9,2023,0
2023-09-29 06:00:00,120,6,4,0,39,9,2023,0
2023-09-29 09:00:00,83,9,4,0,39,9,2023,0
2023-09-29 12:00:00,208,12,4,0,39,9,2023,0
2023-09-29 15:00:00,130,15,4,0,39,9,2023,0
2023-09-29 18:00:00,67,18,4,0,39,9,2023,0
2023-09-29 21:00:00,14,21,4,0,39,9,2023,0
2023-09-30 03:00:00,7,3,5,1,39,9,2023,0
2023-09-30 06:00:00,36,6,5,1,39,9,2023,0
2023-09-30 09:00:00,77,9,5,1,39,9,2023,0
2023-09-30 12:00:00,103,12,5,1,39,9,2023,0
2023-09-30 15:00:00,88,15,5,1,39,9,2023,0
2023-09-30 18:00:00,29,18,5,1,39,9,2023,0
2023-09-30 21:00:00,10,21,5,1,39,9,2023,0
2023-10-01 03:00:00,9,3,6,1,39,10,2023,0
2023-10-01 06:00:00,30,6,6,1,39,10,2023,0
2023-10-01 09:00:00,91,9,6,1,39,10,2023,0
2023-10-01 12:00:00,92,12,6,1,39,10,2023,0
2023-10-01 15:00:00,97,15,6,1,39,10,2023,0
2023-10-01 18:00:00,46,18,6,1,39,10,2023,0
2023-10-01 21:00:00,5,21,6,1,39,10,2023,0
2023-10-02 03:00:00,69,3,0,0,40,10,2023,0
2023-10-02 06:00:00,149,6,0,0,40,10,2023,0
2023-10-02 09:00:00,111,9,0,0,40,10,2023,0
2023-10-02 12:00:00,243,12,0,0,40,10,2023,0
2023-10-02 15:00:00,179,15,0,0,40,10,2023,0
2023-10-02 18:00:00,66,18,0,0,40,10,2023,0
2023-10-02 21:00:00,10,21,0,0,40,10,2023,0
2023-10-03 03:00:00,80,3,1,0,40,10,2023,0
2023-10-03 06:00:00,151,6,1,0,40,10,2023,0
2023-10-03 09:00:00,106,9,1,0,40,10,2023,0
2023-10-03 12:00:00,254,12,1,0,40,10,2023,0
2023-10-03 15:00:00,190,15,1,0,40,10,2023,0
2023-10-03 18:00:00,99,18,1,0,40,10,2023,0
2023-10-03 21:00:00,10,21,1,0,40,10,2023,0
2023-10-04 03:00:00,70,3,2,0,40,10,2023,0
2023-10-04 06:00:00,100,6,2,0,40,10,2023,0
2023-10-04 09:00:00,80,9,2,0,40,10,2023,0
2023-10-04 12:00:00,156,12,2,0,40,10,2023,0
2023-10-04 15:00:00,95,15,2,0,40,10,2023,0
2023-10-04 18:00:00,74,18,2,0,40,10,2023,0
2023-10-04 21:00:00,16,21,2,0,40,10,2023,0
2023-10-05 03:00:00,82,3,3,0,40,10,2023,0
2023-10-05 06:00:00,135,6,3,0,40,10,2023,0
2023-10-05 09:00:00,118,9,3,0,40,10,2023,0
2023-10-05 12:00:00,242,12,3,0,40,10,2023,0
2023-10-05 15:00:00,165,15,3,0,40,10,2023,0
2023-10-05 18:00:00,73,18,3,0,40,10,2023,0
2023-10-05 21:00:00,17,21,3,0,40,10,2023,0
2023-10-06 03:00:00,65,3,4,0,40,10,2023,0
2023-10-06 06:00:00,129,6,4,0,40,10,2023,0
2023-10-06 09:00:00,100,9,4,0,40,10,2023,0
2023-10-06 12:00:00,114,12,4,0,40,10,2023,0
2023-10-06 15:00:00,74,15,4,0,40,10,2023,0
2023-10-06 18:00:00,46,18,4,0,40,10,2023,0
2023-10-06 21:00:00,11,21,4,0,40,10,2023,0
2023-10-07 03:00:00,6,3,5,1,40,10,2023,0
2023-10-07 06:00:00,30,6,5,1,40,10,2023,0
2023-10-07 09:00:00,64,9,5,1,40,10,2023,0
2023-10-07 12:00:00,83,12,5,1,40,10,2023,0
2023-10-07 15:00:00,58,15,5,1,40,10,2023,0
2023-10-07 18:00:00,23,18,5,1,40,10,2023,0
2023-10-07 21:00:00,8,21,5,1,40,10,2023,0
2023-10-08 03:00:00,5,3,6,1,40,10,2023,0
2023-10-08 06:00:00,28,6,6,1,40,10,2023,0
2023-10-08 09:00:00,82,9,6,1,40,10,2023,0
2023-10-08 12:00:00,69,12,6,1,40,10,2023,0
2023-10-08 15:00:00,83,15,6,1,40,10,2023,0
2023-10-08 18:00:00,35,18,6,1,40,10,2023,0
2023-10-08 21:00:00,4,21,6,1,40,10,2023,0
2023-10-09 03:00:00,69,3,0,0,41,10,2023,0
2023-10-09 06:00:00,112,6,0,0,41,10,2023,0
2023-10-09 09:00:00,77,9,0,0,41,10,2023,0
2023-10-09 12:00:00,177,12,0,0,41,10,2023,0
2023-10-09 15:00:00,111,15,0,0,41,10,2023,0
2023-10-09 18:00:00,44,18,0,0,41,10,2023,0
2023-10-09 21:00:00,4,21,0,0,41,10,2023,0
2023-10-10 03:00:00,60,3,1,0,41,10,2023,0
2023-10-10 06:00:00,136,6,1,0,41,10,2023,0
2023-10-10 09:00:00,90,9,1,0,41,10,2023,0
2023-10-10 12:00:00,176,12,1,0,41,10,2023,0
2023-10-10 15:00:00,54,15,1,0,41,10,2023,0
2023-10-10 18:00:00,63,18,1,0,41,10,2023,0
2023-10-10 21:00:00,3,21,1,0,41,10,2023,0
2023-10-11 03:00:00,55,3,2,0,41,10,2023,0
2023-10-11 06:00:00,128,6,2,0,41,10,2023,0
2023-10-11 09:00:00,87,9,2,0,41,10,2023,0
2023-10-11 12:00:00,235,12,2,0,41,10,2023,0
2023-10-11 15:00:00,149,15,2,0,41,10,2023,0
2023-10-11 18:00:00,80,18,2,0,41,10,2023,0
2023-10-11 21:00:00,5,21,2,0,41,10,2023,0
2023-10-12 03:00:00,43,3,3,0,41,10,2023,0
2023-10-12 06:00:00,76,6,3,0,41,10,2023,0
2023-10-12 09:00:00,56,9,3,0,41,10,2023,0
2023-10-12 12:00:00,158,12,3,0,41,10,2023,0
2023-10-12 15:00:00,87,15,3,0,41,10,2023,0
2023-10-12 18:00:00,46,18,3,0,41,10,2023,0
2023-10-12 21:00:00,10,21,3,0,41,10,2023,0
2023-10-13 03:00:00,35,3,4,0,41,10,2023,0
2023-10-13 06:00:00,94,6,4,0,41,10,2023,0
2023-10-13 09:00:00,48,9,4,0,41,10,2023,0
2023-10-13 12:00:00,175,12,4,0,41,10,2023,0
2023-10-13 15:00:00,113,15,4,0,41,10,2023,0
2023-10-13 18:00:00,60,18,4,0,41,10,2023,0
2023-10-13 21:00:00,14,21,4,0,41,10,2023,0
2023-10-14 03:00:00,5,3,5,1,41,10,2023,0
2023-10-14 06:00:00,32,6,5,1,41,10,2023,0
2023-10-14 09:00:00,74,9,5,1,41,10,2023,0
2023-10-14 12:00:00,75,12,5,1,41,10,2023,0
2023-10-14 15:00:00,60,15,5,1,41,10,2023,0
2023-10-14 18:00:00,19,18,5,1,41,10,2023,0
2023-10-14 21:00:00,9,21,5,1,41,10,2023,0
2023-10-15 03:00:00,7,3,6,1,41,10,2023,0
2023-10-15 06:00:00,28,6,6,1,41,10,2023,0
2023-10-15 09:00:00,60,9,6,1,41,10,2023,0
2023-10-15 12:00:00,79,12,6,1,41,10,2023,0
2023-10-15 15:00:00,77,15,6,1,41,10,2023,0
2023-10-15 18:00:00,43,18,6,1,41,10,2023,0
2023-10-15 21:00:00,5,21,6,1,41,10,2023,0
2023-10-16 03:00:00,37,3,0,0,42,10,2023,0
2023-10-16 06:00:00,80,6,0,0,42,10,2023,0
2023-10-16 09:00:00,33,9,0,0,42,10,2023,0
2023-10-16 12:00:00,92,12,0,0,42,10,2023,0
2023-10-16 15:00:00,74,15,0,0,42,10,2023,0
2023-10-16 18:00:00,33,18,0,0,42,10,2023,0
2023-10-16 21:00:00,4,21,0,0,42,10,2023,0
2023-10-17 03:00:00,39,3,1,0,42,10,2023,0
2023-10-17 06:00:00,72,6,1,0,42,10,2023,0
2023-10-17 09:00:00,28,9,1,0,42,10,2023,0
2023-10-17 12:00:00,147,12,1,0,42,10,2023,0
2023-10-17 15:00:00,80,15,1,0,42,10,2023,0
2023-10-17 18:00:00,62,18,1,0,42,10,2023,0
2023-10-17 21:00:00,4,21,1,0,42,10,2023,0
2023-10-18 03:00:00,51,3,2,0,42,10,2023,0
2023-10-18 06:00:00,127,6,2,0,42,10,2023,0
2023-10-18 09:00:00,80,9,2,0,42,10,2023,0
2023-10-18 12:00:00,189,12,2,0,42,10,2023,0
2023-10-18 15:00:00,133,15,2,0,42,10,2023,0
2023-10-18 18:00:00,63,18,2,0,42,10,2023,0
2023-10-18 21:00:00,5,21,2,0,42,10,2023,0
2023-10-19 03:00:00,38,3,3,0,42,10,2023,0
2023-10-19 06:00:00,87,6,3,0,42,10,2023,0
2023-10-19 09:00:00,87,9,3,0,42,10,2023,0
2023-10-19 12:00:00,183,12,3,0,42,10,2023,0
2023-10-19 15:00:00,120,15,3,0,42,10,2023,0
2023-10-19 18:00:00,59,18,3,0,42,10,2023,0
2023-10-19 21:00:00,9,21,3,0,42,10,2023,0
2023-10-20 03:00:00,39,3,4,0,42,10,2023,0
2023-10-20 06:00:00,116,6,4,0,42,10,2023,0
2023-10-20 09:00:00,84,9,4,0,42,10,2023,0
2023-10-20 12:00:00,165,12,4,0,42,10,2023,0
2023-10-20 15:00:00,91,15,4,0,42,10,2023,0
2023-10-20 18:00:00,44,18,4,0,42,10,2023,0
2023-10-20 21:00:00,14,21,4,0,42,10,2023,0
2023-10-21 03:00:00,7,3,5,1,42,10,2023,0
2023-10-21 06:00:00,67,6,5,1,42,10,2023,0
2023-10-21 09:00:00,110,9,5,1,42,10,2023,0
2023-10-21 12:00:00,133,12,5,1,42,10,2023,0
2023-10-21 15:00:00,68,15,5,1,42,10,2023,0
2023-10-21 18:00:00,27,18,5,1,42,10,2023,0
2023-10-21 21:00:00,13,21,5,1,42,10,2023,0
2023-10-22 03:00:00,7,3,6,1,42,10,2023,0
2023-10-22 06:00:00,30,6,6,1,42,10,2023,0
2023-10-22 09:00:00,101,9,6,1,42,10,2023,0
2023-10-22 12:00:00,117,12,6,1,42,10,2023,0
2023-10-22 15:00:00,93,15,6,1,42,10,2023,0
2023-10-22 18:00:00,46,18,6,1,42,10,2023,0
2023-10-22 21:00:00,10,21,6,1,42,10,2023,0
2023-10-23 03:00:00,56,3,0,0,43,10,2023,0
2023-10-23 06:00:00,116,6,0,0,43,10,2023,0
2023-10-23 09:00:00,66,9,0,0,43,10,2023,0
2023-10-23 12:00:00,171,12,0,0,43,10,2023,0
2023-10-23 15:00:00,137,15,0,0,43,10,2023,0
2023-10-23 18:00:00,76,18,0,0,43,10,2023,0
2023-10-23 21:00:00,5,21,0,0,43,10,2023,0
2023-10-24 03:00:00,49,3,1,0,43,10,2023,0
2023-10-24 06:00:00,107,6,1,0,43,10,2023,0
2023-10-24 09:00:00,58,9,1,0,43,10,2023,0
2023-10-24 12:00:00,178,12,1,0,43,10,2023,0
2023-10-24 15:00:00,141,15,1,0,43,10,2023,0
2023-10-24 18:00:00,81,18,1,0,43,10,2023,0
2023-10-24 21:00:00,7,21,1,0,43,10,2023,0
2023-10-25 03:00:00,51,3,2,0,43,10,2023,0
2023-10-25 06:00:00,77,6,2,0,43,10,2023,0
2023-10-25 09:00:00,54,9,2,0,43,10,2023,0
2023-10-25 12:00:00,149,12,2,0,43,10,2023,0
2023-10-25 15:00:00,103,15,2,0,43,10,2023,0
2023-10-25 18:00:00,43,18,2,0,43,10,2023,0
2023-10-25 21:00:00,8,21,2,0,43,10,2023,0
2023-10-26 03:00:00,47,3,3,0,43,10,2023,0
2023-10-26 06:00:00,71,6,3,0,43,10,2023,0
2023-10-26 09:00:00,81,9,3,0,43,10,2023,0
2023-10-26 12:00:00,153,12,3,0,43,10,2023,0
2023-10-26 15:00:00,136,15,3,0,43,10,2023,0
2023-10-26 18:00:00,69,18,3,0,43,10,2023,0
2023-10-26 21:00:00,12,21,3,0,43,10,2023,0
2023-10-27 03:00:00,47,3,4,0,43,10,2023,0
2023-10-27 06:00:00,98,6,4,0,43,10,2023,0
2023-10-27 09:00:00,91,9,4,0,43,10,2023,0
2023-10-27 12:00:00,173,12,4,0,43,10,2023,0
2023-10-27 15:00:00,80,15,4,0,43,10,2023,0
2023-10-27 18:00:00,17,18,4,0,43,10,2023,0
2023-10-27 21:00:00,6,21,4,0,43,10,2023,0
2023-10-28 03:00:00,6,3,5,1,43,10,2023,0
2023-10-28 06:00:00,25,6,5,1,43,10,2023,0
2023-10-28 09:00:00,82,9,5,1,43,10,2023,0
2023-10-28 12:00:00,126,12,5,1,43,10,2023,0
2023-10-28 15:00:00,65,15,5,1,43,10,2023,0
2023-10-28 18:00:00,27,18,5,1,43,10,2023,0
2023-10-28 21:00:00,4,21,5,1,43,10,2023,0
2023-10-29 03:00:00,3,3,6,1,43,10,2023,0
2023-10-29 06:00:00,23,6,6,1,43,10,2023,0
2023-10-29 09:00:00,67,9,6,1,43,10,2023,0
2023-10-29 12:00:00,75,12,6,1,43,10,2023,0
2023-10-29 15:00:00,66,15,6,1,43,10,2023,0
2023-10-29 18:00:00,46,18,6,1,43,10,2023,0
2023-10-29 21:00:00,17,21,6,1,43,10,2023,0
2023-10-30 03:00:00,9,3,0,0,44,10,2023,0
2023-10-30 06:00:00,100,6,0,0,44,10,2023,0
2023-10-30 09:00:00,64,9,0,0,44,10,2023,0
2023-10-30 12:00:00,97,12,0,0,44,10,2023,0
2023-10-30 15:00:00,118,15,0,0,44,10,2023,0
2023-10-30 18:00:00,59,18,0,0,44,10,2023,0
2023-10-30 21:00:00,17,21,0,0,44,10,2023,0
2023-10-31 03:00:00,3,3,1,0,44,10,2023,0
2023-10-31 06:00:00,96,6,1,0,44,10,2023,0
2023-10-31 09:00:00,39,9,1,0,44,10,2023,0
2023-10-31 12:00:00,80,12,1,0,44,10,2023,0
2023-10-31 15:00:00,116,15,1,0,44,10,2023,0
2023-10-31 18:00:00,56,18,1,0,44,10,2023,0
2023-10-31 21:00:00,15,21,1,0,44,10,2023,0
2023-11-01 03:00:00,10,3,2,0,44,11,2023,1
2023-11-01 06:00:00,101,6,2,0,44,11,2023,1
2023-11-01 09:00:00,44,9,2,0,44,11,2023,1
2023-11-01 12:00:00,84,12,2,0,44,11,2023,1
2023-11-01 15:00:00,142,15,2,0,44,11,2023,1
2023-11-01 18:00:00,63,18,2,0,44,11,2023,1
2023-11-01 21:00:00,21,21,2,0,44,11,2023,1
2023-11-02 03:00:00,7,3,3,0,44,11,2023,1
2023-11-02 06:00:00,121,6,3,0,44,11,2023,1
2023-11-02 09:00:00,48,9,3,0,44,11,2023,1
2023-11-02 12:00:00,83,12,3,0,44,11,2023,1
2023-11-02 15:00:00,104,15,3,0,44,11,2023,1
2023-11-02 18:00:00,50,18,3,0,44,11,2023,1
2023-11-02 21:00:00,34,21,3,0,44,11,2023,1
2023-11-03 03:00:00,10,3,4,0,44,11,2023,1
2023-11-03 06:00:00,90,6,4,0,44,11,2023,1
2023-11-03 09:00:00,65,9,4,0,44,11,2023,1
2023-11-03 12:00:00,91,12,4,0,44,11,2023,1
2023-11-03 15:00:00,86,15,4,0,44,11,2023,1
2023-11-03 18:00:00,22,18,4,0,44,11,2023,1
2023-11-03 21:00:00,11,21,4,0,44,11,2023,1
2023-11-04 06:00:00,8,6,5,1,44,11,2023,1
2023-11-04 09:00:00,45,9,5,1,44,11,2023,1
2023-11-04 12:00:00,71,12,5,1,44,11,2023,1
2023-11-04 15:00:00,72,15,5,1,44,11,2023,1
2023-11-04 18:00:00,29,18,5,1,44,11,2023,1
2023-11-04 21:00:00,14,21,5,1,44,11,2023,1
2023-11-05 03:00:00,1,3,6,1,44,11,2023,1
2023-11-05 06:00:00,18,6,6,1,44,11,2023,1
2023-11-05 09:00:00,44,9,6,1,44,11,2023,1
2023-11-05 12:00:00,45,12,6,1,44,11,2023,1
2023-11-05 15:00:00,63,15,6,1,44,11,2023,1
2023-11-05 18:00:00,47,18,6,1,44,11,2023,1
2023-11-05 21:00:00,12,21,6,1,44,11,2023,1
2023-11-06 03:00:00,5,3,0,0,45,11,2023,1
2023-11-06 06:00:00,86,6,0,0,45,11,2023,1
2023-11-06 09:00:00,46,9,0,0,45,11,2023,1
2023-11-06 12:00:00,70,12,0,0,45,11,2023,1
2023-11-06 15:00:00,88,15,0,0,45,11,2023,1
2023-11-06 18:00:00,33,18,0,0,45,11,2023,1
2023-11-06 21:00:00,12,21,0,0,45,11,2023,1
2023-11-07 03:00:00,9,3,1,0,45,11,2023,1
2023-11-07 06:00:00,98,6,1,0,45,11,2023,1
2023-11-07 09:00:00,49,9,1,0,45,11,2023,1
2023-11-07 12:00:00,70,12,1,0,45,11,2023,1
2023-11-07 15:00:00,101,15,1,0,45,11,2023,1
2023-11-07 18:00:00,60,18,1,0,45,11,2023,1
2023-11-07 21:00:00,12,21,1,0,45,11,2023,1
2023-11-08 03:00:00,13,3,2,0,45,11,2023,1
2023-11-08 06:00:00,84,6,2,0,45,11,2023,1
2023-11-08 09:00:00,44,9,2,0,45,11,2023,1
2023-11-08 12:00:00,77,12,2,0,45,11,2023,1
2023-11-08 15:00:00,92,15,2,0,45,11,2023,1
2023-11-08 18:00:00,52,18,2,0,45,11,2023,1
2023-11-08 21:00:00,16,21,2,0,45,11,2023,1
2023-11-09 03:00:00,5,3,3,0,45,11,2023,1
2023-11-09 06:00:00,63,6,3,0,45,11,2023,1
2023-11-09 09:00:00,35,9,3,0,45,11,2023,1
2023-11-09 12:00:00,72,12,3,0,45,11,2023,1
2023-11-09 15:00:00,112,15,3,0,45,11,2023,1
2023-11-09 18:00:00,61,18,3,0,45,11,2023,1
2023-11-09 21:00:00,8,21,3,0,45,11,2023,1
2023-11-10 03:00:00,8,3,4,0,45,11,2023,1
2023-11-10 06:00:00,90,6,4,0,45,11,2023,1
2023-11-10 09:00:00,57,9,4,0,45,11,2023,1
2023-11-10 12:00:00,79,12,4,0,45,11,2023,1
2023-11-10 15:00:00,87,15,4,0,45,11,2023,1
2023-11-10 18:00:00,36,18,4,0,45,11,2023,1
2023-11-10 21:00:00,16,21,4,0,45,11,2023,1
2023-11-11 03:00:00,2,3,5,1,45,11,2023,1
2023-11-11 06:00:00,15,6,5,1,45,11,2023,1
2023-11-11 09:00:00,66,9,5,1,45,11,2023,1
2023-11-11 12:00:00,70,12,5,1,45,11,2023,1
2023-11-11 15:00:00,62,15,5,1,45,11,2023,1
2023-11-11 18:00:00,36,18,5,1,45,11,2023,1
2023-11-11 21:00:00,19,21,5,1,45,11,2023,1
2023-11-12 03:00:00,2,3,6,1,45,11,2023,1
2023-11-12 06:00:00,19,6,6,1,45,11,2023,1
2023-11-12 09:00:00,62,9,6,1,45,11,2023,1
2023-11-12 12:00:00,80,12,6,1,45,11,2023,1
2023-11-12 15:00:00,57,15,6,1,45,11,2023,1
2023-11-12 18:00:00,37,18,6,1,45,11,2023,1
2023-11-12 21:00:00,7,21,6,1,45,11,2023,1
2023-11-13 03:00:00,6,3,0,0,46,11,2023,1
2023-11-13 06:00:00,74,6,0,0,46,11,2023,1
2023-11-13 09:00:00,31,9,0,0,46,11,2023,1
2023-11-13 12:00:00,46,12,0,0,46,11,2023,1
2023-11-13 15:00:00,82,15,0,0,46,11,2023,1
2023-11-13 18:00:00,40,18,0,0,46,11,2023,1
2023-11-13 21:00:00,7,21,0,0,46,11,2023,1
2023-11-14 03:00:00,5,3,1,0,46,11,2023,1
2023-11-14 06:00:00,81,6,1,0,46,11,2023,1
2023-11-14 09:00:00,40,9,1,0,46,11,2023,1
2023-11-14 12:00:00,58,12,1,0,46,11,2023,1
2023-11-14 15:00:00,63,15,1,0,46,11,2023,1
2023-11-14 18:00:00,42,18,1,0,46,11,2023,1
2023-11-14 21:00:00,10,21,1,0,46,11,2023,1
2023-11-15 03:00:00,5,3,2,0,46,11,2023,1
2023-11-15 06:00:00,71,6,2,0,46,11,2023,1
2023-11-15 09:00:00,50,9,2,0,46,11,2023,1
2023-11-15 12:00:00,68,12,2,0,46,11,2023,1
2023-11-15 15:00:00,84,15,2,0,46,11,2023,1
2023-11-15 18:00:00,50,18,2,0,46,11,2023,1
2023-11-15 21:00:00,10,21,2,0,46,11,2023,1
2023-11-16 03:00:00,3,3,3,0,46,11,2023,1
2023-11-16 06:00:00,70,6,3,0,46,11,2023,1
2023-11-16 09:00:00,38,9,3,0,46,11,2023,1
2023-11-16 12:00:00,48,12,3,0,46,11,2023,1
2023-11-16 15:00:00,58,15,3,0,46,11,2023,1
2023-11-16 18:00:00,37,18,3,0,46,11,2023,1
2023-11-16 21:00:00,10,21,3,0,46,11,2023,1
2023-11-17 03:00:00,3,3,4,0,46,11,2023,1
2023-11-17 06:00:00,68,6,4,0,46,11,2023,1
2023-11-17 09:00:00,40,9,4,0,46,11,2023,1
2023-11-17 12:00:00,53,12,4,0,46,11,2023,1
2023-11-17 15:00:00,71,15,4,0,46,11,2023,1
2023-11-17 18:00:00,23,18,4,0,46,11,2023,1
2023-11-17 21:00:00,15,21,4,0,46,11,2023,1
2023-11-18 03:00:00,1,3,5,1,46,11,2023,1
2023-11-18 06:00:00,16,6,5,1,46,11,2023,1
2023-11-18 09:00:00,37,9,5,1,46,11,2023,1
2023-11-18 12:00:00,28,12,5,1,46,11,2023,1
2023-11-18 15:00:00,39,15,5,1,46,11,2023,1
2023-11-18 18:00:00,16,18,5,1,46,11,2023,1
2023-11-18 21:00:00,4,21,5,1,46,11,2023,1
2023-11-19 03:00:00,2,3,6,1,46,11,2023,1
2023-11-19 06:00:00,11,6,6,1,46,11,2023,1
2023-11-19 09:00:00,29,9,6,1,46,11,2023,1
2023-11-19 12:00:00,33,12,6,1,46,11,2023,1
2023-11-19 15:00:00,28,15,6,1,46,11,2023,1
2023-11-19 18:00:00,15,18,6,1,46,11,2023,1
2023-11-19 21:00:00,7,21,6,1,46,11,2023,1
2023-11-20 03:00:00,3,3,0,0,47,11,2023,1
2023-11-20 06:00:00,53,6,0,0,47,11,2023,1
2023-11-20 09:00:00,12,9,0,0,47,11,2023,1
2023-11-20 12:00:00,27,12,0,0,47,11,2023,1
2023-11-20 15:00:00,41,15,0,0,47,11,2023,1
2023-11-20 18:00:00,25,18,0,0,47,11,2023,1
2023-11-20 21:00:00,6,21,0,0,47,11,2023,1
2023-11-21 03:00:00,4,3,1,0,47,11,2023,1
2023-11-21 06:00:00,46,6,1,0,47,11,2023,1
2023-11-21 09:00:00,9,9,1,0,47,11,2023,1
2023-11-21 12:00:00,26,12,1,0,47,11,2023,1
2023-11-21 15:00:00,43,15,1,0,47,11,2023,1
2023-11-21 18:00:00,26,18,1,0,47,11,2023,1
2023-11-21 21:00:00,5,21,1,0,47,11,2023,1
2023-11-22 03:00:00,2,3,2,0,47,11,2023,1
2023-11-22 06:00:00,35,6,2,0,47,11,2023,1
2023-11-22 09:00:00,4,9,2,0,47,11,2023,1
2023-11-22 12:00:00,10,12,2,0,47,11,2023,1
2023-11-22 15:00:00,11,15,2,0,47,11,2023,1
2023-11-22 18:00:00,7,18,2,0,47,11,2023,1
2023-11-22 21:00:00,3,21,2,0,47,11,2023,1
2023-11-23 03:00:00,1,3,3,0,47,11,2023,1
2023-11-23 06:00:00,15,6,3,0,47,11,2023,1
2023-11-23 09:00:00,6,9,3,0,47,11,2023,1
2023-11-23 12:00:00,16,12,3,0,47,11,2023,1
2023-11-23 15:00:00,11,15,3,0,47,11,2023,1
2023-11-23 18:00:00,6,18,3,0,47,11,2023,1
2023-11-23 21:00:00,1,21,3,0,47,11,2023,1
2023-11-24 06:00:00,7,6,4,0,47,11,2023,1
2023-11-24 09:00:00,4,9,4,0,47,11,2023,1
2023-11-24 12:00:00,4,12,4,0,47,11,2023,1
2023-11-24 15:00:00,8,15,4,0,47,11,2023,1
2023-11-24 18:00:00,13,18,4,0,47,11,2023,1
2023-11-24 21:00:00,1,21,4,0,47,11,2023,1
2023-11-25 06:00:00,2,6,5,1,47,11,2023,1
2023-11-25 09:00:00,5,9,5,1,47,11,2023,1
2023-11-25 12:00:00,2,12,5,1,47,11,2023,1
2023-11-25 15:00:00,11,15,5,1,47,11,2023,1
2023-11-25 18:00:00,5,18,5,1,47,11,2023,1
2023-11-25 21:00:00,3,21,5,1,47,11,2023,1
2023-11-26 03:00:00,1,3,6,1,47,11,2023,1
2023-11-26 06:00:00,6,6,6,1,47,11,2023,1
2023-11-26 09:00:00,4,9,6,1,47,11,2023,1
2023-11-26 12:00:00,2,12,6,1,47,11,2023,1
2023-11-26 15:00:00,4,15,6,1,47,11,2023,1
2023-11-26 18:00:00,2,18,6,1,47,11,2023,1
2023-11-27 03:00:00,1,3,0,0,48,11,2023,1
2023-11-27 06:00:00,5,6,0,0,48,11,2023,1
2023-11-27 09:00:00,2,9,0,0,48,11,2023,1
2023-11-27 12:00:00,5,12,0,0,48,11,2023,1
2023-11-27 15:00:00,8,15,0,0,48,11,2023,1
2023-11-27 18:00:00,6,18,0,0,48,11,2023,1
2023-11-28 06:00:00,3,6,1,0,48,11,2023,1
2023-11-28 09:00:00,1,9,1,0,48,11,2023,1
2023-11-28 12:00:00,3,12,1,0,48,11,2023,1
2023-11-28 15:00:00,4,15,1,0,48,11,2023,1
2023-11-28 18:00:00,5,18,1,0,48,11,2023,1
2023-11-28 21:00:00,2,21,1,0,48,11,2023,1
2023-11-29 06:00:00,2,6,2,0,48,11,2023,1
2023-11-29 09:00:00,2,9,2,0,48,11,2023,1
2023-11-29 12:00:00,3,12,2,0,48,11,2023,1
2023-11-29 15:00:00,9,15,2,0,48,11,2023,1
2023-11-29 18:00:00,2,18,2,0,48,11,2023,1
2023-11-29 21:00:00,3,21,2,0,48,11,2023,1
2024-03-21 09:00:00,2,9,3,0,12,3,2024,1
2024-03-22 03:00:00,2,3,4,0,12,3,2024,1
2024-03-22 06:00:00,7,6,4,0,12,3,2024,1
2024-03-22 09:00:00,11,9,4,0,12,3,2024,1
2024-03-22 12:00:00,16,12,4,0,12,3,2024,1
2024-03-22 15:00:00,40,15,4,0,12,3,2024,1
2024-03-22 18:00:00,14,18,4,0,12,3,2024,1
2024-03-22 21:00:00,4,21,4,0,12,3,2024,1
2024-03-23 06:00:00,6,6,5,1,12,3,2024,1
2024-03-23 09:00:00,21,9,5,1,12,3,2024,1
2024-03-23 12:00:00,37,12,5,1,12,3,2024,1
2024-03-23 15:00:00,25,15,5,1,12,3,2024,1
2024-03-23 18:00:00,16,18,5,1,12,3,2024,1
2024-03-23 21:00:00,8,21,5,1,12,3,2024,1
2024-03-24 03:00:00,1,3,6,1,12,3,2024,1
2024-03-24 06:00:00,6,6,6,1,12,3,2024,1
2024-03-24 09:00:00,15,9,6,1,12,3,2024,1
2024-03-24 12:00:00,21,12,6,1,12,3,2024,1
2024-03-24 15:00:00,40,15,6,1,12,3,2024,1
2024-03-24 18:00:00,15,18,6,1,12,3,2024,1
2024-03-24 21:00:00,9,21,6,1,12,3,2024,1
2024-03-25 03:00:00,1,3,0,0,13,3,2024,1
2024-03-25 06:00:00,17,6,0,0,13,3,2024,1
2024-03-25 09:00:00,21,9,0,0,13,3,2024,1
2024-03-25 12:00:00,48,12,0,0,13,3,2024,1
2024-03-25 15:00:00,31,15,0,0,13,3,2024,1
2024-03-25 18:00:00,15,18,0,0,13,3,2024,1
2024-03-25 21:00:00,5,21,0,0,13,3,2024,1
2024-03-26 03:00:00,2,3,1,0,13,3,2024,1
2024-03-26 06:00:00,11,6,1,0,13,3,2024,1
2024-03-26 09:00:00,27,9,1,0,13,3,2024,1
2024-03-26 12:00:00,51,12,1,0,13,3,2024,1
2024-03-26 15:00:00,44,15,1,0,13,3,2024,1
2024-03-26 18:00:00,21,18,1,0,13,3,2024,1
2024-03-26 21:00:00,2,21,1,0,13,3,2024,1
2024-03-27 03:00:00,2,3,2,0,13,3,2024,1
2024-03-27 06:00:00,14,6,2,0,13,3,2024,1
2024-03-27 09:00:00,17,9,2,0,13,3,2024,1
2024-03-27 12:00:00,33,12,2,0,13,3,2024,1
2024-03-27 15:00:00,26,15,2,0,13,3,2024,1
2024-03-27 18:00:00,14,18,2,0,13,3,2024,1
2024-03-27 21:00:00,4,21,2,0,13,3,2024,1
2024-03-28 06:00:00,6,6,3,0,13,3,2024,1
2024-03-28 09:00:00,24,9,3,0,13,3,2024,1
2024-03-28 12:00:00,58,12,3,0,13,3,2024,1
2024-03-28 15:00:00,22,15,3,0,13,3,2024,1
2024-03-28 18:00:00,17,18,3,0,13,3,2024,1
2024-03-28 21:00:00,6,21,3,0,13,3,2024,1
2024-03-29 06:00:00,7,6,4,0,13,3,2024,1
2024-03-29 09:00:00,31,9,4,0,13,3,2024,1
2024-03-29 12:00:00,30,12,4,0,13,3,2024,1
2024-03-29 15:00:00,34,15,4,0,13,3,2024,1
2024-03-29 18:00:00,19,18,4,0,13,3,2024,1
2024-03-29 21:00:00,6,21,4,0,13,3,2024,1
2024-03-30 03:00:00,2,3,5,1,13,3,2024,1
2024-03-30 06:00:00,8,6,5,1,13,3,2024,1
2024-03-30 09:00:00,57,9,5,1,13,3,2024,1
2024-03-30 12:00:00,63,12,5,1,13,3,2024,1
2024-03-30 15:00:00,47,15,5,1,13,3,2024,1
2024-03-30 18:00:00,19,18,5,1,13,3,2024,1
2024-03-30 21:00:00,5,21,5,1,13,3,2024,1
2024-03-31 03:00:00,2,3,6,1,13,3,2024,1
2024-03-31 06:00:00,6,6,6,1,13,3,2024,1
2024-03-31 09:00:00,19,9,6,1,13,3,2024,1
2024-03-31 12:00:00,14,12,6,1,13,3,2024,1
2024-03-31 15:00:00,9,15,6,1,13,3,2024,1
2024-03-31 18:00:00,12,18,6,1,13,3,2024,1
2024-03-31 21:00:00,5,21,6,1,13,3,2024,1
2024-04-01 06:00:00,15,6,0,0,14,4,2024,0
2024-04-01 09:00:00,41,9,0,0,14,4,2024,0
2024-04-01 12:00:00,59,12,0,0,14,4,2024,0
2024-04-01 15:00:00,55,15,0,0,14,4,2024,0
2024-04-01 18:00:00,17,18,0,0,14,4,2024,0
2024-04-01 21:00:00,3,21,0,0,14,4,2024,0
2024-04-02 03:00:00,26,3,1,0,14,4,2024,0
2024-04-02 06:00:00,22,6,1,0,14,4,2024,0
2024-04-02 09:00:00,8,9,1,0,14,4,2024,0
2024-04-02 12:00:00,46,12,1,0,14,4,2024,0
2024-04-02 15:00:00,41,15,1,0,14,4,2024,0
2024-04-02 18:00:00,17,18,1,0,14,4,2024,0
2024-04-02 21:00:00,4,21,1,0,14,4,2024,0
2024-04-03 03:00:00,26,3,2,0,14,4,2024,0
2024-04-03 06:00:00,47,6,2,0,14,4,2024,0
2024-04-03 09:00:00,31,9,2,0,14,4,2024,0
2024-04-03 12:00:00,87,12,2,0,14,4,2024,0
2024-04-03 15:00:00,85,15,2,0,14,4,2024,0
2024-04-03 18:00:00,36,18,2,0,14,4,2024,0
2024-04-03 21:00:00,2,21,2,0,14,4,2024,0
2024-04-04 03:00:00,36,3,3,0,14,4,2024,0
2024-04-04 06:00:00,70,6,3,0,14,4,2024,0
2024-04-04 09:00:00,43,9,3,0,14,4,2024,0
2024-04-04 12:00:00,95,12,3,0,14,4,2024,0
2024-04-04 15:00:00,86,15,3,0,14,4,2024,0
2024-04-04 18:00:00,45,18,3,0,14,4,2024,0
2024-04-04 21:00:00,1,21,3,0,14,4,2024,0
2024-04-05 03:00:00,41,3,4,0,14,4,2024,0
2024-04-05 06:00:00,62,6,4,0,14,4,2024,0
2024-04-05 09:00:00,57,9,4,0,14,4,2024,0
2024-04-05 12:00:00,128,12,4,0,14,4,2024,0
2024-04-05 15:00:00,128,15,4,0,14,4,2024,0
2024-04-05 18:00:00,66,18,4,0,14,4,2024,0
2024-04-05 21:00:00,13,21,4,0,14,4,2024,0
2024-04-06 03:00:00,6,3,5,1,14,4,2024,0
2024-04-06 06:00:00,48,6,5,1,14,4,2024,0
2024-04-06 09:00:00,102,9,5,1,14,4,2024,0
2024-04-06 12:00:00,163,12,5,1,14,4,2024,0
2024-04-06 15:00:00,107,15,5,1,14,4,2024,0
2024-04-06 18:00:00,52,18,5,1,14,4,2024,0
2024-04-06 21:00:00,4,21,5,1,14,4,2024,0
2024-04-07 03:00:00,11,3,6,1,14,4,2024,0
2024-04-07 06:00:00,31,6,6,1,14,4,2024,0
2024-04-07 09:00:00,106,9,6,1,14,4,2024,0
2024-04-07 12:00:00,71,12,6,1,14,4,2024,0
2024-04-07 15:00:00,87,15,6,1,14,4,2024,0
2024-04-07 18:00:00,57,18,6,1,14,4,2024,0
2024-04-07 21:00:00,6,21,6,1,14,4,2024,0
2024-04-08 03:00:00,64,3,0,0,15,4,2024,0
2024-04-08 06:00:00,73,6,0,0,15,4,2024,0
2024-04-08 09:00:00,54,9,0,0,15,4,2024,0
2024-04-08 12:00:00,189,12,0,0,15,4,2024,0
2024-04-08 15:00:00,211,15,0,0,15,4,2024,0
2024-04-08 18:00:00,105,18,0,0,15,4,2024,0
2024-04-08 21:00:00,11,21,0,0,15,4,2024,0
2024-04-09 03:00:00,66,3,1,0,15,4,2024,0
2024-04-09 06:00:00,129,6,1,0,15,4,2024,0
2024-04-09 09:00:00,90,9,1,0,15,4,2024,0
2024-04-09 12:00:00,241,12,1,0,15,4,2024,0
2024-04-09 15:00:00,226,15,1,0,15,4,2024,0
2024-04-09 18:00:00,124,18,1,0,15,4,2024,0
2024-04-09 21:00:00,12,21,1,0,15,4,2024,0
2024-04-10 03:00:00,38,3,2,0,15,4,2024,0
2024-04-10 06:00:00,44,6,2,0,15,4,2024,0
2024-04-10 09:00:00,34,9,2,0,15,4,2024,0
2024-04-10 12:00:00,160,12,2,0,15,4,2024,0
2024-04-10 15:00:00,83,15,2,0,15,4,2024,0
2024-04-10 18:00:00,45,18,2,0,15,4,2024,0
2024-04-10 21:00:00,3,21,2,0,15,4,2024,0
2024-04-11 03:00:00,67,3,3,0,15,4,2024,0
2024-04-11 06:00:00,110,6,3,0,15,4,2024,0
2024-04-11 09:00:00,54,9,3,0,15,4,2024,0
2024-04-11 12:00:00,101,12,3,0,15,4,2024,0
2024-04-11 15:00:00,81,15,3,0,15,4,2024,0
2024-04-11 18:00:00,34,18,3,0,15,4,2024,0
2024-04-11 21:00:00,5,21,3,0,15,4,2024,0
2024-04-12 03:00:00,53,3,4,0,15,4,2024,0
2024-04-12 06:00:00,111,6,4,0,15,4,2024,0
2024-04-12 09:00:00,116,9,4,0,15,4,2024,0
2024-04-12 12:00:00,129,12,4,0,15,4,2024,0
2024-04-12 15:00:00,136,15,4,0,15,4,2024,0
2024-04-12 18:00:00,59,18,4,0,15,4,2024,0
2024-04-12 21:00:00,17,21,4,0,15,4,2024,0
2024-04-13 03:00:00,5,3,5,1,15,4,2024,0
2024-04-13 06:00:00,64,6,5,1,15,4,2024,0
2024-04-13 09:00:00,147,9,5,1,15,4,2024,0
2024-04-13 12:00:00,245,12,5,1,15,4,2024,0
2024-04-13 15:00:00,150,15,5,1,15,4,2024,0
2024-04-13 18:00:00,68,18,5,1,15,4,2024,0
2024-04-13 21:00:00,24,21,5,1,15,4,2024,0
2024-04-14 03:00:00,13,3,6,1,15,4,2024,0
2024-04-14 06:00:00,42,6,6,1,15,4,2024,0
2024-04-14 09:00:00,58,9,6,1,15,4,2024,0
2024-04-14 12:00:00,130,12,6,1,15,4,2024,0
2024-04-14 15:00:00,98,15,6,1,15,4,2024,0
2024-04-14 18:00:00,38,18,6,1,15,4,2024,0
2024-04-14 21:00:00,7,21,6,1,15,4,2024,0
2024-04-15 03:00:00,45,3,0,0,16,4,2024,0
2024-04-15 06:00:00,118,6,0,0,16,4,2024,0
2024-04-15 09:00:00,81,9,0,0,16,4,2024,0
2024-04-15 12:00:00,250,12,0,0,16,4,2024,0
2024-04-15 15:00:00,201,15,0,0,16,4,2024,0
2024-04-15 18:00:00,98,18,0,0,16,4,2024,0
2024-04-15 21:00:00,10,21,0,0,16,4,2024,0
2024-04-16 03:00:00,79,3,1,0,16,4,2024,0
2024-04-16 06:00:00,149,6,1,0,16,4,2024,0
2024-04-16 09:00:00,106,9,1,0,16,4,2024,0
2024-04-16 12:00:00,261,12,1,0,16,4,2024,0
2024-04-16 15:00:00,241,15,1,0,16,4,2024,0
2024-04-16 18:00:00,88,18,1,0,16,4,2024,0
2024-04-16 21:00:00,13,21,1,0,16,4,2024,0
2024-04-17 03:00:00,79,3,2,0,16,4,2024,0
2024-04-17 06:00:00,159,6,2,0,16,4,2024,0
2024-04-17 09:00:00,126,9,2,0,16,4,2024,0
2024-04-17 12:00:00,192,12,2,0,16,4,2024,0
2024-04-17 15:00:00,198,15,2,0,16,4,2024,0
2024-04-17 18:00:00,90,18,2,0,16,4,2024,0
2024-04-17 21:00:00,26,21,2,0,16,4,2024,0
2024-04-18 03:00:00,79,3,3,0,16,4,2024,0
2024-04-18 06:00:00,140,6,3,0,16,4,2024,0
2024-04-18 09:00:00,126,9,3,0,16,4,2024,0
2024-04-18 12:00:00,238,12,3,0,16,4,2024,0
2024-04-18 15:00:00,215,15,3,0,16,4,2024,0
2024-04-18 18:00:00,130,18,3,0,16,4,2024,0
2024-04-18 21:00:00,8,21,3,0,16,4,2024,0
2024-04-19 03:00:00,85,3,4,0,16,4,2024,0
2024-04-19 06:00:00,175,6,4,0,16,4,2024,0
2024-04-19 09:00:00,142,9,4,0,16,4,2024,0
2024-04-19 12:00:00,288,12,4,0,16,4,2024,0
2024-04-19 15:00:00,197,15,4,0,16,4,2024,0
2024-04-19 18:00:00,110,18,4,0,16,4,2024,0
2024-04-19 21:00:00,18,21,4,0,16,4,2024,0
2024-04-20 03:00:00,8,3,5,1,16,4,2024,0
2024-04-20 06:00:00,85,6,5,1,16,4,2024,0
2024-04-20 09:00:00,239,9,5,1,16,4,2024,0
2024-04-20 12:00:00,221,12,5,1,16,4,2024,0
2024-04-20 15:00:00,213,15,5,1,16,4,2024,0
2024-04-20 18:00:00,106,18,5,1,16,4,2024,0
2024-04-20 21:00:00,19,21,5,1,16,4,2024,0
2024-04-21 03:00:00,10,3,6,1,16,4,2024,0
2024-04-21 06:00:00,96,6,6,1,16,4,2024,0
2024-04-21 09:00:00,241,9,6,1,16,4,2024,0
2024-04-21 12:00:00,277,12,6,1,16,4,2024,0
2024-04-21 15:00:00,287,15,6,1,16,4,2024,0
2024-04-21 18:00:00,114,18,6,1,16,4,2024,0
2024-04-21 21:00:00,18,21,6,1,16,4,2024,0
2024-04-22 03:00:00,80,3,0,0,17,4,2024,0
2024-04-22 06:00:00,167,6,0,0,17,4,2024,0
2024-04-22 09:00:00,126,9,0,0,17,4,2024,0
2024-04-22 12:00:00,256,12,0,0,17,4,2024,0
2024-04-22 15:00:00,230,15,0,0,17,4,2024,0
2024-04-22 18:00:00,87,18,0,0,17,4,2024,0
2024-04-22 21:00:00,5,21,0,0,17,4,2024,0
2024-04-23 03:00:00,62,3,1,0,17,4,2024,0
2024-04-23 06:00:00,151,6,1,0,17,4,2024,0
2024-04-23 09:00:00,102,9,1,0,17,4,2024,0
2024-04-23 12:00:00,188,12,1,0,17,4,2024,0
2024-04-23 15:00:00,197,15,1,0,17,4,2024,0
2024-04-23 18:00:00,100,18,1,0,17,4,2024,0
2024-04-23 21:00:00,8,21,1,0,17,4,2024,0
2024-04-24 03:00:00,71,3,2,0,17,4,2024,0
2024-04-24 06:00:00,148,6,2,0,17,4,2024,0
2024-04-24 09:00:00,72,9,2,0,17,4,2024,0
2024-04-24 12:00:00,216,12,2,0,17,4,2024,0
2024-04-24 15:00:00,219,15,2,0,17,4,2024,0
2024-04-24 18:00:00,167,18,2,0,17,4,2024,0
2024-04-24 21:00:00,15,21,2,0,17,4,2024,0
2024-04-25 03:00:00,88,3,3,0,17,4,2024,0
2024-04-25 06:00:00,173,6,3,0,17,4,2024,0
2024-04-25 09:00:00,120,9,3,0,17,4,2024,0
2024-04-25 12:00:00,260,12,3,0,17,4,2024,0
2024-04-25 15:00:00,207,15,3,0,17,4,2024,0
2024-04-25 18:00:00,139,18,3,0,17,4,2024,0
2024-04-25 21:00:00,17,21,3,0,17,4,2024,0
2024-04-26 03:00:00,69,3,4,0,17,4,2024,0
2024-04-26 06:00:00,187,6,4,0,17,4,2024,0
2024-04-26 09:00:00,157,9,4,0,17,4,2024,0
2024-04-26 12:00:00,289,12,4,0,17,4,2024,0
2024-04-26 15:00:00,240,15,4,0,17,4,2024,0
2024-04-26 18:00:00,136,18,4,0,17,4,2024,0
2024-04-26 21:00:00,25,21,4,0,17,4,2024,0
2024-04-27 03:00:00,17,3,5,1,17,4,2024,0
2024-04-27 06:00:00,104,6,5,1,17,4,2024,0
2024-04-27 09:00:00,262,9,5,1,17,4,2024,0
2024-04-27 12:00:00,262,12,5,1,17,4,2024,0
2024-04-27 15:00:00,231,15,5,1,17,4,2024,0
2024-04-27 18:00:00,157,18,5,1,17,4,2024,0
2024-04-27 21:00:00,27,21,5,1,17,4,2024,0
2024-04-28 03:00:00,27,3,6,1,17,4,2024,0
2024-04-28 06:00:00,143,6,6,1,17,4,2024,0
2024-04-28 09:00:00,215,9,6,1,17,4,2024,0
2024-04-28 12:00:00,334,12,6,1,17,4,2024,0
2024-04-28 15:00:00,237,15,6,1,17,4,2024,0
2024-04-28 18:00:00,125,18,6,1,17,4,2024,0
2024-04-28 21:00:00,10,21,6,1,17,4,2024,0
2024-04-29 03:00:00,67,3,0,0,18,4,2024,0
2024-04-29 06:00:00,166,6,0,0,18,4,2024,0
2024-04-29 09:00:00,98,9,0,0,18,4,2024,0
2024-04-29 12:00:00,172,12,0,0,18,4,2024,0
2024-04-29 15:00:00,134,15,0,0,18,4,2024,0
2024-04-29 18:00:00,126,18,0,0,18,4,2024,0
2024-04-29 21:00:00,10,21,0,0,18,4,2024,0
2024-04-30 03:00:00,85,3,1,0,18,4,2024,0
2024-04-30 06:00:00,198,6,1,0,18,4,2024,0
2024-04-30 09:00:00,125,9,1,0,18,4,2024,0
2024-04-30 12:00:00,293,12,1,0,18,4,2024,0
2024-04-30 15:00:00,306,15,1,0,18,4,2024,0
2024-04-30 18:00:00,206,18,1,0,18,4,2024,0
2024-04-30 21:00:00,24,21,1,0,18,4,2024,0
2024-05-01 03:00:00,75,3,2,0,18,5,2024,0
2024-05-01 06:00:00,238,6,2,0,18,5,2024,0
2024-05-01 09:00:00,254,9,2,0,18,5,2024,0
2024-05-01 12:00:00,414,12,2,0,18,5,2024,0
2024-05-01 15:00:00,403,15,2,0,18,5,2024,0
2024-05-01 18:00:00,237,18,2,0,18,5,2024,0
2024-05-01 21:00:00,13,21,2,0,18,5,2024,0
2024-05-02 03:00:00,110,3,3,0,18,5,2024,0
2024-05-02 06:00:00,225,6,3,0,18,5,2024,0
2024-05-02 09:00:00,181,9,3,0,18,5,2024,0
2024-05-02 12:00:00,394,12,3,0,18,5,2024,0
2024-05-02 15:00:00,354,15,3,0,18,5,2024,0
2024-05-02 18:00:00,271,18,3,0,18,5,2024,0
2024-05-02 21:00:00,27,21,3,0,18,5,2024,0
2024-05-03 03:00:00,120,3,4,0,18,5,2024,0
2024-05-03 06:00:00,211,6,4,0,18,5,2024,0
2024-05-03 09:00:00,187,9,4,0,18,5,2024,0
2024-05-03 12:00:00,415,12,4,0,18,5,2024,0
2024-05-03 15:00:00,336,15,4,0,18,5,2024,0
2024-05-03 18:00:00,271,18,4,0,18,5,2024,0
2024-05-03 21:00:00,36,21,4,0,18,5,2024,0
2024-05-04 03:00:00,24,3,5,1,18,5,2024,0
2024-05-04 06:00:00,151,6,5,1,18,5,2024,0
2024-05-04 09:00:00,262,9,5,1,18,5,2024,0
2024-05-04 12:00:00,363,12,5,1,18,5,2024,0
2024-05-04 15:00:00,310,15,5,1,18,5,2024,0
2024-05-04 18:00:00,213,18,5,1,18,5,2024,0
2024-05-04 21:00:00,34,21,5,1,18,5,2024,0
2024-05-05 03:00:00,41,3,6,1,18,5,2024,0
2024-05-05 06:00:00,157,6,6,1,18,5,2024,0
2024-05-05 09:00:00,262,9,6,1,18,5,2024,0
2024-05-05 12:00:00,385,12,6,1,18,5,2024,0
2024-05-05 15:00:00,365,15,6,1,18,5,2024,0
2024-05-05 18:00:00,236,18,6,1,18,5,2024,0
2024-05-05 21:00:00,18,21,6,1,18,5,2024,0
2024-05-06 03:00:00,99,3,0,0,19,5,2024,0
2024-05-06 06:00:00,237,6,0,0,19,5,2024,0
2024-05-06 09:00:00,151,9,0,0,19,5,2024,0
2024-05-06 12:00:00,343,12,0,0,19,5,2024,0
2024-05-06 15:00:00,336,15,0,0,19,5,2024,0
2024-05-06 18:00:00,213,18,0,0,19,5,2024,0
2024-05-06 21:00:00,11,21,0,0,19,5,2024,0
2024-05-07 03:00:00,95,3,1,0,19,5,2024,0
2024-05-07 06:00:00,191,6,1,0,19,5,2024,0
2024-05-07 09:00:00,103,9,1,0,19,5,2024,0
2024-05-07 12:00:00,189,12,1,0,19,5,2024,0
2024-05-07 15:00:00,144,15,1,0,19,5,2024,0
2024-05-07 18:00:00,67,18,1,0,19,5,2024,0
2024-05-07 21:00:00,2,21,1,0,19,5,2024,0
2024-05-08 03:00:00,105,3,2,0,19,5,2024,0
2024-05-08 06:00:00,211,6,2,0,19,5,2024,0
2024-05-08 09:00:00,134,9,2,0,19,5,2024,0
2024-05-08 12:00:00,284,12,2,0,19,5,2024,0
2024-05-08 15:00:00,281,15,2,0,19,5,2024,0
2024-05-08 18:00:00,189,18,2,0,19,5,2024,0
2024-05-08 21:00:00,42,21,2,0,19,5,2024,0
2024-05-09 03:00:00,59,3,3,0,19,5,2024,0
2024-05-09 06:00:00,100,6,3,0,19,5,2024,0
2024-05-09 09:00:00,75,9,3,0,19,5,2024,0
2024-05-09 12:00:00,89,12,3,0,19,5,2024,0
2024-05-09 15:00:00,181,15,3,0,19,5,2024,0
2024-05-09 18:00:00,135,18,3,0,19,5,2024,0
2024-05-09 21:00:00,22,21,3,0,19,5,2024,0
2024-05-10 03:00:00,71,3,4,0,19,5,2024,0
2024-05-10 06:00:00,164,6,4,0,19,5,2024,0
2024-05-10 09:00:00,183,9,4,0,19,5,2024,0
2024-05-10 12:00:00,270,12,4,0,19,5,2024,0
2024-05-10 15:00:00,285,15,4,0,19,5,2024,0
2024-05-10 18:00:00,148,18,4,0,19,5,2024,0
2024-05-10 21:00:00,26,21,4,0,19,5,2024,0
2024-05-11 03:00:00,27,3,5,1,19,5,2024,0
2024-05-11 06:00:00,129,6,5,1,19,5,2024,0
2024-05-11 09:00:00,118,9,5,1,19,5,2024,0
2024-05-11 12:00:00,84,12,5,1,19,5,2024,0
2024-05-11 15:00:00,107,15,5,1,19,5,2024,0
2024-05-11 18:00:00,69,18,5,1,19,5,2024,0
2024-05-11 21:00:00,17,21,5,1,19,5,2024,0
2024-05-12 03:00:00,21,3,6,1,19,5,2024,0
2024-05-12 06:00:00,142,6,6,1,19,5,2024,0
2024-05-12 09:00:00,166,9,6,1,19,5,2024,0
2024-05-12 12:00:00,248,12,6,1,19,5,2024,0
2024-05-12 15:00:00,290,15,6,1,19,5,2024,0
2024-05-12 18:00:00,175,18,6,1,19,5,2024,0
2024-05-12 21:00:00,18,21,6,1,19,5,2024,0
2024-05-13 03:00:00,100,3,0,0,20,5,2024,0
2024-05-13 06:00:00,215,6,0,0,20,5,2024,0
2024-05-13 09:00:00,195,9,0,0,20,5,2024,0
2024-05-13 12:00:00,361,12,0,0,20,5,2024,0
2024-05-13 15:00:00,333,15,0,0,20,5,2024,0
2024-05-13 18:00:00,215,18,0,0,20,5,2024,0
2024-05-13 21:00:00,25,21,0,0,20,5,2024,0
2024-05-14 03:00:00,113,3,1,0,20,5,2024,0
2024-05-14 06:00:00,236,6,1,0,20,5,2024,0
2024-05-14 09:00:00,218,9,1,0,20,5,2024,0
2024-05-14 12:00:00,411,12,1,0,20,5,2024,0
2024-05-14 15:00:00,385,15,1,0,20,5,2024,0
2024-05-14 18:00:00,276,18,1,0,20,5,2024,0
2024-05-14 21:00:00,41,21,1,0,20,5,2024,0
2024-05-15 03:00:00,122,3,2,0,20,5,2024,0
2024-05-15 06:00:00,252,6,2,0,20,5,2024,0
2024-05-15 09:00:00,244,9,2,0,20,5,2024,0
2024-05-15 12:00:00,451,12,2,0,20,5,2024,0
2024-05-15 15:00:00,380,15,2,0,20,5,2024,0
2024-05-15 18:00:00,249,18,2,0,20,5,2024,0
2024-05-15 21:00:00,36,21,2,0,20,5,2024,0
2024-05-16 03:00:00,95,3,3,0,20,5,2024,0
2024-05-16 06:00:00,201,6,3,0,20,5,2024,0
2024-05-16 09:00:00,228,9,3,0,20,5,2024,0
2024-05-16 12:00:00,417,12,3,0,20,5,2024,0
2024-05-16 15:00:00,320,15,3,0,20,5,2024,0
2024-05-16 18:00:00,285,18,3,0,20,5,2024,0
2024-05-16 21:00:00,34,21,3,0,20,5,2024,0
2024-05-17 15:00:00,184,15,4,0,20,5,2024,0
2024-05-17 18:00:00,188,18,4,0,20,5,2024,0
2024-05-17 21:00:00,44,21,4,0,20,5,2024,0
2024-05-18 03:00:00,10,3,5,1,20,5,2024,0
2024-05-18 06:00:00,78,6,5,1,20,5,2024,0
2024-05-18 09:00:00,222,9,5,1,20,5,2024,0
2024-05-18 12:00:00,276,12,5,1,20,5,2024,0
2024-05-18 15:00:00,178,15,5,1,20,5,2024,0
2024-05-18 18:00:00,98,18,5,1,20,5,2024,0
2024-05-18 21:00:00,15,21,5,1,20,5,2024,0
2024-05-19 03:00:00,31,3,6,1,20,5,2024,0
2024-05-19 06:00:00,134,6,6,1,20,5,2024,0
2024-05-19 09:00:00,115,9,6,1,20,5,2024,0
2024-05-19 12:00:00,238,12,6,1,20,5,2024,0
2024-05-19 15:00:00,223,15,6,1,20,5,2024,0
2024-05-19 18:00:00,147,18,6,1,20,5,2024,0
2024-05-19 21:00:00,29,21,6,1,20,5,2024,0
2024-05-20 03:00:00,62,3,0,0,21,5,2024,0
2024-05-20 06:00:00,186,6,0,0,21,5,2024,0
2024-05-20 09:00:00,178,9,0,0,21,5,2024,0
2024-05-20 12:00:00,276,12,0,0,21,5,2024,0
2024-05-20 15:00:00,293,15,0,0,21,5,2024,0
2024-05-20 18:00:00,192,18,0,0,21,5,2024,0
2024-05-20 21:00:00,23,21,0,0,21,5,2024,0
2024-05-21 03:00:00,105,3,1,0,21,5,2024,0
2024-05-21 06:00:00,230,6,1,0,21,5,2024,0
2024-05-21 09:00:00,156,9,1,0,21,5,2024,0
2024-05-21 12:00:00,363,12,1,0,21,5,2024,0
2024-05-21 15:00:00,368,15,1,0,21,5,2024,0
2024-05-21 18:00:00,299,18,1,0,21,5,2024,0
2024-05-21 21:00:00,38,21,1,0,21,5,2024,0
2024-05-22 03:00:00,117,3,2,0,21,5,2024,0
2024-05-22 06:00:00,219,6,2,0,21,5,2024,0
2024-05-22 09:00:00,214,9,2,0,21,5,2024,0
2024-05-22 12:00:00,469,12,2,0,21,5,2024,0
2024-05-22 15:00:00,441,15,2,0,21,5,2024,0
2024-05-22 18:00:00,349,18,2,0,21,5,2024,0
2024-05-22 21:00:00,34,21,2,0,21,5,2024,0
2024-05-23 03:00:00,114,3,3,0,21,5,2024,0
2024-05-23 06:00:00,273,6,3,0,21,5,2024,0
2024-05-23 09:00:00,233,9,3,0,21,5,2024,0
2024-05-23 12:00:00,464,12,3,0,21,5,2024,0
2024-05-23 15:00:00,454,15,3,0,21,5,2024,0
2024-05-23 18:00:00,359,18,3,0,21,5,2024,0
2024-05-23 21:00:00,35,21,3,0,21,5,2024,0
2024-05-24 03:00:00,102,3,4,0,21,5,2024,0
2024-05-24 06:00:00,256,6,4,0,21,5,2024,0
2024-05-24 09:00:00,225,9,4,0,21,5,2024,0
2024-05-24 12:00:00,433,12,4,0,21,5,2024,0
2024-05-24 15:00:00,369,15,4,0,21,5,2024,0
2024-05-24 18:00:00,317,18,4,0,21,5,2024,0
2024-05-24 21:00:00,70,21,4,0,21,5,2024,0
2024-05-25 03:00:00,35,3,5,1,21,5,2024,0
2024-05-25 06:00:00,163,6,5,1,21,5,2024,0
2024-05-25 09:00:00,323,9,5,1,21,5,2024,0
2024-05-25 12:00:00,351,12,5,1,21,5,2024,0
2024-05-25 15:00:00,366,15,5,1,21,5,2024,0
2024-05-25 18:00:00,226,18,5,1,21,5,2024,0
2024-05-25 21:00:00,65,21,5,1,21,5,2024,0
2024-05-26 03:00:00,49,3,6,1,21,5,2024,0
2024-05-26 06:00:00,168,6,6,1,21,5,2024,0
2024-05-26 09:00:00,296,9,6,1,21,5,2024,0
2024-05-26 12:00:00,420,12,6,1,21,5,2024,0
2024-05-26 15:00:00,222,15,6,1,21,5,2024,0
2024-05-26 18:00:00,181,18,6,1,21,5,2024,0
2024-05-26 21:00:00,35,21,6,1,21,5,2024,0
2024-05-27 03:00:00,100,3,0,0,22,5,2024,0
2024-05-27 06:00:00,262,6,0,0,22,5,2024,0
2024-05-27 09:00:00,168,9,0,0,22,5,2024,0
2024-05-27 12:00:00,401,12,0,0,22,5,2024,0
2024-05-27 15:00:00,384,15,0,0,22,5,2024,0
2024-05-27 18:00:00,249,18,0,0,22,5,2024,0
2024-05-27 21:00:00,45,21,0,0,22,5,2024,0
2024-05-28 03:00:00,105,3,1,0,22,5,2024,0
2024-05-28 06:00:00,238,6,1,0,22,5,2024,0
2024-05-28 09:00:00,187,9,1,0,22,5,2024,0
2024-05-28 12:00:00,396,12,1,0,22,5,2024,0
2024-05-28 15:00:00,375,15,1,0,22,5,2024,0
2024-05-28 18:00:00,282,18,1,0,22,5,2024,0
2024-05-28 21:00:00,28,21,1,0,22,5,2024,0
2024-05-29 03:00:00,97,3,2,0,22,5,2024,0
2024-05-29 06:00:00,212,6,2,0,22,5,2024,0
2024-05-29 09:00:00,217,9,2,0,22,5,2024,0
2024-05-29 12:00:00,333,12,2,0,22,5,2024,0
2024-05-29 15:00:00,362,15,2,0,22,5,2024,0
2024-05-29 18:00:00,175,18,2,0,22,5,2024,0
2024-05-29 21:00:00,28,21,2,0,22,5,2024,0
2024-05-30 03:00:00,99,3,3,0,22,5,2024,0
2024-05-30 06:00:00,247,6,3,0,22,5,2024,0
2024-05-30 09:00:00,253,9,3,0,22,5,2024,0
2024-05-30 12:00:00,359,12,3,0,22,5,2024,0
2024-05-30 15:00:00,344,15,3,0,22,5,2024,0
2024-05-30 18:00:00,153,18,3,0,22,5,2024,0
2024-05-30 21:00:00,30,21,3,0,22,5,2024,0
2024-05-31 03:00:00,87,3,4,0,22,5,2024,0
2024-05-31 06:00:00,210,6,4,0,22,5,2024,0
2024-05-31 09:00:00,198,9,4,0,22,5,2024,0
2024-05-31 12:00:00,288,12,4,0,22,5,2024,0
2024-05-31 15:00:00,306,15,4,0,22,5,2024,0
2024-05-31 18:00:00,180,18,4,0,22,5,2024,0
2024-05-31 21:00:00,60,21,4,0,22,5,2024,0
2024-06-01 03:00:00,18,3,5,1,22,6,2024,0
2024-06-01 06:00:00,125,6,5,1,22,6,2024,0
2024-06-01 09:00:00,252,9,5,1,22,6,2024,0
2024-06-01 12:00:00,252,12,5,1,22,6,2024,0
2024-06-01 15:00:00,228,15,5,1,22,6,2024,0
2024-06-01 18:00:00,155,18,5,1,22,6,2024,0
2024-06-01 21:00:00,77,21,5,1,22,6,2024,0
2024-06-02 03:00:00,26,3,6,1,22,6,2024,0
2024-06-02 06:00:00,125,6,6,1,22,6,2024,0
2024-06-02 09:00:00,208,9,6,1,22,6,2024,0
2024-06-02 12:00:00,307,12,6,1,22,6,2024,0
2024-06-02 15:00:00,272,15,6,1,22,6,2024,0
2024-06-02 18:00:00,164,18,6,1,22,6,2024,0
2024-06-02 21:00:00,12,21,6,1,22,6,2024,0
2024-06-03 03:00:00,66,3,0,0,23,6,2024,0
2024-06-03 06:00:00,109,6,0,0,23,6,2024,0
2024-06-03 09:00:00,84,9,0,0,23,6,2024,0
2024-06-03 12:00:00,248,12,0,0,23,6,2024,0
2024-06-03 15:00:00,188,15,0,0,23,6,2024,0
2024-06-03 18:00:00,73,18,0,0,23,6,2024,0
2024-06-03 21:00:00,15,21,0,0,23,6,2024,0
2024-06-04 03:00:00,75,3,1,0,23,6,2024,0
2024-06-04 06:00:00,184,6,1,0,23,6,2024,0
2024-06-04 09:00:00,179,9,1,0,23,6,2024,0
2024-06-04 12:00:00,298,12,1,0,23,6,2024,0
2024-06-04 15:00:00,281,15,1,0,23,6,2024,0
2024-06-04 18:00:00,166,18,1,0,23,6,2024,0
2024-06-04 21:00:00,34,21,1,0,23,6,2024,0
2024-06-05 03:00:00,47,3,2,0,23,6,2024,0
2024-06-05 06:00:00,86,6,2,0,23,6,2024,0
2024-06-05 09:00:00,27,9,2,0,23,6,2024,0
2024-06-05 12:00:00,71,12,2,0,23,6,2024,0
2024-06-05 15:00:00,54,15,2,0,23,6,2024,0
2024-06-05 18:00:00,65,18,2,0,23,6,2024,0
2024-06-05 21:00:00,25,21,2,0,23,6,2024,0
2024-06-06 03:00:00,88,3,3,0,23,6,2024,0
2024-06-06 06:00:00,183,6,3,0,23,6,2024,0
2024-06-06 09:00:00,185,9,3,0,23,6,2024,0
2024-06-06 12:00:00,323,12,3,0,23,6,2024,0
2024-06-06 15:00:00,226,15,3,0,23,6,2024,0
2024-06-06 18:00:00,46,18,3,0,23,6,2024,0
2024-06-06 21:00:00,15,21,3,0,23,6,2024,0
2024-06-07 03:00:00,57,3,4,0,23,6,2024,0
2024-06-07 06:00:00,141,6,4,0,23,6,2024,0
2024-06-07 09:00:00,158,9,4,0,23,6,2024,0
2024-06-07 12:00:00,271,12,4,0,23,6,2024,0
2024-06-07 15:00:00,220,15,4,0,23,6,2024,0
2024-06-07 18:00:00,124,18,4,0,23,6,2024,0
2024-06-07 21:00:00,66,21,4,0,23,6,2024,0
2024-06-08 03:00:00,16,3,5,1,23,6,2024,0
2024-06-08 06:00:00,94,6,5,1,23,6,2024,0
2024-06-08 09:00:00,193,9,5,1,23,6,2024,0
2024-06-08 12:00:00,258,12,5,1,23,6,2024,0
2024-06-08 15:00:00,156,15,5,1,23,6,2024,0
2024-06-08 18:00:00,111,18,5,1,23,6,2024,0
2024-06-08 21:00:00,60,21,5,1,23,6,2024,0
2024-06-09 03:00:00,14,3,6,1,23,6,2024,0
2024-06-09 06:00:00,55,6,6,1,23,6,2024,0
2024-06-09 09:00:00,108,9,6,1,23,6,2024,0
2024-06-09 12:00:00,171,12,6,1,23,6,2024,0
2024-06-09 15:00:00,118,15,6,1,23,6,2024,0
2024-06-09 18:00:00,78,18,6,1,23,6,2024,0
2024-06-09 21:00:00,12,21,6,1,23,6,2024,0
2024-06-10 03:00:00,44,3,0,0,24,6,2024,0
2024-06-10 06:00:00,88,6,0,0,24,6,2024,0
2024-06-10 09:00:00,30,9,0,0,24,6,2024,0
2024-06-10 12:00:00,68,12,0,0,24,6,2024,0
2024-06-10 15:00:00,40,15,0,0,24,6,2024,0
2024-06-10 18:00:00,31,18,0,0,24,6,2024,0
2024-06-10 21:00:00,3,21,0,0,24,6,2024,0
2024-06-11 03:00:00,58,3,1,0,24,6,2024,0
2024-06-11 06:00:00,122,6,1,0,24,6,2024,0
2024-06-11 09:00:00,82,9,1,0,24,6,2024,0
2024-06-11 12:00:00,171,12,1,0,24,6,2024,0
2024-06-11 15:00:00,173,15,1,0,24,6,2024,0
2024-06-11 18:00:00,81,18,1,0,24,6,2024,0
2024-06-11 21:00:00,10,21,1,0,24,6,2024,0
2024-06-12 03:00:00,77,3,2,0,24,6,2024,0
2024-06-12 06:00:00,116,6,2,0,24,6,2024,0
2024-06-12 09:00:00,110,9,2,0,24,6,2024,0
2024-06-12 12:00:00,200,12,2,0,24,6,2024,0
2024-06-12 15:00:00,174,15,2,0,24,6,2024,0
2024-06-12 18:00:00,107,18,2,0,24,6,2024,0
2024-06-12 21:00:00,21,21,2,0,24,6,2024,0
2024-06-13 03:00:00,64,3,3,0,24,6,2024,0
2024-06-13 06:00:00,119,6,3,0,24,6,2024,0
2024-06-13 09:00:00,126,9,3,0,24,6,2024,0
2024-06-13 12:00:00,216,12,3,0,24,6,2024,0
2024-06-13 15:00:00,178,15,3,0,24,6,2024,0
2024-06-13 18:00:00,87,18,3,0,24,6,2024,0
2024-06-13 21:00:00,17,21,3,0,24,6,2024,0
2024-06-14 03:00:00,67,3,4,0,24,6,2024,0
2024-06-14 06:00:00,142,6,4,0,24,6,2024,0
2024-06-14 09:00:00,145,9,4,0,24,6,2024,0
2024-06-14 12:00:00,223,12,4,0,24,6,2024,0
2024-06-14 15:00:00,165,15,4,0,24,6,2024,0
2024-06-14 18:00:00,76,18,4,0,24,6,2024,0
2024-06-14 21:00:00,37,21,4,0,24,6,2024,0
2024-06-15 03:00:00,15,3,5,1,24,6,2024,0
2024-06-15 06:00:00,67,6,5,1,24,6,2024,0
2024-06-15 09:00:00,156,9,5,1,24,6,2024,0
2024-06-15 12:00:00,176,12,5,1,24,6,2024,0
2024-06-15 15:00:00,157,15,5,1,24,6,2024,0
2024-06-15 18:00:00,109,18,5,1,24,6,2024,0
2024-06-15 21:00:00,35,21,5,1,24,6,2024,0
2024-06-16 03:00:00,14,3,6,1,24,6,2024,0
2024-06-16 06:00:00,44,6,6,1,24,6,2024,0
2024-06-16 09:00:00,87,9,6,1,24,6,2024,0
2024-06-16 12:00:00,149,12,6,1,24,6,2024,0
2024-06-16 15:00:00,131,15,6,1,24,6,2024,0
2024-06-16 18:00:00,68,18,6,1,24,6,2024,0
2024-06-16 21:00:00,18,21,6,1,24,6,2024,0
2024-06-17 03:00:00,86,3,0,0,25,6,2024,0
2024-06-17 06:00:00,143,6,0,0,25,6,2024,0
2024-06-17 09:00:00,85,9,0,0,25,6,2024,0
2024-06-17 12:00:00,211,12,0,0,25,6,2024,0
2024-06-17 15:00:00,155,15,0,0,25,6,2024,0
2024-06-17 18:00:00,101,18,0,0,25,6,2024,0
2024-06-17 21:00:00,23,21,0,0,25,6,2024,0
2024-06-18 03:00:00,103,3,1,0,25,6,2024,0
2024-06-18 06:00:00,156,6,1,0,25,6,2024,0
2024-06-18 09:00:00,99,9,1,0,25,6,2024,0
2024-06-18 12:00:00,220,12,1,0,25,6,2024,0
2024-06-18 15:00:00,137,15,1,0,25,6,2024,0
2024-06-18 18:00:00,77,18,1,0,25,6,2024,0
2024-06-18 21:00:00,14,21,1,0,25,6,2024,0
2024-06-19 03:00:00,66,3,2,0,25,6,2024,0
2024-06-19 06:00:00,95,6,2,0,25,6,2024,0
2024-06-19 09:00:00,67,9,2,0,25,6,2024,0
2024-06-19 12:00:00,151,12,2,0,25,6,2024,0
2024-06-19 15:00:00,159,15,2,0,25,6,2024,0
2024-06-19 18:00:00,76,18,2,0,25,6,2024,0
2024-06-19 21:00:00,11,21,2,0,25,6,2024,0
2024-06-20 03:00:00,64,3,3,0,25,6,2024,0
2024-06-20 06:00:00,122,6,3,0,25,6,2024,0
2024-06-20 09:00:00,58,9,3,0,25,6,2024,0
2024-06-20 12:00:00,149,12,3,0,25,6,2024,0
2024-06-20 15:00:00,122,15,3,0,25,6,2024,0
2024-06-20 18:00:00,52,18,3,0,25,6,2024,0
2024-06-20 21:00:00,7,21,3,0,25,6,2024,0
2024-06-21 03:00:00,56,3,4,0,25,6,2024,0
2024-06-21 06:00:00,74,6,4,0,25,6,2024,0
2024-06-21 09:00:00,38,9,4,0,25,6,2024,0
2024-06-21 12:00:00,115,12,4,0,25,6,2024,0
2024-06-21 15:00:00,112,15,4,0,25,6,2024,0
2024-06-21 18:00:00,71,18,4,0,25,6,2024,0
2024-06-21 21:00:00,27,21,4,0,25,6,2024,0
2024-06-22 03:00:00,10,3,5,1,25,6,2024,0
2024-06-22 06:00:00,48,6,5,1,25,6,2024,0
2024-06-22 09:00:00,120,9,5,1,25,6,2024,0
2024-06-22 12:00:00,158,12,5,1,25,6,2024,0
2024-06-22 15:00:00,115,15,5,1,25,6,2024,0
2024-06-22 18:00:00,79,18,5,1,25,6,2024,0
2024-06-22 21:00:00,35,21,5,1,25,6,2024,0
2024-06-23 03:00:00,8,3,6,1,25,6,2024,0
2024-06-23 06:00:00,36,6,6,1,25,6,2024,0
2024-06-23 09:00:00,76,9,6,1,25,6,2024,0
2024-06-23 12:00:00,81,12,6,1,25,6,2024,0
2024-06-23 15:00:00,78,15,6,1,25,6,2024,0
2024-06-23 18:00:00,59,18,6,1,25,6,2024,0
2024-06-23 21:00:00,5,21,6,1,25,6,2024,0
2024-06-24 03:00:00,82,3,0,0,26,6,2024,0
2024-06-24 06:00:00,105,6,0,0,26,6,2024,0
2024-06-24 09:00:00,87,9,0,0,26,6,2024,0
2024-06-24 12:00:00,228,12,0,0,26,6,2024,0
2024-06-24 15:00:00,184,15,0,0,26,6,2024,0
2024-06-24 18:00:00,93,18,0,0,26,6,2024,0
2024-06-24 21:00:00,21,21,0,0,26,6,2024,0
2024-06-25 03:00:00,96,3,1,0,26,6,2024,0
2024-06-25 06:00:00,148,6,1,0,26,6,2024,0
2024-06-25 09:00:00,111,9,1,0,26,6,2024,0
2024-06-25 12:00:00,253,12,1,0,26,6,2024,0
2024-06-25 15:00:00,203,15,1,0,26,6,2024,0
2024-06-25 18:00:00,118,18,1,0,26,6,2024,0
2024-06-25 21:00:00,23,21,1,0,26,6,2024,0
2024-06-26 03:00:00,41,3,2,0,26,6,2024,0
2024-06-26 06:00:00,94,6,2,0,26,6,2024,0
2024-06-26 09:00:00,105,9,2,0,26,6,2024,0
2024-06-26 12:00:00,263,12,2,0,26,6,2024,0
2024-06-26 15:00:00,189,15,2,0,26,6,2024,0
2024-06-26 18:00:00,136,18,2,0,26,6,2024,0
2024-06-26 21:00:00,15,21,2,0,26,6,2024,0
2024-06-27 03:00:00,82,3,3,0,26,6,2024,0
2024-06-27 06:00:00,157,6,3,0,26,6,2024,0
2024-06-27 09:00:00,101,9,3,0,26,6,2024,0
2024-06-27 12:00:00,228,12,3,0,26,6,2024,0
2024-06-27 15:00:00,181,15,3,0,26,6,2024,0
2024-06-27 18:00:00,144,18,3,0,26,6,2024,0
2024-06-27 21:00:00,21,21,3,0,26,6,2024,0
2024-06-28 03:00:00,60,3,4,0,26,6,2024,0
2024-06-28 06:00:00,97,6,4,0,26,6,2024,0
2024-06-28 09:00:00,28,9,4,0,26,6,2024,0
2024-06-28 12:00:00,111,12,4,0,26,6,2024,0
2024-06-28 15:00:00,97,15,4,0,26,6,2024,0
2024-06-28 18:00:00,56,18,4,0,26,6,2024,0
2024-06-28 21:00:00,24,21,4,0,26,6,2024,0
2024-06-29 03:00:00,6,3,5,1,26,6,2024,0
2024-06-29 06:00:00,18,6,5,1,26,6,2024,0
2024-06-29 09:00:00,47,9,5,1,26,6,2024,0
2024-06-29 12:00:00,102,12,5,1,26,6,2024,0
2024-06-29 15:00:00,103,15,5,1,26,6,2024,0
2024-06-29 18:00:00,66,18,5,1,26,6,2024,0
2024-06-29 21:00:00,35,21,5,1,26,6,2024,0
2024-06-30 03:00:00,13,3,6,1,26,6,2024,0
2024-06-30 06:00:00,32,6,6,1,26,6,2024,0
2024-06-30 09:00:00,77,9,6,1,26,6,2024,0
2024-06-30 12:00:00,108,12,6,1,26,6,2024,0
2024-06-30 15:00:00,87,15,6,1,26,6,2024,0
2024-06-30 18:00:00,56,18,6,1,26,6,2024,0
2024-06-30 21:00:00,8,21,6,1,26,6,2024,0
2024-07-01 03:00:00,54,3,0,0,27,7,2024,0
2024-07-01 06:00:00,63,6,0,0,27,7,2024,0
2024-07-01 09:00:00,42,9,0,0,27,7,2024,0
2024-07-01 12:00:00,153,12,0,0,27,7,2024,0
2024-07-01 15:00:00,101,15,0,0,27,7,2024,0
2024-07-01 18:00:00,51,18,0,0,27,7,2024,0
2024-07-01 21:00:00,4,21,0,0,27,7,2024,0
2024-07-02 03:00:00,72,3,1,0,27,7,2024,0
2024-07-02 06:00:00,79,6,1,0,27,7,2024,0
2024-07-02 09:00:00,77,9,1,0,27,7,2024,0
2024-07-02 12:00:00,175,12,1,0,27,7,2024,0
2024-07-02 15:00:00,132,15,1,0,27,7,2024,0
2024-07-02 18:00:00,69,18,1,0,27,7,2024,0
2024-07-02 21:00:00,10,21,1,0,27,7,2024,0
2024-07-03 03:00:00,72,3,2,0,27,7,2024,0
2024-07-03 06:00:00,94,6,2,0,27,7,2024,0
2024-07-03 09:00:00,79,9,2,0,27,7,2024,0
2024-07-03 12:00:00,190,12,2,0,27,7,2024,0
2024-07-03 15:00:00,155,15,2,0,27,7,2024,0
2024-07-03 18:00:00,101,18,2,0,27,7,2024,0
2024-07-03 21:00:00,9,21,2,0,27,7,2024,0
2024-07-04 03:00:00,60,3,3,0,27,7,2024,0
2024-07-04 06:00:00,110,6,3,0,27,7,2024,0
2024-07-04 09:00:00,85,9,3,0,27,7,2024,0
2024-07-04 12:00:00,191,12,3,0,27,7,2024,0
2024-07-04 15:00:00,166,15,3,0,27,7,2024,0
2024-07-04 18:00:00,103,18,3,0,27,7,2024,0
2024-07-04 21:00:00,20,21,3,0,27,7,2024,0
2024-07-05 03:00:00,46,3,4,0,27,7,2024,0
2024-07-05 06:00:00,50,6,4,0,27,7,2024,0
2024-07-05 09:00:00,54,9,4,0,27,7,2024,0
2024-07-05 12:00:00,95,12,4,0,27,7,2024,0
2024-07-05 15:00:00,88,15,4,0,27,7,2024,0
2024-07-05 18:00:00,57,18,4,0,27,7,2024,0
2024-07-05 21:00:00,19,21,4,0,27,7,2024,0
2024-07-06 03:00:00,12,3,5,1,27,7,2024,0
2024-07-06 06:00:00,36,6,5,1,27,7,2024,0
2024-07-06 09:00:00,110,9,5,1,27,7,2024,0
2024-07-06 12:00:00,125,12,5,1,27,7,2024,0
2024-07-06 15:00:00,77,15,5,1,27,7,2024,0
2024-07-06 18:00:00,52,18,5,1,27,7,2024,0
2024-07-06 21:00:00,17,21,5,1,27,7,2024,0
2024-07-07 03:00:00,22,3,6,1,27,7,2024,0
2024-07-07 06:00:00,41,6,6,1,27,7,2024,0
2024-07-07 09:00:00,29,9,6,1,27,7,2024,0
2024-07-07 12:00:00,32,12,6,1,27,7,2024,0
2024-07-07 15:00:00,33,15,6,1,27,7,2024,0
2024-07-07 18:00:00,47,18,6,1,27,7,2024,0
2024-07-07 21:00:00,5,21,6,1,27,7,2024,0
2024-07-08 03:00:00,42,3,0,0,28,7,2024,0
2024-07-08 06:00:00,76,6,0,0,28,7,2024,0
2024-07-08 09:00:00,75,9,0,0,28,7,2024,0
2024-07-08 12:00:00,85,12,0,0,28,7,2024,0
2024-07-08 15:00:00,90,15,0,0,28,7,2024,0
2024-07-08 18:00:00,88,18,0,0,28,7,2024,0
2024-07-08 21:00:00,9,21,0,0,28,7,2024,0
2024-07-09 03:00:00,56,3,1,0,28,7,2024,0
2024-07-09 06:00:00,64,6,1,0,28,7,2024,0
2024-07-09 09:00:00,34,9,1,0,28,7,2024,0
2024-07-09 12:00:00,112,12,1,0,28,7,2024,0
2024-07-09 15:00:00,102,15,1,0,28,7,2024,0
2024-07-09 18:00:00,109,18,1,0,28,7,2024,0
2024-07-09 21:00:00,28,21,1,0,28,7,2024,0
2024-07-10 03:00:00,40,3,2,0,28,7,2024,0
2024-07-10 06:00:00,86,6,2,0,28,7,2024,0
2024-07-10 09:00:00,105,9,2,0,28,7,2024,0
2024-07-10 12:00:00,100,12,2,0,28,7,2024,0
2024-07-10 15:00:00,74,15,2,0,28,7,2024,0
2024-07-10 18:00:00,39,18,2,0,28,7,2024,0
2024-07-10 21:00:00,7,21,2,0,28,7,2024,0
2024-07-11 03:00:00,39,3,3,0,28,7,2024,0
2024-07-11 06:00:00,83,6,3,0,28,7,2024,0
2024-07-11 09:00:00,92,9,3,0,28,7,2024,0
2024-07-11 12:00:00,177,12,3,0,28,7,2024,0
2024-07-11 15:00:00,146,15,3,0,28,7,2024,0
2024-07-11 18:00:00,74,18,3,0,28,7,2024,0
2024-07-11 21:00:00,9,21,3,0,28,7,2024,0
2024-07-12 03:00:00,38,3,4,0,28,7,2024,0
2024-07-12 06:00:00,81,6,4,0,28,7,2024,0
2024-07-12 09:00:00,111,9,4,0,28,7,2024,0
2024-07-12 12:00:00,203,12,4,0,28,7,2024,0
2024-07-12 15:00:00,140,15,4,0,28,7,2024,0
2024-07-12 18:00:00,86,18,4,0,28,7,2024,0
2024-07-12 21:00:00,20,21,4,0,28,7,2024,0
2024-07-13 03:00:00,10,3,5,1,28,7,2024,0
2024-07-13 06:00:00,49,6,5,1,28,7,2024,0
2024-07-13 09:00:00,137,9,5,1,28,7,2024,0
2024-07-13 12:00:00,153,12,5,1,28,7,2024,0
2024-07-13 15:00:00,130,15,5,1,28,7,2024,0
2024-07-13 18:00:00,101,18,5,1,28,7,2024,0
2024-07-13 21:00:00,27,21,5,1,28,7,2024,0
2024-07-14 03:00:00,24,3,6,1,28,7,2024,0
2024-07-14 06:00:00,57,6,6,1,28,7,2024,0
2024-07-14 09:00:00,125,9,6,1,28,7,2024,0
2024-07-14 12:00:00,166,12,6,1,28,7,2024,0
2024-07-14 15:00:00,101,15,6,1,28,7,2024,0
2024-07-14 18:00:00,46,18,6,1,28,7,2024,0
2024-07-14 21:00:00,30,21,6,1,28,7,2024,0
2024-07-15 03:00:00,40,3,0,0,29,7,2024,0
2024-07-15 06:00:00,85,6,0,0,29,7,2024,0
2024-07-15 09:00:00,136,9,0,0,29,7,2024,0
2024-07-15 12:00:00,219,12,0,0,29,7,2024,0
2024-07-15 15:00:00,170,15,0,0,29,7,2024,0
2024-07-15 18:00:00,154,18,0,0,29,7,2024,0
2024-07-15 21:00:00,15,21,0,0,29,7,2024,0
2024-07-16 03:00:00,44,3,1,0,29,7,2024,0
2024-07-16 06:00:00,79,6,1,0,29,7,2024,0
2024-07-16 09:00:00,122,9,1,0,29,7,2024,0
2024-07-16 12:00:00,187,12,1,0,29,7,2024,0
2024-07-16 15:00:00,121,15,1,0,29,7,2024,0
2024-07-16 18:00:00,113,18,1,0,29,7,2024,0
2024-07-16 21:00:00,16,21,1,0,29,7,2024,0
2024-07-17 03:00:00,38,3,2,0,29,7,2024,0
2024-07-17 06:00:00,94,6,2,0,29,7,2024,0
2024-07-17 09:00:00,99,9,2,0,29,7,2024,0
2024-07-17 12:00:00,173,12,2,0,29,7,2024,0
2024-07-17 15:00:00,141,15,2,0,29,7,2024,0
2024-07-17 18:00:00,27,18,2,0,29,7,2024,0
2024-07-17 21:00:00,6,21,2,0,29,7,2024,0
2024-07-18 03:00:00,16,3,3,0,29,7,2024,0
2024-07-18 06:00:00,42,6,3,0,29,7,2024,0
2024-07-18 09:00:00,46,9,3,0,29,7,2024,0
2024-07-18 12:00:00,68,12,3,0,29,7,2024,0
2024-07-18 15:00:00,69,15,3,0,29,7,2024,0
2024-07-18 18:00:00,41,18,3,0,29,7,2024,0
2024-07-18 21:00:00,12,21,3,0,29,7,2024,0
2024-07-19 03:00:00,36,3,4,0,29,7,2024,0
2024-07-19 06:00:00,74,6,4,0,29,7,2024,0
2024-07-19 09:00:00,137,9,4,0,29,7,2024,0
2024-07-19 12:00:00,193,12,4,0,29,7,2024,0
2024-07-19 15:00:00,138,15,4,0,29,7,2024,0
2024-07-19 18:00:00,98,18,4,0,29,7,2024,0
2024-07-19 21:00:00,22,21,4,0,29,7,2024,0
2024-07-20 03:00:00,8,3,5,1,29,7,2024,0
2024-07-20 06:00:00,58,6,5,1,29,7,2024,0
2024-07-20 09:00:00,140,9,5,1,29,7,2024,0
2024-07-20 12:00:00,147,12,5,1,29,7,2024,0
2024-07-20 15:00:00,136,15,5,1,29,7,2024,0
2024-07-20 18:00:00,100,18,5,1,29,7,2024,0
2024-07-20 21:00:00,21,21,5,1,29,7,2024,0
2024-07-21 03:00:00,16,3,6,1,29,7,2024,0
2024-07-21 06:00:00,55,6,6,1,29,7,2024,0
2024-07-21 09:00:00,119,9,6,1,29,7,2024,0
2024-07-21 12:00:00,172,12,6,1,29,7,2024,0
2024-07-21 15:00:00,128,15,6,1,29,7,2024,0
2024-07-21 18:00:00,106,18,6,1,29,7,2024,0
2024-07-21 21:00:00,15,21,6,1,29,7,2024,0
2024-07-22 03:00:00,32,3,0,0,30,7,2024,0
2024-07-22 06:00:00,37,6,0,0,30,7,2024,0
2024-07-22 09:00:00,43,9,0,0,30,7,2024,0
2024-07-22 12:00:00,86,12,0,0,30,7,2024,0
2024-07-22 15:00:00,47,15,0,0,30,7,2024,0
2024-07-22 18:00:00,19,18,0,0,30,7,2024,0
2024-07-22 21:00:00,7,21,0,0,30,7,2024,0
2024-07-23 03:00:00,39,3,1,0,30,7,2024,0
2024-07-23 06:00:00,26,6,1,0,30,7,2024,0
2024-07-23 09:00:00,36,9,1,0,30,7,2024,0
2024-07-23 12:00:00,131,12,1,0,30,7,2024,0
2024-07-23 15:00:00,109,15,1,0,30,7,2024,0
2024-07-23 18:00:00,78,18,1,0,30,7,2024,0
2024-07-23 21:00:00,8,21,1,0,30,7,2024,0
2024-07-24 03:00:00,44,3,2,0,30,7,2024,0
2024-07-24 06:00:00,71,6,2,0,30,7,2024,0
2024-07-24 09:00:00,69,9,2,0,30,7,2024,0
2024-07-24 12:00:00,165,12,2,0,30,7,2024,0
2024-07-24 15:00:00,140,15,2,0,30,7,2024,0
2024-07-24 18:00:00,67,18,2,0,30,7,2024,0
2024-07-24 21:00:00,12,21,2,0,30,7,2024,0
2024-07-25 03:00:00,32,3,3,0,30,7,2024,0
2024-07-25 06:00:00,64,6,3,0,30,7,2024,0
2024-07-25 09:00:00,98,9,3,0,30,7,2024,0
2024-07-25 12:00:00,163,12,3,0,30,7,2024,0
2024-07-25 15:00:00,135,15,3,0,30,7,2024,0
2024-07-25 18:00:00,89,18,3,0,30,7,2024,0
2024-07-25 21:00:00,21,21,3,0,30,7,2024,0
2024-07-26 03:00:00,41,3,4,0,30,7,2024,0
2024-07-26 06:00:00,68,6,4,0,30,7,2024,0
2024-07-26 09:00:00,102,9,4,0,30,7,2024,0
2024-07-26 12:00:00,183,12,4,0,30,7,2024,0
2024-07-26 15:00:00,111,15,4,0,30,7,2024,0
2024-07-26 18:00:00,52,18,4,0,30,7,2024,0
2024-07-26 21:00:00,14,21,4,0,30,7,2024,0
2024-07-27 03:00:00,11,3,5,1,30,7,2024,0
2024-07-27 06:00:00,53,6,5,1,30,7,2024,0
2024-07-27 09:00:00,83,9,5,1,30,7,2024,0
2024-07-27 12:00:00,136,12,5,1,30,7,2024,0
2024-07-27 15:00:00,109,15,5,1,30,7,2024,0
2024-07-27 18:00:00,64,18,5,1,30,7,2024,0
2024-07-27 21:00:00,21,21,5,1,30,7,2024,0
2024-07-28 03:00:00,18,3,6,1,30,7,2024,0
2024-07-28 06:00:00,31,6,6,1,30,7,2024,0
2024-07-28 09:00:00,106,9,6,1,30,7,2024,0
2024-07-28 12:00:00,105,12,6,1,30,7,2024,0
2024-07-28 15:00:00,88,15,6,1,30,7,2024,0
2024-07-28 18:00:00,73,18,6,1,30,7,2024,0
2024-07-28 21:00:00,11,21,6,1,30,7,2024,0
2024-07-29 03:00:00,37,3,0,0,31,7,2024,0
2024-07-29 06:00:00,83,6,0,0,31,7,2024,0
2024-07-29 09:00:00,81,9,0,0,31,7,2024,0
2024-07-29 12:00:00,182,12,0,0,31,7,2024,0
2024-07-29 15:00:00,154,15,0,0,31,7,2024,0
2024-07-29 18:00:00,88,18,0,0,31,7,2024,0
2024-07-29 21:00:00,15,21,0,0,31,7,2024,0
2024-07-30 03:00:00,47,3,1,0,31,7,2024,0
2024-07-30 06:00:00,105,6,1,0,31,7,2024,0
2024-07-30 09:00:00,107,9,1,0,31,7,2024,0
2024-07-30 12:00:00,215,12,1,0,31,7,2024,0
2024-07-30 15:00:00,208,15,1,0,31,7,2024,0
2024-07-30 18:00:00,120,18,1,0,31,7,2024,0
2024-07-30 21:00:00,11,21,1,0,31,7,2024,0
2024-07-31 03:00:00,31,3,2,0,31,7,2024,0
2024-07-31 06:00:00,49,6,2,0,31,7,2024,0
2024-07-31 09:00:00,86,9,2,0,31,7,2024,0
2024-07-31 12:00:00,201,12,2,0,31,7,2024,0
2024-07-31 15:00:00,173,15,2,0,31,7,2024,0
2024-07-31 18:00:00,96,18,2,0,31,7,2024,0
2024-07-31 21:00:00,16,21,2,0,31,7,2024,0
2024-08-01 03:00:00,48,3,3,0,31,8,2024,0
2024-08-01 06:00:00,120,6,3,0,31,8,2024,0
2024-08-01 09:00:00,122,9,3,0,31,8,2024,0
2024-08-01 12:00:00,244,12,3,0,31,8,2024,0
2024-08-01 15:00:00,176,15,3,0,31,8,2024,0
2024-08-01 18:00:00,101,18,3,0,31,8,2024,0
2024-08-01 21:00:00,15,21,3,0,31,8,2024,0
2024-08-02 03:00:00,46,3,4,0,31,8,2024,0
2024-08-02 06:00:00,118,6,4,0,31,8,2024,0
2024-08-02 09:00:00,158,9,4,0,31,8,2024,0
2024-08-02 12:00:00,266,12,4,0,31,8,2024,0
2024-08-02 15:00:00,197,15,4,0,31,8,2024,0
2024-08-02 18:00:00,143,18,4,0,31,8,2024,0
2024-08-02 21:00:00,33,21,4,0,31,8,2024,0
2024-08-03 03:00:00,12,3,5,1,31,8,2024,0
2024-08-03 06:00:00,71,6,5,1,31,8,2024,0
2024-08-03 09:00:00,185,9,5,1,31,8,2024,0
2024-08-03 12:00:00,210,12,5,1,31,8,2024,0
2024-08-03 15:00:00,190,15,5,1,31,8,2024,0
2024-08-03 18:00:00,96,18,5,1,31,8,2024,0
2024-08-03 21:00:00,21,21,5,1,31,8,2024,0
2024-08-04 03:00:00,18,3,6,1,31,8,2024,0
2024-08-04 06:00:00,51,6,6,1,31,8,2024,0
2024-08-04 09:00:00,140,9,6,1,31,8,2024,0
2024-08-04 12:00:00,182,12,6,1,31,8,2024,0
2024-08-04 15:00:00,140,15,6,1,31,8,2024,0
2024-08-04 18:00:00,102,18,6,1,31,8,2024,0
2024-08-04 21:00:00,9,21,6,1,31,8,2024,0
2024-08-05 03:00:00,76,3,0,0,32,8,2024,0
2024-08-05 06:00:00,112,6,0,0,32,8,2024,0
2024-08-05 09:00:00,89,9,0,0,32,8,2024,0
2024-08-05 12:00:00,252,12,0,0,32,8,2024,0
2024-08-05 15:00:00,224,15,0,0,32,8,2024,0
2024-08-05 18:00:00,128,18,0,0,32,8,2024,0
2024-08-05 21:00:00,17,21,0,0,32,8,2024,0
2024-08-06 03:00:00,82,3,1,0,32,8,2024,0
2024-08-06 06:00:00,117,6,1,0,32,8,2024,0
2024-08-06 09:00:00,129,9,1,0,32,8,2024,0
2024-08-06 12:00:00,260,12,1,0,32,8,2024,0
2024-08-06 15:00:00,189,15,1,0,32,8,2024,0
2024-08-06 18:00:00,105,18,1,0,32,8,2024,0
2024-08-06 21:00:00,19,21,1,0,32,8,2024,0
2024-08-07 03:00:00,61,3,2,0,32,8,2024,0
2024-08-07 06:00:00,135,6,2,0,32,8,2024,0
2024-08-07 09:00:00,127,9,2,0,32,8,2024,0
2024-08-07 12:00:00,300,12,2,0,32,8,2024,0
2024-08-07 15:00:00,199,15,2,0,32,8,2024,0
2024-08-07 18:00:00,108,18,2,0,32,8,2024,0
2024-08-07 21:00:00,21,21,2,0,32,8,2024,0
2024-08-08 03:00:00,69,3,3,0,32,8,2024,0
2024-08-08 06:00:00,123,6,3,0,32,8,2024,0
2024-08-08 09:00:00,138,9,3,0,32,8,2024,0
2024-08-08 12:00:00,301,12,3,0,32,8,2024,0
2024-08-08 15:00:00,137,15,3,0,32,8,2024,0
2024-08-08 18:00:00,70,18,3,0,32,8,2024,0
2024-08-08 21:00:00,26,21,3,0,32,8,2024,0
2024-08-09 03:00:00,69,3,4,0,32,8,2024,0
2024-08-09 06:00:00,136,6,4,0,32,8,2024,0
2024-08-09 09:00:00,112,9,4,0,32,8,2024,0
2024-08-09 12:00:00,152,12,4,0,32,8,2024,0
2024-08-09 15:00:00,128,15,4,0,32,8,2024,0
2024-08-09 18:00:00,110,18,4,0,32,8,2024,0
2024-08-09 21:00:00,13,21,4,0,32,8,2024,0
2024-08-10 03:00:00,12,3,5,1,32,8,2024,0
2024-08-10 06:00:00,87,6,5,1,32,8,2024,0
2024-08-10 09:00:00,179,9,5,1,32,8,2024,0
2024-08-10 12:00:00,187,12,5,1,32,8,2024,0
2024-08-10 15:00:00,128,15,5,1,32,8,2024,0
2024-08-10 18:00:00,121,18,5,1,32,8,2024,0
2024-08-10 21:00:00,29,21,5,1,32,8,2024,0
2024-08-11 03:00:00,14,3,6,1,32,8,2024,0
2024-08-11 06:00:00,32,6,6,1,32,8,2024,0
2024-08-11 09:00:00,109,9,6,1,32,8,2024,0
2024-08-11 12:00:00,123,12,6,1,32,8,2024,0
2024-08-11 15:00:00,102,15,6,1,32,8,2024,0
2024-08-11 18:00:00,63,18,6,1,32,8,2024,0
2024-08-11 21:00:00,7,21,6,1,32,8,2024,0
2024-08-12 03:00:00,80,3,0,0,33,8,2024,0
2024-08-12 06:00:00,143,6,0,0,33,8,2024,0
2024-08-12 09:00:00,132,9,0,0,33,8,2024,0
2024-08-12 12:00:00,233,12,0,0,33,8,2024,0
2024-08-12 15:00:00,269,15,0,0,33,8,2024,0
2024-08-12 18:00:00,109,18,0,0,33,8,2024,0
2024-08-12 21:00:00,21,21,0,0,33,8,2024,0
2024-08-13 03:00:00,95,3,1,0,33,8,2024,0
2024-08-13 06:00:00,163,6,1,0,33,8,2024,0
2024-08-13 09:00:00,196,9,1,0,33,8,2024,0
2024-08-13 12:00:00,448,12,1,0,33,8,2024,0
2024-08-13 15:00:00,296,15,1,0,33,8,2024,0
2024-08-13 18:00:00,147,18,1,0,33,8,2024,0
2024-08-13 21:00:00,14,21,1,0,33,8,2024,0
2024-08-14 03:00:00,81,3,2,0,33,8,2024,0
2024-08-14 06:00:00,186,6,2,0,33,8,2024,0
2024-08-14 09:00:00,199,9,2,0,33,8,2024,0
2024-08-14 12:00:00,381,12,2,0,33,8,2024,0
2024-08-14 15:00:00,249,15,2,0,33,8,2024,0
2024-08-14 18:00:00,81,18,2,0,33,8,2024,0
2024-08-14 21:00:00,22,21,2,0,33,8,2024,0
2024-08-15 03:00:00,75,3,3,0,33,8,2024,0
2024-08-15 06:00:00,169,6,3,0,33,8,2024,0
2024-08-15 09:00:00,189,9,3,0,33,8,2024,0
2024-08-15 12:00:00,318,12,3,0,33,8,2024,0
2024-08-15 15:00:00,271,15,3,0,33,8,2024,0
2024-08-15 18:00:00,121,18,3,0,33,8,2024,0
2024-08-15 21:00:00,27,21,3,0,33,8,2024,0
2024-08-16 03:00:00,70,3,4,0,33,8,2024,0
2024-08-16 06:00:00,188,6,4,0,33,8,2024,0
2024-08-16 09:00:00,234,9,4,0,33,8,2024,0
2024-08-16 12:00:00,475,12,4,0,33,8,2024,0
2024-08-16 15:00:00,256,15,4,0,33,8,2024,0
2024-08-16 18:00:00,115,18,4,0,33,8,2024,0
2024-08-16 21:00:00,30,21,4,0,33,8,2024,0
2024-08-17 03:00:00,18,3,5,1,33,8,2024,0
2024-08-17 06:00:00,82,6,5,1,33,8,2024,0
2024-08-17 09:00:00,203,9,5,1,33,8,2024,0
2024-08-17 12:00:00,270,12,5,1,33,8,2024,0
2024-08-17 15:00:00,137,15,5,1,33,8,2024,0
2024-08-17 18:00:00,55,18,5,1,33,8,2024,0
2024-08-17 21:00:00,40,21,5,1,33,8,2024,0
2024-08-18 03:00:00,8,3,6,1,33,8,2024,0
2024-08-18 06:00:00,36,6,6,1,33,8,2024,0
2024-08-18 09:00:00,54,9,6,1,33,8,2024,0
2024-08-18 12:00:00,69,12,6,1,33,8,2024,0
2024-08-18 15:00:00,44,15,6,1,33,8,2024,0
2024-08-18 18:00:00,80,18,6,1,33,8,2024,0
2024-08-18 21:00:00,6,21,6,1,33,8,2024,0
2024-08-19 03:00:00,92,3,0,0,34,8,2024,0
2024-08-19 06:00:00,169,6,0,0,34,8,2024,0
2024-08-19 09:00:00,172,9,0,0,34,8,2024,0
2024-08-19 12:00:00,323,12,0,0,34,8,2024,0
2024-08-19 15:00:00,280,15,0,0,34,8,2024,0
2024-08-19 18:00:00,116,18,0,0,34,8,2024,0
2024-08-19 21:00:00,14,21,0,0,34,8,2024,0
2024-08-20 03:00:00,75,3,1,0,34,8,2024,0
2024-08-20 06:00:00,165,6,1,0,34,8,2024,0
2024-08-20 09:00:00,163,9,1,0,34,8,2024,0
2024-08-20 12:00:00,375,12,1,0,34,8,2024,0
2024-08-20 15:00:00,277,15,1,0,34,8,2024,0
2024-08-20 18:00:00,158,18,1,0,34,8,2024,0
2024-08-20 21:00:00,19,21,1,0,34,8,2024,0
2024-08-21 03:00:00,53,3,2,0,34,8,2024,0
2024-08-21 06:00:00,84,6,2,0,34,8,2024,0
2024-08-21 09:00:00,75,9,2,0,34,8,2024,0
2024-08-21 12:00:00,234,12,2,0,34,8,2024,0
2024-08-21 15:00:00,227,15,2,0,34,8,2024,0
2024-08-21 18:00:00,151,18,2,0,34,8,2024,0
2024-08-21 21:00:00,22,21,2,0,34,8,2024,0
2024-08-22 03:00:00,82,3,3,0,34,8,2024,0
2024-08-22 06:00:00,213,6,3,0,34,8,2024,0
2024-08-22 09:00:00,126,9,3,0,34,8,2024,0
2024-08-22 12:00:00,284,12,3,0,34,8,2024,0
2024-08-22 15:00:00,199,15,3,0,34,8,2024,0
2024-08-22 18:00:00,64,18,3,0,34,8,2024,0
2024-08-22 21:00:00,11,21,3,0,34,8,2024,0
2024-08-23 03:00:00,50,3,4,0,34,8,2024,0
2024-08-23 06:00:00,133,6,4,0,34,8,2024,0
2024-08-23 09:00:00,191,9,4,0,34,8,2024,0
2024-08-23 12:00:00,259,12,4,0,34,8,2024,0
2024-08-23 15:00:00,142,15,4,0,34,8,2024,0
2024-08-23 18:00:00,66,18,4,0,34,8,2024,0
2024-08-23 21:00:00,8,21,4,0,34,8,2024,0
2024-08-24 03:00:00,10,3,5,1,34,8,2024,0
2024-08-24 06:00:00,81,6,5,1,34,8,2024,0
2024-08-24 09:00:00,248,9,5,1,34,8,2024,0
2024-08-24 12:00:00,240,12,5,1,34,8,2024,0
2024-08-24 15:00:00,162,15,5,1,34,8,2024,0
2024-08-24 18:00:00,74,18,5,1,34,8,2024,0
2024-08-24 21:00:00,36,21,5,1,34,8,2024,0
2024-08-25 03:00:00,4,3,6,1,34,8,2024,0
2024-08-25 06:00:00,53,6,6,1,34,8,2024,0
2024-08-25 09:00:00,177,9,6,1,34,8,2024,0
2024-08-25 12:00:00,188,12,6,1,34,8,2024,0
2024-08-25 15:00:00,180,15,6,1,34,8,2024,0
2024-08-25 18:00:00,100,18,6,1,34,8,2024,0
2024-08-25 21:00:00,3,21,6,1,34,8,2024,0
2024-08-26 03:00:00,60,3,0,0,35,8,2024,0
2024-08-26 06:00:00,129,6,0,0,35,8,2024,0
2024-08-26 09:00:00,126,9,0,0,35,8,2024,0
2024-08-26 12:00:00,267,12,0,0,35,8,2024,0
2024-08-26 15:00:00,198,15,0,0,35,8,2024,0
2024-08-26 18:00:00,110,18,0,0,35,8,2024,0
2024-08-26 21:00:00,11,21,0,0,35,8,2024,0
2024-08-27 03:00:00,89,3,1,0,35,8,2024,0
2024-08-27 06:00:00,177,6,1,0,35,8,2024,0
2024-08-27 09:00:00,168,9,1,0,35,8,2024,0
2024-08-27 12:00:00,366,12,1,0,35,8,2024,0
2024-08-27 15:00:00,291,15,1,0,35,8,2024,0
2024-08-27 18:00:00,109,18,1,0,35,8,2024,0
2024-08-27 21:00:00,6,21,1,0,35,8,2024,0
2024-08-28 03:00:00,88,3,2,0,35,8,2024,0
2024-08-28 06:00:00,177,6,2,0,35,8,2024,0
2024-08-28 09:00:00,179,9,2,0,35,8,2024,0
2024-08-28 12:00:00,381,12,2,0,35,8,2024,0
2024-08-28 15:00:00,317,15,2,0,35,8,2024,0
2024-08-28 18:00:00,157,18,2,0,35,8,2024,0
2024-08-28 21:00:00,20,21,2,0,35,8,2024,0
2024-08-29 03:00:00,85,3,3,0,35,8,2024,0
2024-08-29 06:00:00,191,6,3,0,35,8,2024,0
2024-08-29 09:00:00,143,9,3,0,35,8,2024,0
2024-08-29 12:00:00,342,12,3,0,35,8,2024,0
2024-08-29 15:00:00,219,15,3,0,35,8,2024,0
2024-08-29 18:00:00,104,18,3,0,35,8,2024,0
2024-08-29 21:00:00,8,21,3,0,35,8,2024,0
2024-08-30 03:00:00,65,3,4,0,35,8,2024,0
2024-08-30 06:00:00,162,6,4,0,35,8,2024,0
2024-08-30 09:00:00,213,9,4,0,35,8,2024,0
2024-08-30 12:00:00,242,12,4,0,35,8,2024,0
2024-08-30 15:00:00,151,15,4,0,35,8,2024,0
2024-08-30 18:00:00,61,18,4,0,35,8,2024,0
2024-08-30 21:00:00,30,21,4,0,35,8,2024,0
2024-08-31 03:00:00,10,3,5,1,35,8,2024,0
2024-08-31 06:00:00,92,6,5,1,35,8,2024,0
2024-08-31 09:00:00,172,9,5,1,35,8,2024,0
2024-08-31 12:00:00,147,12,5,1,35,8,2024,0
2024-08-31 15:00:00,116,15,5,1,35,8,2024,0
2024-08-31 18:00:00,58,18,5,1,35,8,2024,0
2024-08-31 21:00:00,26,21,5,1,35,8,2024,0
2024-09-01 03:00:00,13,3,6,1,35,9,2024,0
2024-09-01 06:00:00,70,6,6,1,35,9,2024,0
2024-09-01 09:00:00,186,9,6,1,35,9,2024,0
2024-09-01 12:00:00,233,12,6,1,35,9,2024,0
2024-09-01 15:00:00,204,15,6,1,35,9,2024,0
2024-09-01 18:00:00,50,18,6,1,35,9,2024,0
2024-09-01 21:00:00,9,21,6,1,35,9,2024,0
2024-09-02 03:00:00,64,3,0,0,36,9,2024,0
2024-09-02 06:00:00,172,6,0,0,36,9,2024,0
2024-09-02 09:00:00,175,9,0,0,36,9,2024,0
2024-09-02 12:00:00,351,12,0,0,36,9,2024,0
2024-09-02 15:00:00,287,15,0,0,36,9,2024,0
2024-09-02 18:00:00,146,18,0,0,36,9,2024,0
2024-09-02 21:00:00,5,21,0,0,36,9,2024,0
2024-09-03 03:00:00,89,3,1,0,36,9,2024,0
2024-09-03 06:00:00,176,6,1,0,36,9,2024,0
2024-09-03 09:00:00,146,9,1,0,36,9,2024,0
2024-09-03 12:00:00,266,12,1,0,36,9,2024,0
2024-09-03 15:00:00,263,15,1,0,36,9,2024,0
2024-09-03 18:00:00,160,18,1,0,36,9,2024,0
2024-09-03 21:00:00,16,21,1,0,36,9,2024,0
2024-09-04 03:00:00,88,3,2,0,36,9,2024,0
2024-09-04 06:00:00,198,6,2,0,36,9,2024,0
2024-09-04 09:00:00,182,9,2,0,36,9,2024,0
2024-09-04 12:00:00,381,12,2,0,36,9,2024,0
2024-09-04 15:00:00,330,15,2,0,36,9,2024,0
2024-09-04 18:00:00,191,18,2,0,36,9,2024,0
2024-09-04 21:00:00,14,21,2,0,36,9,2024,0
2024-09-05 03:00:00,106,3,3,0,36,9,2024,0
2024-09-05 06:00:00,216,6,3,0,36,9,2024,0
2024-09-05 09:00:00,214,9,3,0,36,9,2024,0
2024-09-05 12:00:00,370,12,3,0,36,9,2024,0
2024-09-05 15:00:00,361,15,3,0,36,9,2024,0
2024-09-05 18:00:00,176,18,3,0,36,9,2024,0
2024-09-05 21:00:00,20,21,3,0,36,9,2024,0
2024-09-06 03:00:00,89,3,4,0,36,9,2024,0
2024-09-06 06:00:00,213,6,4,0,36,9,2024,0
2024-09-06 09:00:00,224,9,4,0,36,9,2024,0
2024-09-06 12:00:00,432,12,4,0,36,9,2024,0
2024-09-06 15:00:00,293,15,4,0,36,9,2024,0
2024-09-06 18:00:00,150,18,4,0,36,9,2024,0
2024-09-06 21:00:00,35,21,4,0,36,9,2024,0
2024-09-07 03:00:00,13,3,5,1,36,9,2024,0
2024-09-07 06:00:00,120,6,5,1,36,9,2024,0
2024-09-07 09:00:00,287,9,5,1,36,9,2024,0
2024-09-07 12:00:00,322,12,5,1,36,9,2024,0
2024-09-07 15:00:00,258,15,5,1,36,9,2024,0
2024-09-07 18:00:00,106,18,5,1,36,9,2024,0
2024-09-07 21:00:00,17,21,5,1,36,9,2024,0
2024-09-08 03:00:00,9,3,6,1,36,9,2024,0
2024-09-08 06:00:00,120,6,6,1,36,9,2024,0
2024-09-08 09:00:00,232,9,6,1,36,9,2024,0
2024-09-08 12:00:00,278,12,6,1,36,9,2024,0
2024-09-08 15:00:00,273,15,6,1,36,9,2024,0
2024-09-08 18:00:00,103,18,6,1,36,9,2024,0
2024-09-08 21:00:00,3,21,6,1,36,9,2024,0
2024-09-09 03:00:00,75,3,0,0,37,9,2024,0
2024-09-09 06:00:00,127,6,0,0,37,9,2024,0
2024-09-09 09:00:00,153,9,0,0,37,9,2024,0
2024-09-09 12:00:00,229,12,0,0,37,9,2024,0
2024-09-09 15:00:00,69,15,0,0,37,9,2024,0
2024-09-09 18:00:00,29,18,0,0,37,9,2024,0
2024-09-09 21:00:00,7,21,0,0,37,9,2024,0
2024-09-10 03:00:00,52,3,1,0,37,9,2024,0
2024-09-10 06:00:00,86,6,1,0,37,9,2024,0
2024-09-10 09:00:00,62,9,1,0,37,9,2024,0
2024-09-10 12:00:00,170,12,1,0,37,9,2024,0
2024-09-10 15:00:00,228,15,1,0,37,9,2024,0
2024-09-10 18:00:00,147,18,1,0,37,9,2024,0
2024-09-10 21:00:00,16,21,1,0,37,9,2024,0
2024-09-11 03:00:00,115,3,2,0,37,9,2024,0
2024-09-11 06:00:00,150,6,2,0,37,9,2024,0
2024-09-11 09:00:00,152,9,2,0,37,9,2024,0
2024-09-11 12:00:00,292,12,2,0,37,9,2024,0
2024-09-11 15:00:00,260,15,2,0,37,9,2024,0
2024-09-11 18:00:00,157,18,2,0,37,9,2024,0
2024-09-11 21:00:00,13,21,2,0,37,9,2024,0
2024-09-12 03:00:00,70,3,3,0,37,9,2024,0
2024-09-12 06:00:00,161,6,3,0,37,9,2024,0
2024-09-12 09:00:00,150,9,3,0,37,9,2024,0
2024-09-12 12:00:00,249,12,3,0,37,9,2024,0
2024-09-12 15:00:00,167,15,3,0,37,9,2024,0
2024-09-12 18:00:00,109,18,3,0,37,9,2024,0
2024-09-12 21:00:00,7,21,3,0,37,9,2024,0
2024-09-13 03:00:00,68,3,4,0,37,9,2024,0
2024-09-13 06:00:00,160,6,4,0,37,9,2024,0
2024-09-13 09:00:00,155,9,4,0,37,9,2024,0
2024-09-13 12:00:00,319,12,4,0,37,9,2024,0
2024-09-13 15:00:00,228,15,4,0,37,9,2024,0
2024-09-13 18:00:00,112,18,4,0,37,9,2024,0
2024-09-13 21:00:00,23,21,4,0,37,9,2024,0
2024-09-14 03:00:00,10,3,5,1,37,9,2024,0
2024-09-14 06:00:00,84,6,5,1,37,9,2024,0
2024-09-14 09:00:00,185,9,5,1,37,9,2024,0
2024-09-14 12:00:00,228,12,5,1,37,9,2024,0
2024-09-14 15:00:00,182,15,5,1,37,9,2024,0
2024-09-14 18:00:00,79,18,5,1,37,9,2024,0
2024-09-14 21:00:00,29,21,5,1,37,9,2024,0
2024-09-15 03:00:00,10,3,6,1,37,9,2024,0
2024-09-15 06:00:00,75,6,6,1,37,9,2024,0
2024-09-15 09:00:00,194,9,6,1,37,9,2024,0
2024-09-15 12:00:00,256,12,6,1,37,9,2024,0
2024-09-15 15:00:00,209,15,6,1,37,9,2024,0
2024-09-15 18:00:00,99,18,6,1,37,9,2024,0
2024-09-15 21:00:00,4,21,6,1,37,9,2024,0
2024-09-16 03:00:00,88,3,0,0,38,9,2024,0
2024-09-16 06:00:00,180,6,0,0,38,9,2024,0
2024-09-16 09:00:00,116,9,0,0,38,9,2024,0
2024-09-16 12:00:00,275,12,0,0,38,9,2024,0
2024-09-16 15:00:00,191,15,0,0,38,9,2024,0
2024-09-16 18:00:00,84,18,0,0,38,9,2024,0
2024-09-16 21:00:00,5,21,0,0,38,9,2024,0
2024-09-17 03:00:00,89,3,1,0,38,9,2024,0
2024-09-17 06:00:00,159,6,1,0,38,9,2024,0
2024-09-17 09:00:00,138,9,1,0,38,9,2024,0
2024-09-17 12:00:00,331,12,1,0,38,9,2024,0
2024-09-17 15:00:00,300,15,1,0,38,9,2024,0
2024-09-17 18:00:00,129,18,1,0,38,9,2024,0
2024-09-17 21:00:00,8,21,1,0,38,9,2024,0
2024-09-18 03:00:00,101,3,2,0,38,9,2024,0
2024-09-18 06:00:00,207,6,2,0,38,9,2024,0
2024-09-18 09:00:00,158,9,2,0,38,9,2024,0
2024-09-18 12:00:00,316,12,2,0,38,9,2024,0
2024-09-18 15:00:00,278,15,2,0,38,9,2024,0
2024-09-18 18:00:00,147,18,2,0,38,9,2024,0
2024-09-18 21:00:00,14,21,2,0,38,9,2024,0
2024-09-19 03:00:00,86,3,3,0,38,9,2024,0
2024-09-19 06:00:00,173,6,3,0,38,9,2024,0
2024-09-19 09:00:00,166,9,3,0,38,9,2024,0
2024-09-19 12:00:00,347,12,3,0,38,9,2024,0
2024-09-19 15:00:00,301,15,3,0,38,9,2024,0
2024-09-19 18:00:00,139,18,3,0,38,9,2024,0
2024-09-19 21:00:00,18,21,3,0,38,9,2024,0
2024-09-20 03:00:00,65,3,4,0,38,9,2024,0
2024-09-20 06:00:00,179,6,4,0,38,9,2024,0
2024-09-20 09:00:00,187,9,4,0,38,9,2024,0
2024-09-20 12:00:00,317,12,4,0,38,9,2024,0
2024-09-20 15:00:00,220,15,4,0,38,9,2024,0
2024-09-20 18:00:00,99,18,4,0,38,9,2024,0
2024-09-20 21:00:00,25,21,4,0,38,9,2024,0
2024-09-21 03:00:00,10,3,5,1,38,9,2024,0
2024-09-21 06:00:00,94,6,5,1,38,9,2024,0
2024-09-21 09:00:00,191,9,5,1,38,9,2024,0
2024-09-21 12:00:00,265,12,5,1,38,9,2024,0
2024-09-21 15:00:00,208,15,5,1,38,9,2024,0
2024-09-21 18:00:00,68,18,5,1,38,9,2024,0
2024-09-21 21:00:00,17,21,5,1,38,9,2024,0
2024-09-22 03:00:00,15,3,6,1,38,9,2024,0
2024-09-22 06:00:00,64,6,6,1,38,9,2024,0
2024-09-22 09:00:00,162,9,6,1,38,9,2024,0
2024-09-22 12:00:00,208,12,6,1,38,9,2024,0
2024-09-22 15:00:00,151,15,6,1,38,9,2024,0
2024-09-22 18:00:00,64,18,6,1,38,9,2024,0
2024-09-22 21:00:00,6,21,6,1,38,9,2024,0
2024-09-23 03:00:00,49,3,0,0,39,9,2024,0
2024-09-23 06:00:00,96,6,0,0,39,9,2024,0
2024-09-23 09:00:00,109,9,0,0,39,9,2024,0
2024-09-23 12:00:00,260,12,0,0,39,9,2024,0
2024-09-23 15:00:00,223,15,0,0,39,9,2024,0
2024-09-23 18:00:00,100,18,0,0,39,9,2024,0
2024-09-23 21:00:00,7,21,0,0,39,9,2024,0
2024-09-24 03:00:00,64,3,1,0,39,9,2024,0
2024-09-24 06:00:00,151,6,1,0,39,9,2024,0
2024-09-24 09:00:00,114,9,1,0,39,9,2024,0
2024-09-24 12:00:00,232,12,1,0,39,9,2024,0
2024-09-24 15:00:00,116,15,1,0,39,9,2024,0
2024-09-24 18:00:00,49,18,1,0,39,9,2024,0
2024-09-24 21:00:00,6,21,1,0,39,9,2024,0
2024-09-25 03:00:00,63,3,2,0,39,9,2024,0
2024-09-25 06:00:00,147,6,2,0,39,9,2024,0
2024-09-25 09:00:00,93,9,2,0,39,9,2024,0
2024-09-25 12:00:00,123,12,2,0,39,9,2024,0
2024-09-25 15:00:00,76,15,2,0,39,9,2024,0
2024-09-25 18:00:00,35,18,2,0,39,9,2024,0
2024-09-25 21:00:00,4,21,2,0,39,9,2024,0
2024-09-26 03:00:00,71,3,3,0,39,9,2024,0
2024-09-26 06:00:00,134,6,3,0,39,9,2024,0
2024-09-26 09:00:00,104,9,3,0,39,9,2024,0
2024-09-26 12:00:00,247,12,3,0,39,9,2024,0
2024-09-26 15:00:00,156,15,3,0,39,9,2024,0
2024-09-26 18:00:00,75,18,3,0,39,9,2024,0
2024-09-26 21:00:00,10,21,3,0,39,9,2024,0
2024-09-27 03:00:00,48,3,4,0,39,9,2024,0
2024-09-27 06:00:00,115,6,4,0,39,9,2024,0
2024-09-27 09:00:00,111,9,4,0,39,9,2024,0
2024-09-27 12:00:00,267,12,4,0,39,9,2024,0
2024-09-27 15:00:00,155,15,4,0,39,9,2024,0
2024-09-27 18:00:00,72,18,4,0,39,9,2024,0
2024-09-27 21:00:00,24,21,4,0,39,9,2024,0
2024-09-28 03:00:00,8,3,5,1,39,9,2024,0
2024-09-28 06:00:00,79,6,5,1,39,9,2024,0
2024-09-28 09:00:00,66,9,5,1,39,9,2024,0
2024-09-28 12:00:00,50,12,5,1,39,9,2024,0
2024-09-28 15:00:00,42,15,5,1,39,9,2024,0
2024-09-28 18:00:00,21,18,5,1,39,9,2024,0
2024-09-28 21:00:00,3,21,5,1,39,9,2024,0
2024-09-29 03:00:00,7,3,6,1,39,9,2024,0
2024-09-29 06:00:00,38,6,6,1,39,9,2024,0
2024-09-29 09:00:00,59,9,6,1,39,9,2024,0
2024-09-29 12:00:00,92,12,6,1,39,9,2024,0
2024-09-29 15:00:00,103,15,6,1,39,9,2024,0
2024-09-29 18:00:00,46,18,6,1,39,9,2024,0
2024-09-29 21:00:00,4,21,6,1,39,9,2024,0
2024-09-30 03:00:00,49,3,0,0,40,9,2024,0
2024-09-30 06:00:00,105,6,0,0,40,9,2024,0
2024-09-30 09:00:00,94,9,0,0,40,9,2024,0
2024-09-30 12:00:00,214,12,0,0,40,9,2024,0
2024-09-30 15:00:00,144,15,0,0,40,9,2024,0
2024-09-30 18:00:00,77,18,0,0,40,9,2024,0
2024-09-30 21:00:00,1,21,0,0,40,9,2024,0
2024-10-01 03:00:00,39,3,1,0,40,10,2024,0
2024-10-01 06:00:00,111,6,1,0,40,10,2024,0
2024-10-01 09:00:00,106,9,1,0,40,10,2024,0
2024-10-01 12:00:00,210,12,1,0,40,10,2024,0
2024-10-01 15:00:00,212,15,1,0,40,10,2024,0
2024-10-01 18:00:00,95,18,1,0,40,10,2024,0
2024-10-01 21:00:00,11,21,1,0,40,10,2024,0
2024-10-02 03:00:00,56,3,2,0,40,10,2024,0
2024-10-02 06:00:00,104,6,2,0,40,10,2024,0
2024-10-02 09:00:00,76,9,2,0,40,10,2024,0
2024-10-02 12:00:00,168,12,2,0,40,10,2024,0
2024-10-02 15:00:00,129,15,2,0,40,10,2024,0
2024-10-02 18:00:00,69,18,2,0,40,10,2024,0
2024-10-02 21:00:00,9,21,2,0,40,10,2024,0
2024-10-03 03:00:00,63,3,3,0,40,10,2024,0
2024-10-03 06:00:00,119,6,3,0,40,10,2024,0
2024-10-03 09:00:00,104,9,3,0,40,10,2024,0
2024-10-03 12:00:00,226,12,3,0,40,10,2024,0
2024-10-03 15:00:00,192,15,3,0,40,10,2024,0
2024-10-03 18:00:00,90,18,3,0,40,10,2024,0
2024-10-03 21:00:00,4,21,3,0,40,10,2024,0
2024-10-04 03:00:00,59,3,4,0,40,10,2024,0
2024-10-04 06:00:00,90,6,4,0,40,10,2024,0
2024-10-04 09:00:00,102,9,4,0,40,10,2024,0
2024-10-04 12:00:00,182,12,4,0,40,10,2024,0
2024-10-04 15:00:00,81,15,4,0,40,10,2024,0
2024-10-04 18:00:00,36,18,4,0,40,10,2024,0
2024-10-04 21:00:00,13,21,4,0,40,10,2024,0
2024-10-05 03:00:00,4,3,5,1,40,10,2024,0
2024-10-05 06:00:00,43,6,5,1,40,10,2024,0
2024-10-05 09:00:00,104,9,5,1,40,10,2024,0
2024-10-05 12:00:00,101,12,5,1,40,10,2024,0
2024-10-05 15:00:00,60,15,5,1,40,10,2024,0
2024-10-05 18:00:00,26,18,5,1,40,10,2024,0
2024-10-05 21:00:00,7,21,5,1,40,10,2024,0
2024-10-06 03:00:00,3,3,6,1,40,10,2024,0
2024-10-06 06:00:00,37,6,6,1,40,10,2024,0
2024-10-06 09:00:00,51,9,6,1,40,10,2024,0
2024-10-06 12:00:00,92,12,6,1,40,10,2024,0
2024-10-06 15:00:00,90,15,6,1,40,10,2024,0
2024-10-06 18:00:00,40,18,6,1,40,10,2024,0
2024-10-06 21:00:00,3,21,6,1,40,10,2024,0
2024-10-07 03:00:00,45,3,0,0,41,10,2024,0
2024-10-07 06:00:00,68,6,0,0,41,10,2024,0
2024-10-07 09:00:00,70,9,0,0,41,10,2024,0
2024-10-07 12:00:00,165,12,0,0,41,10,2024,0
2024-10-07 15:00:00,138,15,0,0,41,10,2024,0
2024-10-07 18:00:00,83,18,0,0,41,10,2024,0
2024-10-07 21:00:00,8,21,0,0,41,10,2024,0
2024-10-08 03:00:00,50,3,1,0,41,10,2024,0
2024-10-08 06:00:00,114,6,1,0,41,10,2024,0
2024-10-08 09:00:00,102,9,1,0,41,10,2024,0
2024-10-08 12:00:00,186,12,1,0,41,10,2024,0
2024-10-08 15:00:00,147,15,1,0,41,10,2024,0
2024-10-08 18:00:00,64,18,1,0,41,10,2024,0
2024-10-08 21:00:00,4,21,1,0,41,10,2024,0
2024-10-09 03:00:00,53,3,2,0,41,10,2024,0
2024-10-09 06:00:00,88,6,2,0,41,10,2024,0
2024-10-09 09:00:00,52,9,2,0,41,10,2024,0
2024-10-09 12:00:00,168,12,2,0,41,10,2024,0
2024-10-09 15:00:00,124,15,2,0,41,10,2024,0
2024-10-09 18:00:00,44,18,2,0,41,10,2024,0
2024-10-09 21:00:00,5,21,2,0,41,10,2024,0
2024-10-10 03:00:00,48,3,3,0,41,10,2024,0
2024-10-10 06:00:00,95,6,3,0,41,10,2024,0
2024-10-10 09:00:00,52,9,3,0,41,10,2024,0
2024-10-10 12:00:00,183,12,3,0,41,10,2024,0
2024-10-10 15:00:00,129,15,3,0,41,10,2024,0
2024-10-10 18:00:00,48,18,3,0,41,10,2024,0
2024-10-10 21:00:00,6,21,3,0,41,10,2024,0
2024-10-11 03:00:00,43,3,4,0,41,10,2024,0
2024-10-11 06:00:00,100,6,4,0,41,10,2024,0
2024-10-11 09:00:00,109,9,4,0,41,10,2024,0
2024-10-11 12:00:00,164,12,4,0,41,10,2024,0
2024-10-11 15:00:00,70,15,4,0,41,10,2024,0
2024-10-11 18:00:00,35,18,4,0,41,10,2024,0
2024-10-11 21:00:00,11,21,4,0,41,10,2024,0
2024-10-12 03:00:00,3,3,5,1,41,10,2024,0
2024-10-12 06:00:00,40,6,5,1,41,10,2024,0
2024-10-12 09:00:00,107,9,5,1,41,10,2024,0
2024-10-12 12:00:00,158,12,5,1,41,10,2024,0
2024-10-12 15:00:00,73,15,5,1,41,10,2024,0
2024-10-12 18:00:00,32,18,5,1,41,10,2024,0
2024-10-12 21:00:00,20,21,5,1,41,10,2024,0
2024-10-13 03:00:00,5,3,6,1,41,10,2024,0
2024-10-13 06:00:00,45,6,6,1,41,10,2024,0
2024-10-13 09:00:00,101,9,6,1,41,10,2024,0
2024-10-13 12:00:00,136,12,6,1,41,10,2024,0
2024-10-13 15:00:00,102,15,6,1,41,10,2024,0
2024-10-13 18:00:00,45,18,6,1,41,10,2024,0
2024-10-13 21:00:00,4,21,6,1,41,10,2024,0
2024-10-14 03:00:00,37,3,0,0,42,10,2024,0
2024-10-14 06:00:00,109,6,0,0,42,10,2024,0
2024-10-14 09:00:00,55,9,0,0,42,10,2024,0
2024-10-14 12:00:00,154,12,0,0,42,10,2024,0
2024-10-14 15:00:00,112,15,0,0,42,10,2024,0
2024-10-14 18:00:00,52,18,0,0,42,10,2024,0
2024-10-14 21:00:00,5,21,0,0,42,10,2024,0
2024-10-15 03:00:00,42,3,1,0,42,10,2024,0
2024-10-15 06:00:00,86,6,1,0,42,10,2024,0
2024-10-15 09:00:00,63,9,1,0,42,10,2024,0
2024-10-15 12:00:00,153,12,1,0,42,10,2024,0
2024-10-15 15:00:00,143,15,1,0,42,10,2024,0
2024-10-15 18:00:00,65,18,1,0,42,10,2024,0
2024-10-15 21:00:00,6,21,1,0,42,10,2024,0
2024-10-16 03:00:00,43,3,2,0,42,10,2024,0
2024-10-16 06:00:00,86,6,2,0,42,10,2024,0
2024-10-16 09:00:00,71,9,2,0,42,10,2024,0
2024-10-16 12:00:00,214,12,2,0,42,10,2024,0
2024-10-16 15:00:00,102,15,2,0,42,10,2024,0
2024-10-16 18:00:00,76,18,2,0,42,10,2024,0
2024-10-16 21:00:00,4,21,2,0,42,10,2024,0
2024-10-17 03:00:00,61,3,3,0,42,10,2024,0
2024-10-17 06:00:00,110,6,3,0,42,10,2024,0
2024-10-17 09:00:00,73,9,3,0,42,10,2024,0
2024-10-17 12:00:00,201,12,3,0,42,10,2024,0
2024-10-17 15:00:00,128,15,3,0,42,10,2024,0
2024-10-17 18:00:00,79,18,3,0,42,10,2024,0
2024-10-17 21:00:00,8,21,3,0,42,10,2024,0
2024-10-18 03:00:00,47,3,4,0,42,10,2024,0
2024-10-18 06:00:00,131,6,4,0,42,10,2024,0
2024-10-18 09:00:00,125,9,4,0,42,10,2024,0
2024-10-18 12:00:00,231,12,4,0,42,10,2024,0
2024-10-18 15:00:00,175,15,4,0,42,10,2024,0
2024-10-18 18:00:00,89,18,4,0,42,10,2024,0
2024-10-18 21:00:00,28,21,4,0,42,10,2024,0
2024-10-19 03:00:00,9,3,5,1,42,10,2024,0
2024-10-19 06:00:00,59,6,5,1,42,10,2024,0
2024-10-19 09:00:00,156,9,5,1,42,10,2024,0
2024-10-19 12:00:00,150,12,5,1,42,10,2024,0
2024-10-19 15:00:00,129,15,5,1,42,10,2024,0
2024-10-19 18:00:00,46,18,5,1,42,10,2024,0
2024-10-19 21:00:00,16,21,5,1,42,10,2024,0
2024-10-20 03:00:00,7,3,6,1,42,10,2024,0
2024-10-20 06:00:00,41,6,6,1,42,10,2024,0
2024-10-20 09:00:00,100,9,6,1,42,10,2024,0
2024-10-20 12:00:00,179,12,6,1,42,10,2024,0
2024-10-20 15:00:00,139,15,6,1,42,10,2024,0
2024-10-20 18:00:00,50,18,6,1,42,10,2024,0
2024-10-20 21:00:00,4,21,6,1,42,10,2024,0
2024-10-21 03:00:00,59,3,0,0,43,10,2024,0
2024-10-21 06:00:00,116,6,0,0,43,10,2024,0
2024-10-21 09:00:00,93,9,0,0,43,10,2024,0
2024-10-21 12:00:00,184,12,0,0,43,10,2024,0
2024-10-21 15:00:00,141,15,0,0,43,10,2024,0
2024-10-21 18:00:00,70,18,0,0,43,10,2024,0
2024-10-21 21:00:00,7,21,0,0,43,10,2024,0
2024-10-22 03:00:00,41,3,1,0,43,10,2024,0
2024-10-22 06:00:00,104,6,1,0,43,10,2024,0
2024-10-22 09:00:00,87,9,1,0,43,10,2024,0
2024-10-22 12:00:00,150,12,1,0,43,10,2024,0
2024-10-22 15:00:00,131,15,1,0,43,10,2024,0
2024-10-22 18:00:00,61,18,1,0,43,10,2024,0
2024-10-22 21:00:00,2,21,1,0,43,10,2024,0
2024-10-23 03:00:00,47,3,2,0,43,10,2024,0
2024-10-23 06:00:00,119,6,2,0,43,10,2024,0
2024-10-23 09:00:00,36,9,2,0,43,10,2024,0
2024-10-23 12:00:00,144,12,2,0,43,10,2024,0
2024-10-23 15:00:00,81,15,2,0,43,10,2024,0
2024-10-23 18:00:00,30,18,2,0,43,10,2024,0
2024-10-23 21:00:00,3,21,2,0,43,10,2024,0
2024-10-24 03:00:00,59,3,3,0,43,10,2024,0
2024-10-24 06:00:00,115,6,3,0,43,10,2024,0
2024-10-24 09:00:00,95,9,3,0,43,10,2024,0
2024-10-24 12:00:00,191,12,3,0,43,10,2024,0
2024-10-24 15:00:00,156,15,3,0,43,10,2024,0
2024-10-24 18:00:00,75,18,3,0,43,10,2024,0
2024-10-24 21:00:00,10,21,3,0,43,10,2024,0
2024-10-25 03:00:00,50,3,4,0,43,10,2024,0
2024-10-25 06:00:00,101,6,4,0,43,10,2024,0
2024-10-25 09:00:00,110,9,4,0,43,10,2024,0
2024-10-25 12:00:00,141,12,4,0,43,10,2024,0
2024-10-25 15:00:00,68,15,4,0,43,10,2024,0
2024-10-25 18:00:00,52,18,4,0,43,10,2024,0
2024-10-25 21:00:00,20,21,4,0,43,10,2024,0
2024-10-26 03:00:00,6,3,5,1,43,10,2024,0
2024-10-26 06:00:00,42,6,5,1,43,10,2024,0
2024-10-26 09:00:00,112,9,5,1,43,10,2024,0
2024-10-26 12:00:00,138,12,5,1,43,10,2024,0
2024-10-26 15:00:00,104,15,5,1,43,10,2024,0
2024-10-26 18:00:00,39,18,5,1,43,10,2024,0
2024-10-26 21:00:00,17,21,5,1,43,10,2024,0
2024-10-27 03:00:00,2,3,6,1,43,10,2024,0
2024-10-27 06:00:00,36,6,6,1,43,10,2024,0
2024-10-27 09:00:00,80,9,6,1,43,10,2024,0
2024-10-27 12:00:00,95,12,6,1,43,10,2024,0
2024-10-27 15:00:00,62,15,6,1,43,10,2024,0
2024-10-27 18:00:00,37,18,6,1,43,10,2024,0
2024-10-27 21:00:00,9,21,6,1,43,10,2024,0
2024-10-28 03:00:00,6,3,0,0,44,10,2024,0
2024-10-28 06:00:00,81,6,0,0,44,10,2024,0
2024-10-28 09:00:00,38,9,0,0,44,10,2024,0
2024-10-28 12:00:00,76,12,0,0,44,10,2024,0
2024-10-28 15:00:00,138,15,0,0,44,10,2024,0
2024-10-28 18:00:00,60,18,0,0,44,10,2024,0
2024-10-28 21:00:00,16,21,0,0,44,10,2024,0
2024-10-29 03:00:00,13,3,1,0,44,10,2024,0
2024-10-29 06:00:00,114,6,1,0,44,10,2024,0
2024-10-29 09:00:00,36,9,1,0,44,10,2024,0
2024-10-29 12:00:00,93,12,1,0,44,10,2024,0
2024-10-29 15:00:00,108,15,1,0,44,10,2024,0
2024-10-29 18:00:00,43,18,1,0,44,10,2024,0
2024-10-29 21:00:00,15,21,1,0,44,10,2024,0
2024-10-30 03:00:00,7,3,2,0,44,10,2024,0
2024-10-30 06:00:00,90,6,2,0,44,10,2024,0
2024-10-30 09:00:00,22,9,2,0,44,10,2024,0
2024-10-30 12:00:00,47,12,2,0,44,10,2024,0
2024-10-30 15:00:00,103,15,2,0,44,10,2024,0
2024-10-30 18:00:00,47,18,2,0,44,10,2024,0
2024-10-30 21:00:00,20,21,2,0,44,10,2024,0
2024-10-31 03:00:00,7,3,3,0,44,10,2024,0
2024-10-31 06:00:00,83,6,3,0,44,10,2024,0
2024-10-31 09:00:00,50,9,3,0,44,10,2024,0
2024-10-31 12:00:00,74,12,3,0,44,10,2024,0
2024-10-31 15:00:00,93,15,3,0,44,10,2024,0
2024-10-31 18:00:00,42,18,3,0,44,10,2024,0
2024-10-31 21:00:00,11,21,3,0,44,10,2024,0
2024-11-01 03:00:00,3,3,4,0,44,11,2024,1
2024-11-01 06:00:00,57,6,4,0,44,11,2024,1
2024-11-01 09:00:00,25,9,4,0,44,11,2024,1
2024-11-01 12:00:00,29,12,4,0,44,11,2024,1
2024-11-01 15:00:00,29,15,4,0,44,11,2024,1
2024-11-01 18:00:00,15,18,4,0,44,11,2024,1
2024-11-01 21:00:00,3,21,4,0,44,11,2024,1
2024-11-02 06:00:00,12,6,5,1,44,11,2024,1
2024-11-02 09:00:00,24,9,5,1,44,11,2024,1
2024-11-02 12:00:00,35,12,5,1,44,11,2024,1
2024-11-02 15:00:00,42,15,5,1,44,11,2024,1
2024-11-02 18:00:00,15,18,5,1,44,11,2024,1
2024-11-02 21:00:00,4,21,5,1,44,11,2024,1
2024-11-03 06:00:00,11,6,6,1,44,11,2024,1
2024-11-03 09:00:00,32,9,6,1,44,11,2024,1
2024-11-03 12:00:00,66,12,6,1,44,11,2024,1
2024-11-03 15:00:00,72,15,6,1,44,11,2024,1
2024-11-03 18:00:00,52,18,6,1,44,11,2024,1
2024-11-03 21:00:00,12,21,6,1,44,11,2024,1
2024-11-04 03:00:00,8,3,0,0,45,11,2024,1
2024-11-04 06:00:00,69,6,0,0,45,11,2024,1
2024-11-04 09:00:00,41,9,0,0,45,11,2024,1
2024-11-04 12:00:00,81,12,0,0,45,11,2024,1
2024-11-04 15:00:00,106,15,0,0,45,11,2024,1
2024-11-04 18:00:00,71,18,0,0,45,11,2024,1
2024-11-04 21:00:00,19,21,0,0,45,11,2024,1
2024-11-05 03:00:00,8,3,1,0,45,11,2024,1
2024-11-05 06:00:00,104,6,1,0,45,11,2024,1
2024-11-05 09:00:00,42,9,1,0,45,11,2024,1
2024-11-05 12:00:00,102,12,1,0,45,11,2024,1
2024-11-05 15:00:00,141,15,1,0,45,11,2024,1
2024-11-05 18:00:00,80,18,1,0,45,11,2024,1
2024-11-05 21:00:00,26,21,1,0,45,11,2024,1
2024-11-06 03:00:00,12,3,2,0,45,11,2024,1
2024-11-06 06:00:00,110,6,2,0,45,11,2024,1
2024-11-06 09:00:00,38,9,2,0,45,11,2024,1
2024-11-06 12:00:00,95,12,2,0,45,11,2024,1
2024-11-06 15:00:00,124,15,2,0,45,11,2024,1
2024-11-06 18:00:00,65,18,2,0,45,11,2024,1
2024-11-06 21:00:00,19,21,2,0,45,11,2024,1
2024-11-07 03:00:00,9,3,3,0,45,11,2024,1
2024-11-07 06:00:00,119,6,3,0,45,11,2024,1
2024-11-07 09:00:00,55,9,3,0,45,11,2024,1
2024-11-07 12:00:00,93,12,3,0,45,11,2024,1
2024-11-07 15:00:00,126,15,3,0,45,11,2024,1
2024-11-07 18:00:00,69,18,3,0,45,11,2024,1
2024-11-07 21:00:00,19,21,3,0,45,11,2024,1
2024-11-08 03:00:00,6,3,4,0,45,11,2024,1
2024-11-08 06:00:00,85,6,4,0,45,11,2024,1
2024-11-08 09:00:00,68,9,4,0,45,11,2024,1
2024-11-08 12:00:00,121,12,4,0,45,11,2024,1
2024-11-08 15:00:00,102,15,4,0,45,11,2024,1
2024-11-08 18:00:00,63,18,4,0,45,11,2024,1
2024-11-08 21:00:00,43,21,4,0,45,11,2024,1
2024-11-09 03:00:00,1,3,5,1,45,11,2024,1
2024-11-09 06:00:00,33,6,5,1,45,11,2024,1
2024-11-09 09:00:00,88,9,5,1,45,11,2024,1
2024-11-09 12:00:00,108,12,5,1,45,11,2024,1
2024-11-09 15:00:00,100,15,5,1,45,11,2024,1
2024-11-09 18:00:00,47,18,5,1,45,11,2024,1
2024-11-09 21:00:00,26,21,5,1,45,11,2024,1
2024-11-10 03:00:00,1,3,6,1,45,11,2024,1
2024-11-10 06:00:00,21,6,6,1,45,11,2024,1
2024-11-10 09:00:00,43,9,6,1,45,11,2024,1
2024-11-10 12:00:00,65,12,6,1,45,11,2024,1
2024-11-10 15:00:00,58,15,6,1,45,11,2024,1
2024-11-10 18:00:00,34,18,6,1,45,11,2024,1
2024-11-10 21:00:00,7,21,6,1,45,11,2024,1
2024-11-11 03:00:00,8,3,0,0,46,11,2024,1
2024-11-11 06:00:00,71,6,0,0,46,11,2024,1
2024-11-11 09:00:00,35,9,0,0,46,11,2024,1
2024-11-11 12:00:00,69,12,0,0,46,11,2024,1
2024-11-11 15:00:00,104,15,0,0,46,11,2024,1
2024-11-11 18:00:00,41,18,0,0,46,11,2024,1
2024-11-11 21:00:00,18,21,0,0,46,11,2024,1
2024-11-12 03:00:00,5,3,1,0,46,11,2024,1
2024-11-12 06:00:00,75,6,1,0,46,11,2024,1
2024-11-12 09:00:00,33,9,1,0,46,11,2024,1
2024-11-12 12:00:00,35,12,1,0,46,11,2024,1
2024-11-12 15:00:00,91,15,1,0,46,11,2024,1
2024-11-12 18:00:00,45,18,1,0,46,11,2024,1
2024-11-12 21:00:00,21,21,1,0,46,11,2024,1
2024-11-13 03:00:00,10,3,2,0,46,11,2024,1
2024-11-13 06:00:00,81,6,2,0,46,11,2024,1
2024-11-13 09:00:00,39,9,2,0,46,11,2024,1
2024-11-13 12:00:00,38,12,2,0,46,11,2024,1
2024-11-13 15:00:00,82,15,2,0,46,11,2024,1
2024-11-13 18:00:00,62,18,2,0,46,11,2024,1
2024-11-13 21:00:00,16,21,2,0,46,11,2024,1
2024-11-14 03:00:00,8,3,3,0,46,11,2024,1
2024-11-14 06:00:00,73,6,3,0,46,11,2024,1
2024-11-14 09:00:00,18,9,3,0,46,11,2024,1
2024-11-14 12:00:00,41,12,3,0,46,11,2024,1
2024-11-14 15:00:00,65,15,3,0,46,11,2024,1
2024-11-14 18:00:00,37,18,3,0,46,11,2024,1
2024-11-14 21:00:00,9,21,3,0,46,11,2024,1
2024-11-15 03:00:00,4,3,4,0,46,11,2024,1
2024-11-15 06:00:00,91,6,4,0,46,11,2024,1
2024-11-15 09:00:00,50,9,4,0,46,11,2024,1
2024-11-15 12:00:00,83,12,4,0,46,11,2024,1
2024-11-15 15:00:00,95,15,4,0,46,11,2024,1
2024-11-15 18:00:00,39,18,4,0,46,11,2024,1
2024-11-15 21:00:00,8,21,4,0,46,11,2024,1
2024-11-16 03:00:00,1,3,5,1,46,11,2024,1
2024-11-16 06:00:00,8,6,5,1,46,11,2024,1
2024-11-16 09:00:00,29,9,5,1,46,11,2024,1
2024-11-16 12:00:00,56,12,5,1,46,11,2024,1
2024-11-16 15:00:00,22,15,5,1,46,11,2024,1
2024-11-16 18:00:00,15,18,5,1,46,11,2024,1
2024-11-16 21:00:00,11,21,5,1,46,11,2024,1
2024-11-17 03:00:00,1,3,6,1,46,11,2024,1
2024-11-17 06:00:00,15,6,6,1,46,11,2024,1
2024-11-17 09:00:00,26,9,6,1,46,11,2024,1
2024-11-17 12:00:00,28,12,6,1,46,11,2024,1
2024-11-17 15:00:00,29,15,6,1,46,11,2024,1
2024-11-17 18:00:00,14,18,6,1,46,11,2024,1
2024-11-17 21:00:00,5,21,6,1,46,11,2024,1
2024-11-18 03:00:00,8,3,0,0,47,11,2024,1
2024-11-18 06:00:00,35,6,0,0,47,11,2024,1
2024-11-18 09:00:00,13,9,0,0,47,11,2024,1
2024-11-18 12:00:00,28,12,0,0,47,11,2024,1
2024-11-18 15:00:00,29,15,0,0,47,11,2024,1
2024-11-18 18:00:00,38,18,0,0,47,11,2024,1
2024-11-18 21:00:00,11,21,0,0,47,11,2024,1
2024-11-19 03:00:00,4,3,1,0,47,11,2024,1
2024-11-19 06:00:00,48,6,1,0,47,11,2024,1
2024-11-19 09:00:00,17,9,1,0,47,11,2024,1
2024-11-19 12:00:00,34,12,1,0,47,11,2024,1
2024-11-19 15:00:00,34,15,1,0,47,11,2024,1
2024-11-19 18:00:00,15,18,1,0,47,11,2024,1
2024-11-19 21:00:00,7,21,1,0,47,11,2024,1
2024-11-20 03:00:00,3,3,2,0,47,11,2024,1
2024-11-20 06:00:00,10,6,2,0,47,11,2024,1
2024-11-20 09:00:00,3,9,2,0,47,11,2024,1
2024-11-20 12:00:00,11,12,2,0,47,11,2024,1
2024-11-20 15:00:00,20,15,2,0,47,11,2024,1
2024-11-20 18:00:00,9,18,2,0,47,11,2024,1
2024-11-20 21:00:00,1,21,2,0,47,11,2024,1
2024-11-21 03:00:00,5,3,3,0,47,11,2024,1
2024-11-21 06:00:00,12,6,3,0,47,11,2024,1
2024-11-21 09:00:00,3,9,3,0,47,11,2024,1
2024-11-21 12:00:00,11,12,3,0,47,11,2024,1
2024-11-21 15:00:00,12,15,3,0,47,11,2024,1
2024-11-21 18:00:00,1,18,3,0,47,11,2024,1
2024-11-21 21:00:00,2,21,3,0,47,11,2024,1
2024-11-22 03:00:00,2,3,4,0,47,11,2024,1
2024-11-22 06:00:00,3,6,4,0,47,11,2024,1
2024-11-22 09:00:00,3,9,4,0,47,11,2024,1
2024-11-22 12:00:00,4,12,4,0,47,11,2024,1
2024-11-22 15:00:00,5,15,4,0,47,11,2024,1
2024-11-22 18:00:00,2,18,4,0,47,11,2024,1
2024-11-22 21:00:00,4,21,4,0,47,11,2024,1
2024-11-23 09:00:00,1,9,5,1,47,11,2024,1
2024-11-23 12:00:00,6,12,5,1,47,11,2024,1
2024-11-23 15:00:00,7,15,5,1,47,11,2024,1
2024-11-23 18:00:00,6,18,5,1,47,11,2024,1
2024-11-23 21:00:00,2,21,5,1,47,11,2024,1
2024-11-24 06:00:00,1,6,6,1,47,11,2024,1
2024-11-24 09:00:00,2,9,6,1,47,11,2024,1
2024-11-24 12:00:00,4,12,6,1,47,11,2024,1
2024-11-24 15:00:00,5,15,6,1,47,11,2024,1
2024-11-24 18:00:00,6,18,6,1,47,11,2024,1
2024-11-24 21:00:00,2,21,6,1,47,11,2024,1
2024-11-25 03:00:00,1,3,0,0,48,11,2024,1
2024-11-25 06:00:00,1,6,0,0,48,11,2024,1
2024-11-25 09:00:00,4,9,0,0,48,11,2024,1
2024-11-25 12:00:00,4,12,0,0,48,11,2024,1
2024-11-25 15:00:00,5,15,0,0,48,11,2024,1
2024-11-25 18:00:00,4,18,0,0,48,11,2024,1
2024-11-25 21:00:00,1,21,0,0,48,11,2024,1
2024-11-26 06:00:00,6,6,1,0,48,11,2024,1
2024-11-26 09:00:00,1,9,1,0,48,11,2024,1
2024-11-26 12:00:00,4,12,1,0,48,11,2024,1
2024-11-26 15:00:00,10,15,1,0,48,11,2024,1
2024-11-26 18:00:00,7,18,1,0,48,11,2024,1
2024-11-27 06:00:00,6,6,2,0,48,11,2024,1
2024-11-27 09:00:00,2,9,2,0,48,11,2024,1
2024-11-27 12:00:00,5,12,2,0,48,11,2024,1
2024-11-27 15:00:00,7,15,2,0,48,11,2024,1
2024-11-27 18:00:00,1,18,2,0,48,11,2024,1
2024-11-28 06:00:00,4,6,3,0,48,11,2024,1
2024-11-28 12:00:00,6,12,3,0,48,11,2024,1
2024-11-28 15:00:00,8,15,3,0,48,11,2024,1
2024-11-28 18:00:00,6,18,3,0,48,11,2024,1
2024-11-28 21:00:00,2,21,3,0,48,11,2024,1
2024-11-29 06:00:00,3,6,4,0,48,11,2024,1
2025-03-17 12:00:00,1,12,0,0,12,3,2025,1
2025-03-18 06:00:00,1,6,1,0,12,3,2025,1
2025-03-18 09:00:00,1,9,1,0,12,3,2025,1
2025-03-18 12:00:00,2,12,1,0,12,3,2025,1
2025-03-18 15:00:00,3,15,1,0,12,3,2025,1
2025-03-18 21:00:00,1,21,1,0,12,3,2025,1
2025-03-19 06:00:00,3,6,2,0,12,3,2025,1
2025-03-19 09:00:00,2,9,2,0,12,3,2025,1
2025-03-19 12:00:00,4,12,2,0,12,3,2025,1
2025-03-19 15:00:00,13,15,2,0,12,3,2025,1
2025-03-19 18:00:00,8,18,2,0,12,3,2025,1
2025-03-19 21:00:00,5,21,2,0,12,3,2025,1
2025-03-20 03:00:00,2,3,3,0,12,3,2025,1
2025-03-20 06:00:00,10,6,3,0,12,3,2025,1
2025-03-20 09:00:00,11,9,3,0,12,3,2025,1
2025-03-20 12:00:00,36,12,3,0,12,3,2025,1
2025-03-20 15:00:00,35,15,3,0,12,3,2025,1
2025-03-20 18:00:00,15,18,3,0,12,3,2025,1
2025-03-20 21:00:00,4,21,3,0,12,3,2025,1
2025-03-21 03:00:00,3,3,4,0,12,3,2025,1
2025-03-21 06:00:00,33,6,4,0,12,3,2025,1
2025-03-21 09:00:00,37,9,4,0,12,3,2025,1
2025-03-21 12:00:00,51,12,4,0,12,3,2025,1
2025-03-21 15:00:00,77,15,4,0,12,3,2025,1
2025-03-21 18:00:00,40,18,4,0,12,3,2025,1
2025-03-21 21:00:00,14,21,4,0,12,3,2025,1
2025-03-22 06:00:00,21,6,5,1,12,3,2025,1
2025-03-22 09:00:00,107,9,5,1,12,3,2025,1
2025-03-22 12:00:00,118,12,5,1,12,3,2025,1
2025-03-22 15:00:00,71,15,5,1,12,3,2025,1
2025-03-22 18:00:00,21,18,5,1,12,3,2025,1
2025-03-22 21:00:00,12,21,5,1,12,3,2025,1
2025-03-23 03:00:00,3,3,6,1,12,3,2025,1
2025-03-23 06:00:00,31,6,6,1,12,3,2025,1
2025-03-23 09:00:00,88,9,6,1,12,3,2025,1
2025-03-23 12:00:00,127,12,6,1,12,3,2025,1
2025-03-23 15:00:00,115,15,6,1,12,3,2025,1
2025-03-23 18:00:00,43,18,6,1,12,3,2025,1
2025-03-23 21:00:00,8,21,6,1,12,3,2025,1
2025-03-24 03:00:00,7,3,0,0,13,3,2025,1
2025-03-24 06:00:00,78,6,0,0,13,3,2025,1
2025-03-24 09:00:00,42,9,0,0,13,3,2025,1
2025-03-24 12:00:00,33,12,0,0,13,3,2025,1
2025-03-24 15:00:00,39,15,0,0,13,3,2025,1
2025-03-24 18:00:00,28,18,0,0,13,3,2025,1
2025-03-24 21:00:00,12,21,0,0,13,3,2025,1
2025-03-25 03:00:00,6,3,1,0,13,3,2025,1
2025-03-25 06:00:00,87,6,1,0,13,3,2025,1
2025-03-25 09:00:00,37,9,1,0,13,3,2025,1
2025-03-25 12:00:00,38,12,1,0,13,3,2025,1
2025-03-25 15:00:00,58,15,1,0,13,3,2025,1
2025-03-25 18:00:00,36,18,1,0,13,3,2025,1
2025-03-25 21:00:00,9,21,1,0,13,3,2025,1
2025-03-26 03:00:00,10,3,2,0,13,3,2025,1
2025-03-26 06:00:00,84,6,2,0,13,3,2025,1
2025-03-26 09:00:00,22,9,2,0,13,3,2025,1
2025-03-26 12:00:00,35,12,2,0,13,3,2025,1
2025-03-26 15:00:00,61,15,2,0,13,3,2025,1
2025-03-26 18:00:00,41,18,2,0,13,3,2025,1
2025-03-26 21:00:00,11,21,2,0,13,3,2025,1
2025-03-27 03:00:00,9,3,3,0,13,3,2025,1
2025-03-27 06:00:00,72,6,3,0,13,3,2025,1
2025-03-27 09:00:00,48,9,3,0,13,3,2025,1
2025-03-27 12:00:00,60,12,3,0,13,3,2025,1
2025-03-27 15:00:00,117,15,3,0,13,3,2025,1
2025-03-27 18:00:00,64,18,3,0,13,3,2025,1
2025-03-27 21:00:00,19,21,3,0,13,3,2025,1
2025-03-28 03:00:00,5,3,4,0,13,3,2025,1
2025-03-28 06:00:00,84,6,4,0,13,3,2025,1
2025-03-28 09:00:00,54,9,4,0,13,3,2025,1
2025-03-28 12:00:00,129,12,4,0,13,3,2025,1
2025-03-28 15:00:00,145,15,4,0,13,3,2025,1
2025-03-28 18:00:00,73,18,4,0,13,3,2025,1
2025-03-28 21:00:00,27,21,4,0,13,3,2025,1
2025-03-29 03:00:00,2,3,5,1,13,3,2025,1
2025-03-29 06:00:00,35,6,5,1,13,3,2025,1
2025-03-29 09:00:00,77,9,5,1,13,3,2025,1
2025-03-29 12:00:00,99,12,5,1,13,3,2025,1
2025-03-29 15:00:00,94,15,5,1,13,3,2025,1
2025-03-29 18:00:00,38,18,5,1,13,3,2025,1
2025-03-29 21:00:00,20,21,5,1,13,3,2025,1
2025-03-30 03:00:00,5,3,6,1,13,3,2025,1
2025-03-30 06:00:00,51,6,6,1,13,3,2025,1
2025-03-30 09:00:00,91,9,6,1,13,3,2025,1
2025-03-30 12:00:00,63,12,6,1,13,3,2025,1
2025-03-30 15:00:00,37,15,6,1,13,3,2025,1
2025-03-30 18:00:00,37,18,6,1,13,3,2025,1
2025-03-30 21:00:00,2,21,6,1,13,3,2025,1
2025-03-31 03:00:00,35,3,0,0,14,3,2025,1
2025-03-31 06:00:00,78,6,0,0,14,3,2025,1
2025-03-31 09:00:00,59,9,0,0,14,3,2025,1
2025-03-31 12:00:00,145,12,0,0,14,3,2025,1
2025-03-31 15:00:00,114,15,0,0,14,3,2025,1
2025-03-31 18:00:00,59,18,0,0,14,3,2025,1
2025-03-31 21:00:00,3,21,0,0,14,3,2025,1
2025-04-01 03:00:00,56,3,1,0,14,4,2025,0
2025-04-01 06:00:00,83,6,1,0,14,4,2025,0
2025-04-01 09:00:00,51,9,1,0,14,4,2025,0
2025-04-01 12:00:00,120,12,1,0,14,4,2025,0
2025-04-01 15:00:00,118,15,1,0,14,4,2025,0
2025-04-01 18:00:00,51,18,1,0,14,4,2025,0
2025-04-01 21:00:00,6,21,1,0,14,4,2025,0
2025-04-02 03:00:00,54,3,2,0,14,4,2025,0
2025-04-02 06:00:00,118,6,2,0,14,4,2025,0
2025-04-02 09:00:00,105,9,2,0,14,4,2025,0
2025-04-02 12:00:00,296,12,2,0,14,4,2025,0
2025-04-02 15:00:00,256,15,2,0,14,4,2025,0
2025-04-02 18:00:00,133,18,2,0,14,4,2025,0
2025-04-02 21:00:00,14,21,2,0,14,4,2025,0
2025-04-03 03:00:00,48,3,3,0,14,4,2025,0
2025-04-03 06:00:00,64,6,3,0,14,4,2025,0
2025-04-03 09:00:00,73,9,3,0,14,4,2025,0
2025-04-03 12:00:00,132,12,3,0,14,4,2025,0
2025-04-03 15:00:00,74,15,3,0,14,4,2025,0
2025-04-03 18:00:00,34,18,3,0,14,4,2025,0
2025-04-03 21:00:00,12,21,3,0,14,4,2025,0
2025-04-04 03:00:00,41,3,4,0,14,4,2025,0
2025-04-04 06:00:00,59,6,4,0,14,4,2025,0
2025-04-04 09:00:00,43,9,4,0,14,4,2025,0
2025-04-04 12:00:00,92,12,4,0,14,4,2025,0
2025-04-04 15:00:00,63,15,4,0,14,4,2025,0
2025-04-04 18:00:00,23,18,4,0,14,4,2025,0
2025-04-04 21:00:00,13,21,4,0,14,4,2025,0
2025-04-05 03:00:00,2,3,5,1,14,4,2025,0
2025-04-05 06:00:00,50,6,5,1,14,4,2025,0
2025-04-05 09:00:00,97,9,5,1,14,4,2025,0
2025-04-05 12:00:00,112,12,5,1,14,4,2025,0
2025-04-05 15:00:00,71,15,5,1,14,4,2025,0
2025-04-05 18:00:00,57,18,5,1,14,4,2025,0
2025-04-05 21:00:00,10,21,5,1,14,4,2025,0
2025-04-06 03:00:00,7,3,6,1,14,4,2025,0
2025-04-06 06:00:00,23,6,6,1,14,4,2025,0
2025-04-06 09:00:00,59,9,6,1,14,4,2025,0
2025-04-06 12:00:00,71,12,6,1,14,4,2025,0
2025-04-06 15:00:00,38,15,6,1,14,4,2025,0
2025-04-06 18:00:00,20,18,6,1,14,4,2025,0
2025-04-06 21:00:00,1,21,6,1,14,4,2025,0
2025-04-07 03:00:00,47,3,0,0,15,4,2025,0
2025-04-07 06:00:00,79,6,0,0,15,4,2025,0
2025-04-07 09:00:00,74,9,0,0,15,4,2025,0
2025-04-07 12:00:00,149,12,0,0,15,4,2025,0
2025-04-07 15:00:00,165,15,0,0,15,4,2025,0
2025-04-07 18:00:00,78,18,0,0,15,4,2025,0
2025-04-07 21:00:00,10,21,0,0,15,4,2025,0
2025-04-08 03:00:00,53,3,1,0,15,4,2025,0
2025-04-08 06:00:00,116,6,1,0,15,4,2025,0
2025-04-08 09:00:00,85,9,1,0,15,4,2025,0
2025-04-08 12:00:00,143,12,1,0,15,4,2025,0
2025-04-08 15:00:00,90,15,1,0,15,4,2025,0
2025-04-08 18:00:00,52,18,1,0,15,4,2025,0
2025-04-08 21:00:00,7,21,1,0,15,4,2025,0
2025-04-09 03:00:00,57,3,2,0,15,4,2025,0
2025-04-09 06:00:00,98,6,2,0,15,4,2025,0
2025-04-09 09:00:00,44,9,2,0,15,4,2025,0
2025-04-09 12:00:00,124,12,2,0,15,4,2025,0
2025-04-09 15:00:00,117,15,2,0,15,4,2025,0
2025-04-09 18:00:00,59,18,2,0,15,4,2025,0
2025-04-09 21:00:00,3,21,2,0,15,4,2025,0
2025-04-10 03:00:00,35,3,3,0,15,4,2025,0
2025-04-10 06:00:00,28,6,3,0,15,4,2025,0
2025-04-10 09:00:00,25,9,3,0,15,4,2025,0
2025-04-10 12:00:00,49,12,3,0,15,4,2025,0
2025-04-10 15:00:00,30,15,3,0,15,4,2025,0
2025-04-10 18:00:00,14,18,3,0,15,4,2025,0
2025-04-10 21:00:00,6,21,3,0,15,4,2025,0
2025-04-11 03:00:00,23,3,4,0,15,4,2025,0
2025-04-11 06:00:00,32,6,4,0,15,4,2025,0
2025-04-11 09:00:00,28,9,4,0,15,4,2025,0
2025-04-11 12:00:00,38,12,4,0,15,4,2025,0
2025-04-11 15:00:00,27,15,4,0,15,4,2025,0
2025-04-11 18:00:00,14,18,4,0,15,4,2025,0
2025-04-11 21:00:00,4,21,4,0,15,4,2025,0
2025-04-12 03:00:00,5,3,5,1,15,4,2025,0
2025-04-12 06:00:00,26,6,5,1,15,4,2025,0
2025-04-12 09:00:00,56,9,5,1,15,4,2025,0
2025-04-12 12:00:00,39,12,5,1,15,4,2025,0
2025-04-12 15:00:00,48,15,5,1,15,4,2025,0
2025-04-12 18:00:00,25,18,5,1,15,4,2025,0
2025-04-12 21:00:00,10,21,5,1,15,4,2025,0
2025-04-13 03:00:00,8,3,6,1,15,4,2025,0
2025-04-13 06:00:00,21,6,6,1,15,4,2025,0
2025-04-13 09:00:00,63,9,6,1,15,4,2025,0
2025-04-13 12:00:00,98,12,6,1,15,4,2025,0
2025-04-13 15:00:00,65,15,6,1,15,4,2025,0
2025-04-13 18:00:00,38,18,6,1,15,4,2025,0
2025-04-13 21:00:00,2,21,6,1,15,4,2025,0
2025-04-14 03:00:00,13,3,0,0,16,4,2025,0
2025-04-14 06:00:00,39,6,0,0,16,4,2025,0
2025-04-14 09:00:00,46,9,0,0,16,4,2025,0
2025-04-14 12:00:00,99,12,0,0,16,4,2025,0
2025-04-14 15:00:00,79,15,0,0,16,4,2025,0
2025-04-14 18:00:00,53,18,0,0,16,4,2025,0
2025-04-14 21:00:00,7,21,0,0,16,4,2025,0
2025-04-15 03:00:00,19,3,1,0,16,4,2025,0
2025-04-15 06:00:00,53,6,1,0,16,4,2025,0
2025-04-15 09:00:00,84,9,1,0,16,4,2025,0
2025-04-15 12:00:00,98,12,1,0,16,4,2025,0
2025-04-15 15:00:00,110,15,1,0,16,4,2025,0
2025-04-15 18:00:00,53,18,1,0,16,4,2025,0
2025-04-15 21:00:00,5,21,1,0,16,4,2025,0
2025-04-16 03:00:00,5,3,2,0,16,4,2025,0
2025-04-16 06:00:00,25,6,2,0,16,4,2025,0
2025-04-16 09:00:00,77,9,2,0,16,4,2025,0
2025-04-16 12:00:00,72,12,2,0,16,4,2025,0
2025-04-16 15:00:00,54,15,2,0,16,4,2025,0
2025-04-16 18:00:00,52,18,2,0,16,4,2025,0
2025-04-16 21:00:00,16,21,2,0,16,4,2025,0
2025-04-17 03:00:00,8,3,3,0,16,4,2025,0
2025-04-17 06:00:00,44,6,3,0,16,4,2025,0
2025-04-17 09:00:00,76,9,3,0,16,4,2025,0
2025-04-17 12:00:00,97,12,3,0,16,4,2025,0
2025-04-17 15:00:00,76,15,3,0,16,4,2025,0
2025-04-17 18:00:00,7,18,3,0,16,4,2025,0
2025-04-17 21:00:00,3,21,3,0,16,4,2025,0
2025-04-18 03:00:00,8,3,4,0,16,4,2025,0
2025-04-18 06:00:00,38,6,4,0,16,4,2025,0
2025-04-18 09:00:00,93,9,4,0,16,4,2025,0
2025-04-18 12:00:00,109,12,4,0,16,4,2025,0
2025-04-18 15:00:00,102,15,4,0,16,4,2025,0
2025-04-18 18:00:00,44,18,4,0,16,4,2025,0
2025-04-18 21:00:00,6,21,4,0,16,4,2025,0
2025-04-19 03:00:00,3,3,5,1,16,4,2025,0
2025-04-19 06:00:00,45,6,5,1,16,4,2025,0
2025-04-19 09:00:00,73,9,5,1,16,4,2025,0
2025-04-19 12:00:00,105,12,5,1,16,4,2025,0
2025-04-19 15:00:00,61,15,5,1,16,4,2025,0
2025-04-19 18:00:00,12,18,5,1,16,4,2025,0
2025-04-19 21:00:00,7,21,5,1,16,4,2025,0
2025-04-20 03:00:00,8,3,6,1,16,4,2025,0
2025-04-20 06:00:00,26,6,6,1,16,4,2025,0
2025-04-20 09:00:00,97,9,6,1,16,4,2025,0
2025-04-20 12:00:00,99,12,6,1,16,4,2025,0
2025-04-20 15:00:00,95,15,6,1,16,4,2025,0
2025-04-20 18:00:00,60,18,6,1,16,4,2025,0
2025-04-20 21:00:00,6,21,6,1,16,4,2025,0
2025-04-21 03:00:00,5,3,0,0,17,4,2025,0
2025-04-21 06:00:00,44,6,0,0,17,4,2025,0
2025-04-21 09:00:00,56,9,0,0,17,4,2025,0
2025-04-21 12:00:00,114,12,0,0,17,4,2025,0
2025-04-21 15:00:00,88,15,0,0,17,4,2025,0
2025-04-21 18:00:00,51,18,0,0,17,4,2025,0
2025-04-21 21:00:00,5,21,0,0,17,4,2025,0
2025-04-22 03:00:00,45,3,1,0,17,4,2025,0
2025-04-22 06:00:00,64,6,1,0,17,4,2025,0
2025-04-22 09:00:00,58,9,1,0,17,4,2025,0
2025-04-22 12:00:00,136,12,1,0,17,4,2025,0
2025-04-22 15:00:00,79,15,1,0,17,4,2025,0
2025-04-22 18:00:00,42,18,1,0,17,4,2025,0
2025-04-22 21:00:00,6,21,1,0,17,4,2025,0
2025-04-23 03:00:00,61,3,2,0,17,4,2025,0
2025-04-23 06:00:00,105,6,2,0,17,4,2025,0
2025-04-23 09:00:00,69,9,2,0,17,4,2025,0
2025-04-23 12:00:00,210,12,2,0,17,4,2025,0
2025-04-23 15:00:00,202,15,2,0,17,4,2025,0
2025-04-23 18:00:00,98,18,2,0,17,4,2025,0
2025-04-23 21:00:00,11,21,2,0,17,4,2025,0
2025-04-24 03:00:00,64,3,3,0,17,4,2025,0
2025-04-24 06:00:00,118,6,3,0,17,4,2025,0
2025-04-24 09:00:00,69,9,3,0,17,4,2025,0
2025-04-24 12:00:00,197,12,3,0,17,4,2025,0
2025-04-24 15:00:00,207,15,3,0,17,4,2025,0
2025-04-24 18:00:00,84,18,3,0,17,4,2025,0
2025-04-24 21:00:00,12,21,3,0,17,4,2025,0
2025-04-25 03:00:00,60,3,4,0,17,4,2025,0
2025-04-25 06:00:00,140,6,4,0,17,4,2025,0
2025-04-25 09:00:00,103,9,4,0,17,4,2025,0
2025-04-25 12:00:00,212,12,4,0,17,4,2025,0
2025-04-25 15:00:00,176,15,4,0,17,4,2025,0
2025-04-25 18:00:00,89,18,4,0,17,4,2025,0
2025-04-25 21:00:00,15,21,4,0,17,4,2025,0
2025-04-26 03:00:00,8,3,5,1,17,4,2025,0
2025-04-26 06:00:00,74,6,5,1,17,4,2025,0
2025-04-26 09:00:00,149,9,5,1,17,4,2025,0
2025-04-26 12:00:00,227,12,5,1,17,4,2025,0
2025-04-26 15:00:00,219,15,5,1,17,4,2025,0
2025-04-26 18:00:00,120,18,5,1,17,4,2025,0
2025-04-26 21:00:00,26,21,5,1,17,4,2025,0
2025-04-27 03:00:00,10,3,6,1,17,4,2025,0
2025-04-27 06:00:00,83,6,6,1,17,4,2025,0
2025-04-27 09:00:00,145,9,6,1,17,4,2025,0
2025-04-27 12:00:00,177,12,6,1,17,4,2025,0
2025-04-27 15:00:00,174,15,6,1,17,4,2025,0
2025-04-27 18:00:00,62,18,6,1,17,4,2025,0
2025-04-27 21:00:00,4,21,6,1,17,4,2025,0
2025-04-28 03:00:00,34,3,0,0,18,4,2025,0
2025-04-28 06:00:00,50,6,0,0,18,4,2025,0
2025-04-28 09:00:00,21,9,0,0,18,4,2025,0
2025-04-28 12:00:00,127,12,0,0,18,4,2025,0
2025-04-28 15:00:00,115,15,0,0,18,4,2025,0
2025-04-28 18:00:00,38,18,0,0,18,4,2025,0
2025-04-28 21:00:00,3,21,0,0,18,4,2025,0
2025-04-29 03:00:00,43,3,1,0,18,4,2025,0
2025-04-29 06:00:00,91,6,1,0,18,4,2025,0
2025-04-29 09:00:00,35,9,1,0,18,4,2025,0
2025-04-29 12:00:00,133,12,1,0,18,4,2025,0
2025-04-29 15:00:00,80,15,1,0,18,4,2025,0
2025-04-29 18:00:00,36,18,1,0,18,4,2025,0
2025-04-29 21:00:00,5,21,1,0,18,4,2025,0
2025-04-30 03:00:00,53,3,2,0,18,4,2025,0
2025-04-30 06:00:00,72,6,2,0,18,4,2025,0
2025-04-30 09:00:00,33,9,2,0,18,4,2025,0
2025-04-30 12:00:00,183,12,2,0,18,4,2025,0
2025-04-30 15:00:00,181,15,2,0,18,4,2025,0
2025-04-30 18:00:00,147,18,2,0,18,4,2025,0
2025-04-30 21:00:00,24,21,2,0,18,4,2025,0
2025-05-01 03:00:00,23,3,3,0,18,5,2025,0
2025-05-01 06:00:00,46,6,3,0,18,5,2025,0
2025-05-01 09:00:00,61,9,3,0,18,5,2025,0
2025-05-01 12:00:00,191,12,3,0,18,5,2025,0
2025-05-01 15:00:00,176,15,3,0,18,5,2025,0
2025-05-01 18:00:00,86,18,3,0,18,5,2025,0
2025-05-01 21:00:00,8,21,3,0,18,5,2025,0
2025-05-02 03:00:00,35,3,4,0,18,5,2025,0
2025-05-02 06:00:00,100,6,4,0,18,5,2025,0
2025-05-02 09:00:00,84,9,4,0,18,5,2025,0
2025-05-02 12:00:00,84,12,4,0,18,5,2025,0
2025-05-02 15:00:00,88,15,4,0,18,5,2025,0
2025-05-02 18:00:00,36,18,4,0,18,5,2025,0
2025-05-02 21:00:00,9,21,4,0,18,5,2025,0
2025-05-03 03:00:00,14,3,5,1,18,5,2025,0
2025-05-03 06:00:00,76,6,5,1,18,5,2025,0
2025-05-03 09:00:00,106,9,5,1,18,5,2025,0
2025-05-03 12:00:00,104,12,5,1,18,5,2025,0
2025-05-03 15:00:00,84,15,5,1,18,5,2025,0
2025-05-03 18:00:00,39,18,5,1,18,5,2025,0
2025-05-03 21:00:00,19,21,5,1,18,5,2025,0
2025-05-04 03:00:00,15,3,6,1,18,5,2025,0
2025-05-04 06:00:00,83,6,6,1,18,5,2025,0
2025-05-04 09:00:00,111,9,6,1,18,5,2025,0
2025-05-04 12:00:00,105,12,6,1,18,5,2025,0
2025-05-04 15:00:00,124,15,6,1,18,5,2025,0
2025-05-04 18:00:00,95,18,6,1,18,5,2025,0
2025-05-04 21:00:00,17,21,6,1,18,5,2025,0
2025-05-05 03:00:00,52,3,0,0,19,5,2025,0
2025-05-05 06:00:00,97,6,0,0,19,5,2025,0
2025-05-05 09:00:00,48,9,0,0,19,5,2025,0
2025-05-05 12:00:00,109,12,0,0,19,5,2025,0
2025-05-05 15:00:00,102,15,0,0,19,5,2025,0
2025-05-05 18:00:00,42,18,0,0,19,5,2025,0
2025-05-05 21:00:00,4,21,0,0,19,5,2025,0
2025-05-06 03:00:00,61,3,1,0,19,5,2025,0
2025-05-06 06:00:00,105,6,1,0,19,5,2025,0
2025-05-06 09:00:00,47,9,1,0,19,5,2025,0
2025-05-06 12:00:00,159,12,1,0,19,5,2025,0
2025-05-06 15:00:00,163,15,1,0,19,5,2025,0
2025-05-06 18:00:00,113,18,1,0,19,5,2025,0
2025-05-06 21:00:00,6,21,1,0,19,5,2025,0
2025-05-07 03:00:00,79,3,2,0,19,5,2025,0
2025-05-07 06:00:00,135,6,2,0,19,5,2025,0
2025-05-07 09:00:00,98,9,2,0,19,5,2025,0
2025-05-07 12:00:00,224,12,2,0,19,5,2025,0
2025-05-07 15:00:00,234,15,2,0,19,5,2025,0
2025-05-07 18:00:00,140,18,2,0,19,5,2025,0
2025-05-07 21:00:00,29,21,2,0,19,5,2025,0
2025-05-08 03:00:00,71,3,3,0,19,5,2025,0
2025-05-08 06:00:00,93,6,3,0,19,5,2025,0
2025-05-08 09:00:00,41,9,3,0,19,5,2025,0
2025-05-08 12:00:00,154,12,3,0,19,5,2025,0
2025-05-08 15:00:00,158,15,3,0,19,5,2025,0
2025-05-08 18:00:00,78,18,3,0,19,5,2025,0
2025-05-08 21:00:00,11,21,3,0,19,5,2025,0
2025-05-09 03:00:00,55,3,4,0,19,5,2025,0
2025-05-09 06:00:00,168,6,4,0,19,5,2025,0
2025-05-09 09:00:00,134,9,4,0,19,5,2025,0
2025-05-09 12:00:00,213,12,4,0,19,5,2025,0
2025-05-09 15:00:00,209,15,4,0,19,5,2025,0
2025-05-09 18:00:00,146,18,4,0,19,5,2025,0
2025-05-09 21:00:00,39,21,4,0,19,5,2025,0
2025-05-10 03:00:00,17,3,5,1,19,5,2025,0
2025-05-10 06:00:00,124,6,5,1,19,5,2025,0
2025-05-10 09:00:00,168,9,5,1,19,5,2025,0
2025-05-10 12:00:00,226,12,5,1,19,5,2025,0
2025-05-10 15:00:00,252,15,5,1,19,5,2025,0
2025-05-10 18:00:00,160,18,5,1,19,5,2025,0
2025-05-10 21:00:00,35,21,5,1,19,5,2025,0
2025-05-11 03:00:00,25,3,6,1,19,5,2025,0
2025-05-11 06:00:00,172,6,6,1,19,5,2025,0
2025-05-11 09:00:00,285,9,6,1,19,5,2025,0
2025-05-11 12:00:00,350,12,6,1,19,5,2025,0
2025-05-11 15:00:00,401,15,6,1,19,5,2025,0
2025-05-11 18:00:00,174,18,6,1,19,5,2025,0
2025-05-11 21:00:00,19,21,6,1,19,5,2025,0
2025-05-12 03:00:00,86,3,0,0,20,5,2025,0
2025-05-12 06:00:00,156,6,0,0,20,5,2025,0
2025-05-12 09:00:00,142,9,0,0,20,5,2025,0
2025-05-12 12:00:00,247,12,0,0,20,5,2025,0
2025-05-12 15:00:00,232,15,0,0,20,5,2025,0
2025-05-12 18:00:00,135,18,0,0,20,5,2025,0
2025-05-12 21:00:00,10,21,0,0,20,5,2025,0
2025-05-13 03:00:00,92,3,1,0,20,5,2025,0
2025-05-13 06:00:00,182,6,1,0,20,5,2025,0
2025-05-13 09:00:00,147,9,1,0,20,5,2025,0
2025-05-13 12:00:00,178,12,1,0,20,5,2025,0
2025-05-13 15:00:00,231,15,1,0,20,5,2025,0
2025-05-13 18:00:00,145,18,1,0,20,5,2025,0
2025-05-13 21:00:00,9,21,1,0,20,5,2025,0
2025-05-14 03:00:00,89,3,2,0,20,5,2025,0
2025-05-14 06:00:00,127,6,2,0,20,5,2025,0
2025-05-14 09:00:00,125,9,2,0,20,5,2025,0
2025-05-14 12:00:00,200,12,2,0,20,5,2025,0
2025-05-14 15:00:00,227,15,2,0,20,5,2025,0
2025-05-14 18:00:00,148,18,2,0,20,5,2025,0
2025-05-14 21:00:00,17,21,2,0,20,5,2025,0
2025-05-15 03:00:00,97,3,3,0,20,5,2025,0
2025-05-15 06:00:00,166,6,3,0,20,5,2025,0
2025-05-15 09:00:00,114,9,3,0,20,5,2025,0
2025-05-15 12:00:00,197,12,3,0,20,5,2025,0
2025-05-15 15:00:00,190,15,3,0,20,5,2025,0
2025-05-15 18:00:00,118,18,3,0,20,5,2025,0
2025-05-15 21:00:00,16,21,3,0,20,5,2025,0
2025-05-16 03:00:00,77,3,4,0,20,5,2025,0
2025-05-16 06:00:00,161,6,4,0,20,5,2025,0
2025-05-16 09:00:00,186,9,4,0,20,5,2025,0
2025-05-16 12:00:00,283,12,4,0,20,5,2025,0
2025-05-16 15:00:00,161,15,4,0,20,5,2025,0
2025-05-16 18:00:00,139,18,4,0,20,5,2025,0
2025-05-16 21:00:00,16,21,4,0,20,5,2025,0
2025-05-17 15:00:00,146,15,5,1,20,5,2025,0
2025-05-17 18:00:00,69,18,5,1,20,5,2025,0
2025-05-17 21:00:00,25,21,5,1,20,5,2025,0
2025-05-18 03:00:00,13,3,6,1,20,5,2025,0
2025-05-18 06:00:00,63,6,6,1,20,5,2025,0
2025-05-18 09:00:00,210,9,6,1,20,5,2025,0
2025-05-18 12:00:00,329,12,6,1,20,5,2025,0
2025-05-18 15:00:00,282,15,6,1,20,5,2025,0
2025-05-18 18:00:00,130,18,6,1,20,5,2025,0
2025-05-18 21:00:00,15,21,6,1,20,5,2025,0
2025-05-19 03:00:00,81,3,0,0,21,5,2025,0
2025-05-19 06:00:00,189,6,0,0,21,5,2025,0
2025-05-19 09:00:00,145,9,0,0,21,5,2025,0
2025-05-19 12:00:00,325,12,0,0,21,5,2025,0
2025-05-19 15:00:00,269,15,0,0,21,5,2025,0
2025-05-19 18:00:00,160,18,0,0,21,5,2025,0
2025-05-19 21:00:00,14,21,0,0,21,5,2025,0
2025-05-20 03:00:00,89,3,1,0,21,5,2025,0
2025-05-20 06:00:00,152,6,1,0,21,5,2025,0
2025-05-20 09:00:00,79,9,1,0,21,5,2025,0
2025-05-20 12:00:00,209,12,1,0,21,5,2025,0
2025-05-20 15:00:00,199,15,1,0,21,5,2025,0
2025-05-20 18:00:00,139,18,1,0,21,5,2025,0
2025-05-20 21:00:00,7,21,1,0,21,5,2025,0
2025-05-21 03:00:00,71,3,2,0,21,5,2025,0
2025-05-21 06:00:00,135,6,2,0,21,5,2025,0
2025-05-21 09:00:00,43,9,2,0,21,5,2025,0
2025-05-21 12:00:00,139,12,2,0,21,5,2025,0
2025-05-21 15:00:00,127,15,2,0,21,5,2025,0
2025-05-21 18:00:00,84,18,2,0,21,5,2025,0
2025-05-21 21:00:00,27,21,2,0,21,5,2025,0
2025-05-22 03:00:00,82,3,3,0,21,5,2025,0
2025-05-22 06:00:00,152,6,3,0,21,5,2025,0
2025-05-22 09:00:00,102,9,3,0,21,5,2025,0
2025-05-22 12:00:00,251,12,3,0,21,5,2025,0
2025-05-22 15:00:00,229,15,3,0,21,5,2025,0
2025-05-22 18:00:00,112,18,3,0,21,5,2025,0
2025-05-22 21:00:00,13,21,3,0,21,5,2025,0
2025-05-23 03:00:00,81,3,4,0,21,5,2025,0
2025-05-23 06:00:00,160,6,4,0,21,5,2025,0
2025-05-23 09:00:00,135,9,4,0,21,5,2025,0
2025-05-23 12:00:00,237,12,4,0,21,5,2025,0
2025-05-23 15:00:00,114,15,4,0,21,5,2025,0
2025-05-23 18:00:00,28,18,4,0,21,5,2025,0
2025-05-23 21:00:00,6,21,4,0,21,5,2025,0
2025-05-24 03:00:00,6,3,5,1,21,5,2025,0
2025-05-24 06:00:00,42,6,5,1,21,5,2025,0
2025-05-24 09:00:00,67,9,5,1,21,5,2025,0
2025-05-24 12:00:00,101,12,5,1,21,5,2025,0
2025-05-24 15:00:00,157,15,5,1,21,5,2025,0
2025-05-24 18:00:00,84,18,5,1,21,5,2025,0
2025-05-24 21:00:00,25,21,5,1,21,5,2025,0
2025-05-25 03:00:00,12,3,6,1,21,5,2025,0
2025-05-25 06:00:00,96,6,6,1,21,5,2025,0
2025-05-25 09:00:00,137,9,6,1,21,5,2025,0
2025-05-25 12:00:00,180,12,6,1,21,5,2025,0
2025-05-25 15:00:00,227,15,6,1,21,5,2025,0
2025-05-25 18:00:00,110,18,6,1,21,5,2025,0
2025-05-25 21:00:00,8,21,6,1,21,5,2025,0
2025-05-26 03:00:00,40,3,0,0,22,5,2025,0
2025-05-26 06:00:00,53,6,0,0,22,5,2025,0
2025-05-26 09:00:00,38,9,0,0,22,5,2025,0
2025-05-26 12:00:00,170,12,0,0,22,5,2025,0
2025-05-26 15:00:00,233,15,0,0,22,5,2025,0
2025-05-26 18:00:00,92,18,0,0,22,5,2025,0
2025-05-26 21:00:00,7,21,0,0,22,5,2025,0
2025-05-27 03:00:00,84,3,1,0,22,5,2025,0
2025-05-27 06:00:00,160,6,1,0,22,5,2025,0
2025-05-27 09:00:00,130,9,1,0,22,5,2025,0
2025-05-27 12:00:00,237,12,1,0,22,5,2025,0
2025-05-27 15:00:00,226,15,1,0,22,5,2025,0
2025-05-27 18:00:00,95,18,1,0,22,5,2025,0
2025-05-27 21:00:00,14,21,1,0,22,5,2025,0
2025-05-28 03:00:00,67,3,2,0,22,5,2025,0
2025-05-28 06:00:00,168,6,2,0,22,5,2025,0
2025-05-28 09:00:00,105,9,2,0,22,5,2025,0
2025-05-28 12:00:00,260,12,2,0,22,5,2025,0
2025-05-28 15:00:00,220,15,2,0,22,5,2025,0
2025-05-28 18:00:00,112,18,2,0,22,5,2025,0
2025-05-28 21:00:00,15,21,2,0,22,5,2025,0
2025-05-29 03:00:00,30,3,3,0,22,5,2025,0
2025-05-29 06:00:00,132,6,3,0,22,5,2025,0
2025-05-29 09:00:00,141,9,3,0,22,5,2025,0
2025-05-29 12:00:00,173,12,3,0,22,5,2025,0
2025-05-29 15:00:00,127,15,3,0,22,5,2025,0
2025-05-29 18:00:00,50,18,3,0,22,5,2025,0
2025-05-29 21:00:00,6,21,3,0,22,5,2025,0
2025-05-30 03:00:00,27,3,4,0,22,5,2025,0
2025-05-30 06:00:00,70,6,4,0,22,5,2025,0
2025-05-30 09:00:00,45,9,4,0,22,5,2025,0
2025-05-30 12:00:00,130,12,4,0,22,5,2025,0
2025-05-30 15:00:00,101,15,4,0,22,5,2025,0
2025-05-30 18:00:00,56,18,4,0,22,5,2025,0
2025-05-30 21:00:00,16,21,4,0,22,5,2025,0
2025-05-31 03:00:00,8,3,5,1,22,5,2025,0
2025-05-31 06:00:00,68,6,5,1,22,5,2025,0
2025-05-31 09:00:00,126,9,5,1,22,5,2025,0
2025-05-31 12:00:00,170,12,5,1,22,5,2025,0
2025-05-31 15:00:00,171,15,5,1,22,5,2025,0
2025-05-31 18:00:00,121,18,5,1,22,5,2025,0
2025-05-31 21:00:00,31,21,5,1,22,5,2025,0
2025-06-01 03:00:00,16,3,6,1,22,6,2025,0
2025-06-01 06:00:00,76,6,6,1,22,6,2025,0
2025-06-01 09:00:00,113,9,6,1,22,6,2025,0
2025-06-01 12:00:00,176,12,6,1,22,6,2025,0
2025-06-01 15:00:00,72,15,6,1,22,6,2025,0
2025-06-01 18:00:00,66,18,6,1,22,6,2025,0
2025-06-01 21:00:00,4,21,6,1,22,6,2025,0
2025-06-02 03:00:00,63,3,0,0,23,6,2025,0
2025-06-02 06:00:00,140,6,0,0,23,6,2025,0
2025-06-02 09:00:00,65,9,0,0,23,6,2025,0
2025-06-02 12:00:00,102,12,0,0,23,6,2025,0
2025-06-02 15:00:00,130,15,0,0,23,6,2025,0
2025-06-02 18:00:00,94,18,0,0,23,6,2025,0
2025-06-02 21:00:00,15,21,0,0,23,6,2025,0
2025-06-03 03:00:00,71,3,1,0,23,6,2025,0
2025-06-03 06:00:00,158,6,1,0,23,6,2025,0
2025-06-03 09:00:00,112,9,1,0,23,6,2025,0
2025-06-03 12:00:00,243,12,1,0,23,6,2025,0
2025-06-03 15:00:00,221,15,1,0,23,6,2025,0
2025-06-03 18:00:00,115,18,1,0,23,6,2025,0
2025-06-03 21:00:00,20,21,1,0,23,6,2025,0
2025-06-04 03:00:00,69,3,2,0,23,6,2025,0
2025-06-04 06:00:00,155,6,2,0,23,6,2025,0
2025-06-04 09:00:00,112,9,2,0,23,6,2025,0
2025-06-04 12:00:00,202,12,2,0,23,6,2025,0
2025-06-04 15:00:00,220,15,2,0,23,6,2025,0
2025-06-04 18:00:00,110,18,2,0,23,6,2025,0
2025-06-04 21:00:00,19,21,2,0,23,6,2025,0
2025-06-05 03:00:00,69,3,3,0,23,6,2025,0
2025-06-05 06:00:00,146,6,3,0,23,6,2025,0
2025-06-05 09:00:00,135,9,3,0,23,6,2025,0
2025-06-05 12:00:00,236,12,3,0,23,6,2025,0
2025-06-05 15:00:00,234,15,3,0,23,6,2025,0
2025-06-05 18:00:00,115,18,3,0,23,6,2025,0
2025-06-05 21:00:00,43,21,3,0,23,6,2025,0
2025-06-06 03:00:00,58,3,4,0,23,6,2025,0
2025-06-06 06:00:00,143,6,4,0,23,6,2025,0
2025-06-06 09:00:00,135,9,4,0,23,6,2025,0
2025-06-06 12:00:00,220,12,4,0,23,6,2025,0
2025-06-06 15:00:00,160,15,4,0,23,6,2025,0
2025-06-06 18:00:00,85,18,4,0,23,6,2025,0
2025-06-06 21:00:00,42,21,4,0,23,6,2025,0
2025-06-07 03:00:00,9,3,5,1,23,6,2025,0
2025-06-07 06:00:00,43,6,5,1,23,6,2025,0
2025-06-07 09:00:00,135,9,5,1,23,6,2025,0
2025-06-07 12:00:00,173,12,5,1,23,6,2025,0
2025-06-07 15:00:00,112,15,5,1,23,6,2025,0
2025-06-07 18:00:00,77,18,5,1,23,6,2025,0
2025-06-07 21:00:00,69,21,5,1,23,6,2025,0
2025-06-08 03:00:00,8,3,6,1,23,6,2025,0
2025-06-08 06:00:00,61,6,6,1,23,6,2025,0
2025-06-08 09:00:00,144,9,6,1,23,6,2025,0
2025-06-08 12:00:00,203,12,6,1,23,6,2025,0
2025-06-08 15:00:00,97,15,6,1,23,6,2025,0
2025-06-08 18:00:00,38,18,6,1,23,6,2025,0
2025-06-08 21:00:00,12,21,6,1,23,6,2025,0
2025-06-09 03:00:00,13,3,0,0,24,6,2025,0
2025-06-09 06:00:00,53,6,0,0,24,6,2025,0
2025-06-09 09:00:00,91,9,0,0,24,6,2025,0
2025-06-09 12:00:00,156,12,0,0,24,6,2025,0
2025-06-09 15:00:00,136,15,0,0,24,6,2025,0
2025-06-09 18:00:00,54,18,0,0,24,6,2025,0
2025-06-09 21:00:00,7,21,0,0,24,6,2025,0
2025-06-10 03:00:00,65,3,1,0,24,6,2025,0
2025-06-10 06:00:00,127,6,1,0,24,6,2025,0
2025-06-10 09:00:00,93,9,1,0,24,6,2025,0
2025-06-10 12:00:00,158,12,1,0,24,6,2025,0
2025-06-10 15:00:00,127,15,1,0,24,6,2025,0
2025-06-10 18:00:00,44,18,1,0,24,6,2025,0
2025-06-10 21:00:00,6,21,1,0,24,6,2025,0
2025-06-11 03:00:00,43,3,2,0,24,6,2025,0
2025-06-11 06:00:00,76,6,2,0,24,6,2025,0
2025-06-11 09:00:00,75,9,2,0,24,6,2025,0
2025-06-11 12:00:00,201,12,2,0,24,6,2025,0
2025-06-11 15:00:00,145,15,2,0,24,6,2025,0
2025-06-11 18:00:00,82,18,2,0,24,6,2025,0
2025-06-11 21:00:00,10,21,2,0,24,6,2025,0
2025-06-12 03:00:00,54,3,3,0,24,6,2025,0
2025-06-12 06:00:00,108,6,3,0,24,6,2025,0
2025-06-12 09:00:00,101,9,3,0,24,6,2025,0
2025-06-12 12:00:00,229,12,3,0,24,6,2025,0
2025-06-12 15:00:00,188,15,3,0,24,6,2025,0
2025-06-12 18:00:00,107,18,3,0,24,6,2025,0
2025-06-12 21:00:00,31,21,3,0,24,6,2025,0
2025-06-13 03:00:00,61,3,4,0,24,6,2025,0
2025-06-13 06:00:00,132,6,4,0,24,6,2025,0
2025-06-13 09:00:00,125,9,4,0,24,6,2025,0
2025-06-13 12:00:00,246,12,4,0,24,6,2025,0
2025-06-13 15:00:00,176,15,4,0,24,6,2025,0
2025-06-13 18:00:00,106,18,4,0,24,6,2025,0
2025-06-13 21:00:00,54,21,4,0,24,6,2025,0
2025-06-14 03:00:00,10,3,5,1,24,6,2025,0
2025-06-14 06:00:00,52,6,5,1,24,6,2025,0
2025-06-14 09:00:00,173,9,5,1,24,6,2025,0
2025-06-14 12:00:00,162,12,5,1,24,6,2025,0
2025-06-14 15:00:00,120,15,5,1,24,6,2025,0
2025-06-14 18:00:00,120,18,5,1,24,6,2025,0
2025-06-14 21:00:00,37,21,5,1,24,6,2025,0
2025-06-15 03:00:00,23,3,6,1,24,6,2025,0
2025-06-15 06:00:00,48,6,6,1,24,6,2025,0
2025-06-15 09:00:00,115,9,6,1,24,6,2025,0
2025-06-15 12:00:00,189,12,6,1,24,6,2025,0
2025-06-15 15:00:00,137,15,6,1,24,6,2025,0
2025-06-15 18:00:00,98,18,6,1,24,6,2025,0
2025-06-15 21:00:00,19,21,6,1,24,6,2025,0
2025-06-16 03:00:00,45,3,0,0,25,6,2025,0
2025-06-16 06:00:00,68,6,0,0,25,6,2025,0
2025-06-16 09:00:00,54,9,0,0,25,6,2025,0
2025-06-16 12:00:00,122,12,0,0,25,6,2025,0
2025-06-16 15:00:00,84,15,0,0,25,6,2025,0
2025-06-16 18:00:00,46,18,0,0,25,6,2025,0
2025-06-16 21:00:00,17,21,0,0,25,6,2025,0
2025-06-17 03:00:00,58,3,1,0,25,6,2025,0
2025-06-17 06:00:00,83,6,1,0,25,6,2025,0
2025-06-17 09:00:00,53,9,1,0,25,6,2025,0
2025-06-17 12:00:00,120,12,1,0,25,6,2025,0
2025-06-17 15:00:00,64,15,1,0,25,6,2025,0
2025-06-17 18:00:00,38,18,1,0,25,6,2025,0
2025-06-17 21:00:00,8,21,1,0,25,6,2025,0
2025-06-18 03:00:00,45,3,2,0,25,6,2025,0
2025-06-18 06:00:00,79,6,2,0,25,6,2025,0
2025-06-18 09:00:00,54,9,2,0,25,6,2025,0
2025-06-18 12:00:00,148,12,2,0,25,6,2025,0
2025-06-18 15:00:00,107,15,2,0,25,6,2025,0
2025-06-18 18:00:00,76,18,2,0,25,6,2025,0
2025-06-18 21:00:00,15,21,2,0,25,6,2025,0
2025-06-19 03:00:00,53,3,3,0,25,6,2025,0
2025-06-19 06:00:00,88,6,3,0,25,6,2025,0
2025-06-19 09:00:00,56,9,3,0,25,6,2025,0
2025-06-19 12:00:00,147,12,3,0,25,6,2025,0
2025-06-19 15:00:00,100,15,3,0,25,6,2025,0
2025-06-19 18:00:00,55,18,3,0,25,6,2025,0
2025-06-19 21:00:00,2,21,3,0,25,6,2025,0
2025-06-20 03:00:00,52,3,4,0,25,6,2025,0
2025-06-20 06:00:00,82,6,4,0,25,6,2025,0
2025-06-20 09:00:00,45,9,4,0,25,6,2025,0
2025-06-20 12:00:00,156,12,4,0,25,6,2025,0
2025-06-20 15:00:00,78,15,4,0,25,6,2025,0
2025-06-20 18:00:00,37,18,4,0,25,6,2025,0
2025-06-20 21:00:00,13,21,4,0,25,6,2025,0
2025-06-21 03:00:00,3,3,5,1,25,6,2025,0
2025-06-21 06:00:00,42,6,5,1,25,6,2025,0
2025-06-21 09:00:00,62,9,5,1,25,6,2025,0
2025-06-21 12:00:00,92,12,5,1,25,6,2025,0
2025-06-21 15:00:00,88,15,5,1,25,6,2025,0
2025-06-21 18:00:00,57,18,5,1,25,6,2025,0
2025-06-21 21:00:00,16,21,5,1,25,6,2025,0
2025-06-22 03:00:00,10,3,6,1,25,6,2025,0
2025-06-22 06:00:00,29,6,6,1,25,6,2025,0
2025-06-22 09:00:00,97,9,6,1,25,6,2025,0
2025-06-22 12:00:00,142,12,6,1,25,6,2025,0
2025-06-22 15:00:00,90,15,6,1,25,6,2025,0
2025-06-22 18:00:00,60,18,6,1,25,6,2025,0
2025-06-22 21:00:00,4,21,6,1,25,6,2025,0
2025-06-23 03:00:00,67,3,0,0,26,6,2025,0
2025-06-23 06:00:00,99,6,0,0,26,6,2025,0
2025-06-23 09:00:00,65,9,0,0,26,6,2025,0
2025-06-23 12:00:00,179,12,0,0,26,6,2025,0
2025-06-23 15:00:00,71,15,0,0,26,6,2025,0
2025-06-23 18:00:00,50,18,0,0,26,6,2025,0
2025-06-23 21:00:00,3,21,0,0,26,6,2025,0
2025-06-24 03:00:00,69,3,1,0,26,6,2025,0
2025-06-24 06:00:00,95,6,1,0,26,6,2025,0
2025-06-24 09:00:00,51,9,1,0,26,6,2025,0
2025-06-24 12:00:00,142,12,1,0,26,6,2025,0
2025-06-24 15:00:00,91,15,1,0,26,6,2025,0
2025-06-24 18:00:00,65,18,1,0,26,6,2025,0
2025-06-24 21:00:00,3,21,1,0,26,6,2025,0
2025-06-25 03:00:00,52,3,2,0,26,6,2025,0
2025-06-25 06:00:00,81,6,2,0,26,6,2025,0
2025-06-25 09:00:00,61,9,2,0,26,6,2025,0
2025-06-25 12:00:00,144,12,2,0,26,6,2025,0
2025-06-25 15:00:00,127,15,2,0,26,6,2025,0
2025-06-25 18:00:00,96,18,2,0,26,6,2025,0
2025-06-25 21:00:00,4,21,2,0,26,6,2025,0
2025-06-26 03:00:00,49,3,3,0,26,6,2025,0
2025-06-26 06:00:00,115,6,3,0,26,6,2025,0
2025-06-26 09:00:00,77,9,3,0,26,6,2025,0
2025-06-26 12:00:00,158,12,3,0,26,6,2025,0
2025-06-26 15:00:00,179,15,3,0,26,6,2025,0
2025-06-26 18:00:00,102,18,3,0,26,6,2025,0
2025-06-26 21:00:00,14,21,3,0,26,6,2025,0
2025-06-27 03:00:00,21,3,4,0,26,6,2025,0
2025-06-27 06:00:00,59,6,4,0,26,6,2025,0
2025-06-27 09:00:00,70,9,4,0,26,6,2025,0
2025-06-27 12:00:00,123,12,4,0,26,6,2025,0
2025-06-27 15:00:00,93,15,4,0,26,6,2025,0
2025-06-27 18:00:00,79,18,4,0,26,6,2025,0
2025-06-27 21:00:00,19,21,4,0,26,6,2025,0
2025-06-28 03:00:00,4,3,5,1,26,6,2025,0
2025-06-28 06:00:00,23,6,5,1,26,6,2025,0
2025-06-28 09:00:00,53,9,5,1,26,6,2025,0
2025-06-28 12:00:00,119,12,5,1,26,6,2025,0
2025-06-28 15:00:00,95,15,5,1,26,6,2025,0
2025-06-28 18:00:00,72,18,5,1,26,6,2025,0
2025-06-28 21:00:00,13,21,5,1,26,6,2025,0
2025-06-29 03:00:00,7,3,6,1,26,6,2025,0
2025-06-29 06:00:00,12,6,6,1,26,6,2025,0
2025-06-29 09:00:00,20,9,6,1,26,6,2025,0
2025-06-29 12:00:00,48,12,6,1,26,6,2025,0
2025-06-29 15:00:00,17,15,6,1,26,6,2025,0
2025-06-29 18:00:00,17,18,6,1,26,6,2025,0
2025-06-29 21:00:00,1,21,6,1,26,6,2025,0
2025-06-30 03:00:00,44,3,0,0,27,6,2025,0
2025-06-30 06:00:00,62,6,0,0,27,6,2025,0
2025-06-30 09:00:00,59,9,0,0,27,6,2025,0
2025-06-30 12:00:00,145,12,0,0,27,6,2025,0
2025-06-30 15:00:00,84,15,0,0,27,6,2025,0
2025-06-30 18:00:00,28,18,0,0,27,6,2025,0
2025-06-30 21:00:00,1,21,0,0,27,6,2025,0
2025-07-01 03:00:00,63,3,1,0,27,7,2025,0
2025-07-01 06:00:00,72,6,1,0,27,7,2025,0
2025-07-01 09:00:00,26,9,1,0,27,7,2025,0
2025-07-01 12:00:00,123,12,1,0,27,7,2025,0
2025-07-01 15:00:00,109,15,1,0,27,7,2025,0
2025-07-01 18:00:00,62,18,1,0,27,7,2025,0
2025-07-01 21:00:00,8,21,1,0,27,7,2025,0
2025-07-02 03:00:00,48,3,2,0,27,7,2025,0
2025-07-02 06:00:00,80,6,2,0,27,7,2025,0
2025-07-02 09:00:00,49,9,2,0,27,7,2025,0
2025-07-02 12:00:00,165,12,2,0,27,7,2025,0
2025-07-02 15:00:00,125,15,2,0,27,7,2025,0
2025-07-02 18:00:00,105,18,2,0,27,7,2025,0
2025-07-02 21:00:00,24,21,2,0,27,7,2025,0
2025-07-03 03:00:00,50,3,3,0,27,7,2025,0
2025-07-03 06:00:00,94,6,3,0,27,7,2025,0
2025-07-03 09:00:00,69,9,3,0,27,7,2025,0
2025-07-03 12:00:00,157,12,3,0,27,7,2025,0
2025-07-03 15:00:00,121,15,3,0,27,7,2025,0
2025-07-03 18:00:00,69,18,3,0,27,7,2025,0
2025-07-03 21:00:00,8,21,3,0,27,7,2025,0
2025-07-04 03:00:00,54,3,4,0,27,7,2025,0
2025-07-04 06:00:00,75,6,4,0,27,7,2025,0
2025-07-04 09:00:00,99,9,4,0,27,7,2025,0
2025-07-04 12:00:00,154,12,4,0,27,7,2025,0
2025-07-04 15:00:00,130,15,4,0,27,7,2025,0
2025-07-04 18:00:00,55,18,4,0,27,7,2025,0
2025-07-04 21:00:00,11,21,4,0,27,7,2025,0
2025-07-05 03:00:00,5,3,5,1,27,7,2025,0
2025-07-05 06:00:00,50,6,5,1,27,7,2025,0
2025-07-05 09:00:00,110,9,5,1,27,7,2025,0
2025-07-05 12:00:00,106,12,5,1,27,7,2025,0
2025-07-05 15:00:00,82,15,5,1,27,7,2025,0
2025-07-05 18:00:00,59,18,5,1,27,7,2025,0
2025-07-05 21:00:00,14,21,5,1,27,7,2025,0
2025-07-06 03:00:00,9,3,6,1,27,7,2025,0
2025-07-06 06:00:00,29,6,6,1,27,7,2025,0
2025-07-06 09:00:00,65,9,6,1,27,7,2025,0
2025-07-06 12:00:00,105,12,6,1,27,7,2025,0
2025-07-06 15:00:00,100,15,6,1,27,7,2025,0
2025-07-06 18:00:00,56,18,6,1,27,7,2025,0
2025-07-06 21:00:00,10,21,6,1,27,7,2025,0
2025-07-07 03:00:00,43,3,0,0,28,7,2025,0
2025-07-07 06:00:00,88,6,0,0,28,7,2025,0
2025-07-07 09:00:00,91,9,0,0,28,7,2025,0
2025-07-07 12:00:00,193,12,0,0,28,7,2025,0
2025-07-07 15:00:00,172,15,0,0,28,7,2025,0
2025-07-07 18:00:00,112,18,0,0,28,7,2025,0
2025-07-07 21:00:00,8,21,0,0,28,7,2025,0
2025-07-08 03:00:00,42,3,1,0,28,7,2025,0
2025-07-08 06:00:00,95,6,1,0,28,7,2025,0
2025-07-08 09:00:00,84,9,1,0,28,7,2025,0
2025-07-08 12:00:00,169,12,1,0,28,7,2025,0
2025-07-08 15:00:00,170,15,1,0,28,7,2025,0
2025-07-08 18:00:00,74,18,1,0,28,7,2025,0
2025-07-08 21:00:00,9,21,1,0,28,7,2025,0
2025-07-09 03:00:00,59,3,2,0,28,7,2025,0
2025-07-09 06:00:00,87,6,2,0,28,7,2025,0
2025-07-09 09:00:00,99,9,2,0,28,7,2025,0
2025-07-09 12:00:00,188,12,2,0,28,7,2025,0
2025-07-09 15:00:00,139,15,2,0,28,7,2025,0
2025-07-09 18:00:00,96,18,2,0,28,7,2025,0
2025-07-09 21:00:00,9,21,2,0,28,7,2025,0
2025-07-10 03:00:00,38,3,3,0,28,7,2025,0
2025-07-10 06:00:00,77,6,3,0,28,7,2025,0
2025-07-10 09:00:00,112,9,3,0,28,7,2025,0
2025-07-10 12:00:00,158,12,3,0,28,7,2025,0
2025-07-10 15:00:00,159,15,3,0,28,7,2025,0
2025-07-10 18:00:00,79,18,3,0,28,7,2025,0
2025-07-10 21:00:00,4,21,3,0,28,7,2025,0
2025-07-11 03:00:00,36,3,4,0,28,7,2025,0
2025-07-11 06:00:00,85,6,4,0,28,7,2025,0
2025-07-11 09:00:00,100,9,4,0,28,7,2025,0
2025-07-11 12:00:00,173,12,4,0,28,7,2025,0
2025-07-11 15:00:00,129,15,4,0,28,7,2025,0
2025-07-11 18:00:00,83,18,4,0,28,7,2025,0
2025-07-11 21:00:00,27,21,4,0,28,7,2025,0
2025-07-12 03:00:00,4,3,5,1,28,7,2025,0
2025-07-12 06:00:00,65,6,5,1,28,7,2025,0
2025-07-12 09:00:00,171,9,5,1,28,7,2025,0
2025-07-12 12:00:00,158,12,5,1,28,7,2025,0
2025-07-12 15:00:00,146,15,5,1,28,7,2025,0
2025-07-12 18:00:00,98,18,5,1,28,7,2025,0
2025-07-12 21:00:00,29,21,5,1,28,7,2025,0
2025-07-13 03:00:00,9,3,6,1,28,7,2025,0
2025-07-13 06:00:00,43,6,6,1,28,7,2025,0
2025-07-13 09:00:00,99,9,6,1,28,7,2025,0
2025-07-13 12:00:00,139,12,6,1,28,7,2025,0
2025-07-13 15:00:00,120,15,6,1,28,7,2025,0
2025-07-13 18:00:00,87,18,6,1,28,7,2025,0
2025-07-13 21:00:00,20,21,6,1,28,7,2025,0
2025-07-14 03:00:00,34,3,0,0,29,7,2025,0
2025-07-14 06:00:00,77,6,0,0,29,7,2025,0
2025-07-14 09:00:00,80,9,0,0,29,7,2025,0
2025-07-14 12:00:00,146,12,0,0,29,7,2025,0
2025-07-14 15:00:00,157,15,0,0,29,7,2025,0
2025-07-14 18:00:00,120,18,0,0,29,7,2025,0
2025-07-14 21:00:00,7,21,0,0,29,7,2025,0
2025-07-15 03:00:00,43,3,1,0,29,7,2025,0
2025-07-15 06:00:00,89,6,1,0,29,7,2025,0
2025-07-15 09:00:00,105,9,1,0,29,7,2025,0
2025-07-15 12:00:00,200,12,1,0,29,7,2025,0
2025-07-15 15:00:00,181,15,1,0,29,7,2025,0
2025-07-15 18:00:00,150,18,1,0,29,7,2025,0
2025-07-15 21:00:00,11,21,1,0,29,7,2025,0
2025-07-16 03:00:00,35,3,2,0,29,7,2025,0
2025-07-16 06:00:00,87,6,2,0,29,7,2025,0
2025-07-16 09:00:00,117,9,2,0,29,7,2025,0
2025-07-16 12:00:00,181,12,2,0,29,7,2025,0
2025-07-16 15:00:00,155,15,2,0,29,7,2025,0
2025-07-16 18:00:00,157,18,2,0,29,7,2025,0
2025-07-16 21:00:00,25,21,2,0,29,7,2025,0
2025-07-17 03:00:00,31,3,3,0,29,7,2025,0
2025-07-17 06:00:00,65,6,3,0,29,7,2025,0
2025-07-17 09:00:00,99,9,3,0,29,7,2025,0
2025-07-17 12:00:00,169,12,3,0,29,7,2025,0
2025-07-17 15:00:00,144,15,3,0,29,7,2025,0
2025-07-17 18:00:00,129,18,3,0,29,7,2025,0
2025-07-17 21:00:00,20,21,3,0,29,7,2025,0
2025-07-18 03:00:00,20,3,4,0,29,7,2025,0
2025-07-18 06:00:00,74,6,4,0,29,7,2025,0
2025-07-18 09:00:00,111,9,4,0,29,7,2025,0
2025-07-18 12:00:00,123,12,4,0,29,7,2025,0
2025-07-18 15:00:00,147,15,4,0,29,7,2025,0
2025-07-18 18:00:00,108,18,4,0,29,7,2025,0
2025-07-18 21:00:00,33,21,4,0,29,7,2025,0
2025-07-19 03:00:00,18,3,5,1,29,7,2025,0
2025-07-19 06:00:00,39,6,5,1,29,7,2025,0
2025-07-19 09:00:00,94,9,5,1,29,7,2025,0
2025-07-19 12:00:00,141,12,5,1,29,7,2025,0
2025-07-19 15:00:00,120,15,5,1,29,7,2025,0
2025-07-19 18:00:00,118,18,5,1,29,7,2025,0
2025-07-19 21:00:00,24,21,5,1,29,7,2025,0
2025-07-20 03:00:00,12,3,6,1,29,7,2025,0
2025-07-20 06:00:00,35,6,6,1,29,7,2025,0
2025-07-20 09:00:00,85,9,6,1,29,7,2025,0
2025-07-20 12:00:00,108,12,6,1,29,7,2025,0
2025-07-20 15:00:00,115,15,6,1,29,7,2025,0
2025-07-20 18:00:00,113,18,6,1,29,7,2025,0
2025-07-20 21:00:00,17,21,6,1,29,7,2025,0
2025-07-21 03:00:00,35,3,0,0,30,7,2025,0
2025-07-21 06:00:00,57,6,0,0,30,7,2025,0
2025-07-21 09:00:00,77,9,0,0,30,7,2025,0
2025-07-21 12:00:00,168,12,0,0,30,7,2025,0
2025-07-21 15:00:00,146,15,0,0,30,7,2025,0
2025-07-21 18:00:00,107,18,0,0,30,7,2025,0
2025-07-21 21:00:00,22,21,0,0,30,7,2025,0
2025-07-22 03:00:00,39,3,1,0,30,7,2025,0
2025-07-22 06:00:00,76,6,1,0,30,7,2025,0
2025-07-22 09:00:00,82,9,1,0,30,7,2025,0
2025-07-22 12:00:00,167,12,1,0,30,7,2025,0
2025-07-22 15:00:00,159,15,1,0,30,7,2025,0
2025-07-22 18:00:00,143,18,1,0,30,7,2025,0
2025-07-22 21:00:00,11,21,1,0,30,7,2025,0
2025-07-23 03:00:00,38,3,2,0,30,7,2025,0
2025-07-23 06:00:00,80,6,2,0,30,7,2025,0
2025-07-23 09:00:00,110,9,2,0,30,7,2025,0
2025-07-23 12:00:00,201,12,2,0,30,7,2025,0
2025-07-23 15:00:00,184,15,2,0,30,7,2025,0
2025-07-23 18:00:00,141,18,2,0,30,7,2025,0
2025-07-23 21:00:00,17,21,2,0,30,7,2025,0
2025-07-24 03:00:00,37,3,3,0,30,7,2025,0
2025-07-24 06:00:00,82,6,3,0,30,7,2025,0
2025-07-24 09:00:00,98,9,3,0,30,7,2025,0
2025-07-24 12:00:00,177,12,3,0,30,7,2025,0
2025-07-24 15:00:00,163,15,3,0,30,7,2025,0
2025-07-24 18:00:00,101,18,3,0,30,7,2025,0
2025-07-24 21:00:00,19,21,3,0,30,7,2025,0
2025-07-25 03:00:00,31,3,4,0,30,7,2025,0
2025-07-25 06:00:00,64,6,4,0,30,7,2025,0
2025-07-25 09:00:00,87,9,4,0,30,7,2025,0
2025-07-25 12:00:00,145,12,4,0,30,7,2025,0
2025-07-25 15:00:00,119,15,4,0,30,7,2025,0
2025-07-25 18:00:00,65,18,4,0,30,7,2025,0
2025-07-25 21:00:00,13,21,4,0,30,7,2025,0
2025-07-26 03:00:00,12,3,5,1,30,7,2025,0
2025-07-26 06:00:00,38,6,5,1,30,7,2025,0
2025-07-26 09:00:00,82,9,5,1,30,7,2025,0
2025-07-26 12:00:00,134,12,5,1,30,7,2025,0
2025-07-26 15:00:00,78,15,5,1,30,7,2025,0
2025-07-26 18:00:00,40,18,5,1,30,7,2025,0
2025-07-26 21:00:00,21,21,5,1,30,7,2025,0
2025-07-27 03:00:00,16,3,6,1,30,7,2025,0
2025-07-27 06:00:00,24,6,6,1,30,7,2025,0
2025-07-27 09:00:00,53,9,6,1,30,7,2025,0
2025-07-27 12:00:00,91,12,6,1,30,7,2025,0
2025-07-27 15:00:00,89,15,6,1,30,7,2025,0
2025-07-27 18:00:00,61,18,6,1,30,7,2025,0
2025-07-27 21:00:00,10,21,6,1,30,7,2025,0
2025-07-28 03:00:00,37,3,0,0,31,7,2025,0
2025-07-28 06:00:00,61,6,0,0,31,7,2025,0
2025-07-28 09:00:00,74,9,0,0,31,7,2025,0
2025-07-28 12:00:00,161,12,0,0,31,7,2025,0
2025-07-28 15:00:00,143,15,0,0,31,7,2025,0
2025-07-28 18:00:00,86,18,0,0,31,7,2025,0
2025-07-28 21:00:00,11,21,0,0,31,7,2025,0
2025-07-29 03:00:00,48,3,1,0,31,7,2025,0
2025-07-29 06:00:00,78,6,1,0,31,7,2025,0
2025-07-29 09:00:00,75,9,1,0,31,7,2025,0
2025-07-29 12:00:00,186,12,1,0,31,7,2025,0
2025-07-29 15:00:00,103,15,1,0,31,7,2025,0
2025-07-29 18:00:00,79,18,1,0,31,7,2025,0
2025-07-29 21:00:00,10,21,1,0,31,7,2025,0
2025-07-30 03:00:00,19,3,2,0,31,7,2025,0
2025-07-30 06:00:00,40,6,2,0,31,7,2025,0
2025-07-30 09:00:00,73,9,2,0,31,7,2025,0
2025-07-30 12:00:00,94,12,2,0,31,7,2025,0
2025-07-30 15:00:00,96,15,2,0,31,7,2025,0
2025-07-30 18:00:00,80,18,2,0,31,7,2025,0
2025-07-30 21:00:00,7,21,2,0,31,7,2025,0
2025-07-31 03:00:00,41,3,3,0,31,7,2025,0
2025-07-31 06:00:00,65,6,3,0,31,7,2025,0
2025-07-31 09:00:00,86,9,3,0,31,7,2025,0
2025-07-31 12:00:00,155,12,3,0,31,7,2025,0
2025-07-31 15:00:00,147,15,3,0,31,7,2025,0
2025-07-31 18:00:00,104,18,3,0,31,7,2025,0
2025-07-31 21:00:00,18,21,3,0,31,7,2025,0
2025-08-01 03:00:00,44,3,4,0,31,8,2025,0
2025-08-01 06:00:00,93,6,4,0,31,8,2025,0
2025-08-01 09:00:00,122,9,4,0,31,8,2025,0
2025-08-01 12:00:00,202,12,4,0,31,8,2025,0
2025-08-01 15:00:00,150,15,4,0,31,8,2025,0
2025-08-01 18:00:00,110,18,4,0,31,8,2025,0
2025-08-01 21:00:00,24,21,4,0,31,8,2025,0
2025-08-02 03:00:00,12,3,5,1,31,8,2025,0
2025-08-02 06:00:00,47,6,5,1,31,8,2025,0
2025-08-02 09:00:00,126,9,5,1,31,8,2025,0
2025-08-02 12:00:00,157,12,5,1,31,8,2025,0
2025-08-02 15:00:00,145,15,5,1,31,8,2025,0
2025-08-02 18:00:00,95,18,5,1,31,8,2025,0
2025-08-02 21:00:00,21,21,5,1,31,8,2025,0
2025-08-03 03:00:00,9,3,6,1,31,8,2025,0
2025-08-03 06:00:00,40,6,6,1,31,8,2025,0
2025-08-03 09:00:00,114,9,6,1,31,8,2025,0
2025-08-03 12:00:00,169,12,6,1,31,8,2025,0
2025-08-03 15:00:00,129,15,6,1,31,8,2025,0
2025-08-03 18:00:00,77,18,6,1,31,8,2025,0
2025-08-03 21:00:00,8,21,6,1,31,8,2025,0
2025-08-04 03:00:00,53,3,0,0,32,8,2025,0
2025-08-04 06:00:00,85,6,0,0,32,8,2025,0
2025-08-04 09:00:00,128,9,0,0,32,8,2025,0
2025-08-04 12:00:00,206,12,0,0,32,8,2025,0
2025-08-04 15:00:00,148,15,0,0,32,8,2025,0
2025-08-04 18:00:00,94,18,0,0,32,8,2025,0
2025-08-04 21:00:00,10,21,0,0,32,8,2025,0
2025-08-05 03:00:00,56,3,1,0,32,8,2025,0
2025-08-05 06:00:00,119,6,1,0,32,8,2025,0
2025-08-05 09:00:00,89,9,1,0,32,8,2025,0
2025-08-05 12:00:00,200,12,1,0,32,8,2025,0
2025-08-05 15:00:00,164,15,1,0,32,8,2025,0
2025-08-05 18:00:00,62,18,1,0,32,8,2025,0
2025-08-05 21:00:00,6,21,1,0,32,8,2025,0
2025-08-06 03:00:00,50,3,2,0,32,8,2025,0
2025-08-06 06:00:00,46,6,2,0,32,8,2025,0
2025-08-06 09:00:00,61,9,2,0,32,8,2025,0
2025-08-06 12:00:00,101,12,2,0,32,8,2025,0
2025-08-06 15:00:00,92,15,2,0,32,8,2025,0
2025-08-06 18:00:00,62,18,2,0,32,8,2025,0
2025-08-06 21:00:00,5,21,2,0,32,8,2025,0
2025-08-07 03:00:00,44,3,3,0,32,8,2025,0
2025-08-07 06:00:00,54,6,3,0,32,8,2025,0
2025-08-07 09:00:00,122,9,3,0,32,8,2025,0
2025-08-07 12:00:00,207,12,3,0,32,8,2025,0
2025-08-07 15:00:00,166,15,3,0,32,8,2025,0
2025-08-07 18:00:00,151,18,3,0,32,8,2025,0
2025-08-07 21:00:00,9,21,3,0,32,8,2025,0
2025-08-08 03:00:00,53,3,4,0,32,8,2025,0
2025-08-08 06:00:00,118,6,4,0,32,8,2025,0
2025-08-08 09:00:00,129,9,4,0,32,8,2025,0
2025-08-08 12:00:00,220,12,4,0,32,8,2025,0
2025-08-08 15:00:00,148,15,4,0,32,8,2025,0
2025-08-08 18:00:00,92,18,4,0,32,8,2025,0
2025-08-08 21:00:00,37,21,4,0,32,8,2025,0
2025-08-09 03:00:00,16,3,5,1,32,8,2025,0
2025-08-09 06:00:00,59,6,5,1,32,8,2025,0
2025-08-09 09:00:00,138,9,5,1,32,8,2025,0
2025-08-09 12:00:00,185,12,5,1,32,8,2025,0
2025-08-09 15:00:00,182,15,5,1,32,8,2025,0
2025-08-09 18:00:00,132,18,5,1,32,8,2025,0
2025-08-09 21:00:00,19,21,5,1,32,8,2025,0
2025-08-10 03:00:00,21,3,6,1,32,8,2025,0
2025-08-10 06:00:00,51,6,6,1,32,8,2025,0
2025-08-10 09:00:00,116,9,6,1,32,8,2025,0
2025-08-10 12:00:00,165,12,6,1,32,8,2025,0
2025-08-10 15:00:00,140,15,6,1,32,8,2025,0
2025-08-10 18:00:00,105,18,6,1,32,8,2025,0
2025-08-10 21:00:00,7,21,6,1,32,8,2025,0
2025-08-11 03:00:00,67,3,0,0,33,8,2025,0
2025-08-11 06:00:00,133,6,0,0,33,8,2025,0
2025-08-11 09:00:00,126,9,0,0,33,8,2025,0
2025-08-11 12:00:00,327,12,0,0,33,8,2025,0
2025-08-11 15:00:00,121,15,0,0,33,8,2025,0
2025-08-11 18:00:00,80,18,0,0,33,8,2025,0
2025-08-11 21:00:00,25,21,0,0,33,8,2025,0
2025-08-12 03:00:00,70,3,1,0,33,8,2025,0
2025-08-12 06:00:00,161,6,1,0,33,8,2025,0
2025-08-12 09:00:00,149,9,1,0,33,8,2025,0
2025-08-12 12:00:00,371,12,1,0,33,8,2025,0
2025-08-12 15:00:00,250,15,1,0,33,8,2025,0
2025-08-12 18:00:00,140,18,1,0,33,8,2025,0
2025-08-12 21:00:00,13,21,1,0,33,8,2025,0
2025-08-13 03:00:00,81,3,2,0,33,8,2025,0
2025-08-13 06:00:00,163,6,2,0,33,8,2025,0
2025-08-13 09:00:00,97,9,2,0,33,8,2025,0
2025-08-13 12:00:00,361,12,2,0,33,8,2025,0
2025-08-13 15:00:00,286,15,2,0,33,8,2025,0
2025-08-13 18:00:00,107,18,2,0,33,8,2025,0
2025-08-13 21:00:00,19,21,2,0,33,8,2025,0
2025-08-14 03:00:00,69,3,3,0,33,8,2025,0
2025-08-14 06:00:00,156,6,3,0,33,8,2025,0
2025-08-14 09:00:00,209,9,3,0,33,8,2025,0
2025-08-14 12:00:00,408,12,3,0,33,8,2025,0
2025-08-14 15:00:00,277,15,3,0,33,8,2025,0
2025-08-14 18:00:00,184,18,3,0,33,8,2025,0
2025-08-14 21:00:00,24,21,3,0,33,8,2025,0
2025-08-15 03:00:00,39,3,4,0,33,8,2025,0
2025-08-15 06:00:00,101,6,4,0,33,8,2025,0
2025-08-15 09:00:00,87,9,4,0,33,8,2025,0
2025-08-15 12:00:00,244,12,4,0,33,8,2025,0
2025-08-15 15:00:00,158,15,4,0,33,8,2025,0
2025-08-15 18:00:00,71,18,4,0,33,8,2025,0
2025-08-15 21:00:00,29,21,4,0,33,8,2025,0
2025-08-16 03:00:00,7,3,5,1,33,8,2025,0
2025-08-16 06:00:00,38,6,5,1,33,8,2025,0
2025-08-16 09:00:00,124,9,5,1,33,8,2025,0
2025-08-16 12:00:00,185,12,5,1,33,8,2025,0
2025-08-16 15:00:00,123,15,5,1,33,8,2025,0
2025-08-16 18:00:00,59,18,5,1,33,8,2025,0
2025-08-16 21:00:00,24,21,5,1,33,8,2025,0
2025-08-17 03:00:00,11,3,6,1,33,8,2025,0
2025-08-17 06:00:00,31,6,6,1,33,8,2025,0
2025-08-17 09:00:00,119,9,6,1,33,8,2025,0
2025-08-17 12:00:00,181,12,6,1,33,8,2025,0
2025-08-17 15:00:00,144,15,6,1,33,8,2025,0
2025-08-17 18:00:00,108,18,6,1,33,8,2025,0
2025-08-17 21:00:00,5,21,6,1,33,8,2025,0
2025-08-18 03:00:00,81,3,0,0,34,8,2025,0
2025-08-18 06:00:00,187,6,0,0,34,8,2025,0
2025-08-18 09:00:00,157,9,0,0,34,8,2025,0
2025-08-18 12:00:00,275,12,0,0,34,8,2025,0
2025-08-18 15:00:00,225,15,0,0,34,8,2025,0
2025-08-18 18:00:00,91,18,0,0,34,8,2025,0
2025-08-18 21:00:00,15,21,0,0,34,8,2025,0
2025-08-19 03:00:00,70,3,1,0,34,8,2025,0
2025-08-19 06:00:00,182,6,1,0,34,8,2025,0
2025-08-19 09:00:00,143,9,1,0,34,8,2025,0
2025-08-19 12:00:00,270,12,1,0,34,8,2025,0
2025-08-19 15:00:00,242,15,1,0,34,8,2025,0
2025-08-19 18:00:00,79,18,1,0,34,8,2025,0
2025-08-19 21:00:00,11,21,1,0,34,8,2025,0
2025-08-20 03:00:00,90,3,2,0,34,8,2025,0
2025-08-20 06:00:00,179,6,2,0,34,8,2025,0
2025-08-20 09:00:00,141,9,2,0,34,8,2025,0
2025-08-20 12:00:00,277,12,2,0,34,8,2025,0
2025-08-20 15:00:00,194,15,2,0,34,8,2025,0
2025-08-20 18:00:00,78,18,2,0,34,8,2025,0
2025-08-20 21:00:00,11,21,2,0,34,8,2025,0
2025-08-21 03:00:00,61,3,3,0,34,8,2025,0
2025-08-21 06:00:00,150,6,3,0,34,8,2025,0
2025-08-21 09:00:00,96,9,3,0,34,8,2025,0
2025-08-21 12:00:00,187,12,3,0,34,8,2025,0
2025-08-21 15:00:00,142,15,3,0,34,8,2025,0
2025-08-21 18:00:00,95,18,3,0,34,8,2025,0
2025-08-21 21:00:00,6,21,3,0,34,8,2025,0
2025-08-22 03:00:00,46,3,4,0,34,8,2025,0
2025-08-22 06:00:00,58,6,4,0,34,8,2025,0
2025-08-22 09:00:00,58,9,4,0,34,8,2025,0
2025-08-22 12:00:00,132,12,4,0,34,8,2025,0
2025-08-22 15:00:00,129,15,4,0,34,8,2025,0
2025-08-22 18:00:00,91,18,4,0,34,8,2025,0
2025-08-22 21:00:00,17,21,4,0,34,8,2025,0
2025-08-23 03:00:00,4,3,5,1,34,8,2025,0
2025-08-23 06:00:00,31,6,5,1,34,8,2025,0
2025-08-23 09:00:00,70,9,5,1,34,8,2025,0
2025-08-23 12:00:00,175,12,5,1,34,8,2025,0
2025-08-23 15:00:00,110,15,5,1,34,8,2025,0
2025-08-23 18:00:00,57,18,5,1,34,8,2025,0
2025-08-23 21:00:00,27,21,5,1,34,8,2025,0
2025-08-24 03:00:00,5,3,6,1,34,8,2025,0
2025-08-24 06:00:00,39,6,6,1,34,8,2025,0
2025-08-24 09:00:00,130,9,6,1,34,8,2025,0
2025-08-24 12:00:00,132,12,6,1,34,8,2025,0
2025-08-24 15:00:00,100,15,6,1,34,8,2025,0
2025-08-24 18:00:00,61,18,6,1,34,8,2025,0
2025-08-24 21:00:00,5,21,6,1,34,8,2025,0
2025-08-25 03:00:00,62,3,0,0,35,8,2025,0
2025-08-25 06:00:00,143,6,0,0,35,8,2025,0
2025-08-25 09:00:00,103,9,0,0,35,8,2025,0
2025-08-25 12:00:00,273,12,0,0,35,8,2025,0
2025-08-25 15:00:00,210,15,0,0,35,8,2025,0
2025-08-25 18:00:00,109,18,0,0,35,8,2025,0
2025-08-25 21:00:00,10,21,0,0,35,8,2025,0
2025-08-26 03:00:00,75,3,1,0,35,8,2025,0
2025-08-26 06:00:00,185,6,1,0,35,8,2025,0
2025-08-26 09:00:00,127,9,1,0,35,8,2025,0
2025-08-26 12:00:00,301,12,1,0,35,8,2025,0
2025-08-26 15:00:00,223,15,1,0,35,8,2025,0
2025-08-26 18:00:00,163,18,1,0,35,8,2025,0
2025-08-26 21:00:00,9,21,1,0,35,8,2025,0
2025-08-27 03:00:00,58,3,2,0,35,8,2025,0
2025-08-27 06:00:00,183,6,2,0,35,8,2025,0
2025-08-27 09:00:00,136,9,2,0,35,8,2025,0
2025-08-27 12:00:00,302,12,2,0,35,8,2025,0
2025-08-27 15:00:00,261,15,2,0,35,8,2025,0
2025-08-27 18:00:00,159,18,2,0,35,8,2025,0
2025-08-27 21:00:00,24,21,2,0,35,8,2025,0
2025-08-28 03:00:00,76,3,3,0,35,8,2025,0
2025-08-28 06:00:00,179,6,3,0,35,8,2025,0
2025-08-28 09:00:00,172,9,3,0,35,8,2025,0
2025-08-28 12:00:00,346,12,3,0,35,8,2025,0
2025-08-28 15:00:00,314,15,3,0,35,8,2025,0
2025-08-28 18:00:00,211,18,3,0,35,8,2025,0
2025-08-28 21:00:00,12,21,3,0,35,8,2025,0
2025-08-29 03:00:00,76,3,4,0,35,8,2025,0
2025-08-29 06:00:00,246,6,4,0,35,8,2025,0
2025-08-29 09:00:00,200,9,4,0,35,8,2025,0
2025-08-29 12:00:00,326,12,4,0,35,8,2025,0
2025-08-29 15:00:00,220,15,4,0,35,8,2025,0
2025-08-29 18:00:00,139,18,4,0,35,8,2025,0
2025-08-29 21:00:00,20,21,4,0,35,8,2025,0
2025-08-30 03:00:00,26,3,5,1,35,8,2025,0
2025-08-30 06:00:00,70,6,5,1,35,8,2025,0
2025-08-30 09:00:00,199,9,5,1,35,8,2025,0
2025-08-30 12:00:00,216,12,5,1,35,8,2025,0
2025-08-30 15:00:00,211,15,5,1,35,8,2025,0
2025-08-30 18:00:00,131,18,5,1,35,8,2025,0
2025-08-30 21:00:00,31,21,5,1,35,8,2025,0
2025-08-31 03:00:00,17,3,6,1,35,8,2025,0
2025-08-31 06:00:00,82,6,6,1,35,8,2025,0
2025-08-31 09:00:00,188,9,6,1,35,8,2025,0
2025-08-31 12:00:00,277,12,6,1,35,8,2025,0
2025-08-31 15:00:00,181,15,6,1,35,8,2025,0
2025-08-31 18:00:00,122,18,6,1,35,8,2025,0
2025-08-31 21:00:00,9,21,6,1,35,8,2025,0
2025-09-01 03:00:00,85,3,0,0,36,9,2025,0
2025-09-01 06:00:00,201,6,0,0,36,9,2025,0
2025-09-01 09:00:00,146,9,0,0,36,9,2025,0
2025-09-01 12:00:00,249,12,0,0,36,9,2025,0
2025-09-01 15:00:00,268,15,0,0,36,9,2025,0
2025-09-01 18:00:00,154,18,0,0,36,9,2025,0
2025-09-01 21:00:00,16,21,0,0,36,9,2025,0
2025-09-02 03:00:00,87,3,1,0,36,9,2025,0
2025-09-02 06:00:00,210,6,1,0,36,9,2025,0
2025-09-02 09:00:00,174,9,1,0,36,9,2025,0
2025-09-02 12:00:00,358,12,1,0,36,9,2025,0
2025-09-02 15:00:00,316,15,1,0,36,9,2025,0
2025-09-02 18:00:00,236,18,1,0,36,9,2025,0
2025-09-02 21:00:00,19,21,1,0,36,9,2025,0
2025-09-03 03:00:00,78,3,2,0,36,9,2025,0
2025-09-03 06:00:00,274,6,2,0,36,9,2025,0
2025-09-03 09:00:00,254,9,2,0,36,9,2025,0
2025-09-03 12:00:00,382,12,2,0,36,9,2025,0
2025-09-03 15:00:00,334,15,2,0,36,9,2025,0
2025-09-03 18:00:00,206,18,2,0,36,9,2025,0
2025-09-03 21:00:00,28,21,2,0,36,9,2025,0
2025-09-04 03:00:00,76,3,3,0,36,9,2025,0
2025-09-04 06:00:00,194,6,3,0,36,9,2025,0
2025-09-04 09:00:00,199,9,3,0,36,9,2025,0
2025-09-04 12:00:00,353,12,3,0,36,9,2025,0
2025-09-04 15:00:00,303,15,3,0,36,9,2025,0
2025-09-04 18:00:00,153,18,3,0,36,9,2025,0
2025-09-04 21:00:00,56,21,3,0,36,9,2025,0
2025-09-05 03:00:00,71,3,4,0,36,9,2025,0
2025-09-05 06:00:00,234,6,4,0,36,9,2025,0
2025-09-05 09:00:00,213,9,4,0,36,9,2025,0
2025-09-05 12:00:00,355,12,4,0,36,9,2025,0
2025-09-05 15:00:00,234,15,4,0,36,9,2025,0
2025-09-05 18:00:00,141,18,4,0,36,9,2025,0
2025-09-05 21:00:00,74,21,4,0,36,9,2025,0
2025-09-06 03:00:00,6,3,5,1,36,9,2025,0
2025-09-06 06:00:00,98,6,5,1,36,9,2025,0
2025-09-06 09:00:00,255,9,5,1,36,9,2025,0
2025-09-06 12:00:00,270,12,5,1,36,9,2025,0
2025-09-06 15:00:00,245,15,5,1,36,9,2025,0
2025-09-06 18:00:00,99,18,5,1,36,9,2025,0
2025-09-06 21:00:00,57,21,5,1,36,9,2025,0
2025-09-07 03:00:00,12,3,6,1,36,9,2025,0
2025-09-07 06:00:00,63,6,6,1,36,9,2025,0
2025-09-07 09:00:00,255,9,6,1,36,9,2025,0
2025-09-07 12:00:00,288,12,6,1,36,9,2025,0
2025-09-07 15:00:00,274,15,6,1,36,9,2025,0
2025-09-07 18:00:00,127,18,6,1,36,9,2025,0
2025-09-07 21:00:00,12,21,6,1,36,9,2025,0
2025-09-08 03:00:00,87,3,0,0,37,9,2025,0
2025-09-08 06:00:00,195,6,0,0,37,9,2025,0
2025-09-08 09:00:00,174,9,0,0,37,9,2025,0
2025-09-08 12:00:00,358,12,0,0,37,9,2025,0
2025-09-08 15:00:00,360,15,0,0,37,9,2025,0
2025-09-08 18:00:00,178,18,0,0,37,9,2025,0
2025-09-08 21:00:00,28,21,0,0,37,9,2025,0
2025-09-09 03:00:00,95,3,1,0,37,9,2025,0
2025-09-09 06:00:00,206,6,1,0,37,9,2025,0
2025-09-09 09:00:00,203,9,1,0,37,9,2025,0
2025-09-09 12:00:00,357,12,1,0,37,9,2025,0
2025-09-09 15:00:00,361,15,1,0,37,9,2025,0
2025-09-09 18:00:00,200,18,1,0,37,9,2025,0
2025-09-09 21:00:00,12,21,1,0,37,9,2025,0
2025-09-10 03:00:00,91,3,2,0,37,9,2025,0
2025-09-10 06:00:00,213,6,2,0,37,9,2025,0
2025-09-10 09:00:00,97,9,2,0,37,9,2025,0
2025-09-10 12:00:00,290,12,2,0,37,9,2025,0
2025-09-10 15:00:00,360,15,2,0,37,9,2025,0
2025-09-10 18:00:00,181,18,2,0,37,9,2025,0
2025-09-10 21:00:00,15,21,2,0,37,9,2025,0
2025-09-11 03:00:00,97,3,3,0,37,9,2025,0
2025-09-11 06:00:00,208,6,3,0,37,9,2025,0
2025-09-11 09:00:00,171,9,3,0,37,9,2025,0
2025-09-11 12:00:00,312,12,3,0,37,9,2025,0
2025-09-11 15:00:00,257,15,3,0,37,9,2025,0
2025-09-11 18:00:00,72,18,3,0,37,9,2025,0
2025-09-11 21:00:00,11,21,3,0,37,9,2025,0
2025-09-12 03:00:00,69,3,4,0,37,9,2025,0
2025-09-12 06:00:00,179,6,4,0,37,9,2025,0
2025-09-12 09:00:00,209,9,4,0,37,9,2025,0
2025-09-12 12:00:00,320,12,4,0,37,9,2025,0
2025-09-12 15:00:00,275,15,4,0,37,9,2025,0
2025-09-12 18:00:00,148,18,4,0,37,9,2025,0
2025-09-12 21:00:00,39,21,4,0,37,9,2025,0
2025-09-13 03:00:00,7,3,5,1,37,9,2025,0
2025-09-13 06:00:00,78,6,5,1,37,9,2025,0
2025-09-13 09:00:00,199,9,5,1,37,9,2025,0
2025-09-13 12:00:00,263,12,5,1,37,9,2025,0
2025-09-13 15:00:00,197,15,5,1,37,9,2025,0
2025-09-13 18:00:00,71,18,5,1,37,9,2025,0
2025-09-13 21:00:00,22,21,5,1,37,9,2025,0
2025-09-14 03:00:00,9,3,6,1,37,9,2025,0
2025-09-14 06:00:00,82,6,6,1,37,9,2025,0
2025-09-14 09:00:00,212,9,6,1,37,9,2025,0
2025-09-14 12:00:00,261,12,6,1,37,9,2025,0
2025-09-14 15:00:00,193,15,6,1,37,9,2025,0
2025-09-14 18:00:00,75,18,6,1,37,9,2025,0
2025-09-14 21:00:00,11,21,6,1,37,9,2025,0
2025-09-15 03:00:00,65,3,0,0,38,9,2025,0
2025-09-15 06:00:00,186,6,0,0,38,9,2025,0
2025-09-15 09:00:00,123,9,0,0,38,9,2025,0
2025-09-15 12:00:00,316,12,0,0,38,9,2025,0
2025-09-15 15:00:00,315,15,0,0,38,9,2025,0
2025-09-15 18:00:00,158,18,0,0,38,9,2025,0
2025-09-15 21:00:00,11,21,0,0,38,9,2025,0
2025-09-16 03:00:00,98,3,1,0,38,9,2025,0
2025-09-16 06:00:00,198,6,1,0,38,9,2025,0
2025-09-16 09:00:00,130,9,1,0,38,9,2025,0
2025-09-16 12:00:00,300,12,1,0,38,9,2025,0
2025-09-16 15:00:00,342,15,1,0,38,9,2025,0
2025-09-16 18:00:00,169,18,1,0,38,9,2025,0
2025-09-16 21:00:00,12,21,1,0,38,9,2025,0
2025-09-17 03:00:00,61,3,2,0,38,9,2025,0
2025-09-17 06:00:00,156,6,2,0,38,9,2025,0
2025-09-17 09:00:00,69,9,2,0,38,9,2025,0
2025-09-17 12:00:00,261,12,2,0,38,9,2025,0
2025-09-17 15:00:00,265,15,2,0,38,9,2025,0
2025-09-17 18:00:00,162,18,2,0,38,9,2025,0
2025-09-17 21:00:00,17,21,2,0,38,9,2025,0
2025-09-18 03:00:00,67,3,3,0,38,9,2025,0
2025-09-18 06:00:00,203,6,3,0,38,9,2025,0
2025-09-18 09:00:00,139,9,3,0,38,9,2025,0
2025-09-18 12:00:00,306,12,3,0,38,9,2025,0
2025-09-18 15:00:00,272,15,3,0,38,9,2025,0
2025-09-18 18:00:00,118,18,3,0,38,9,2025,0
2025-09-18 21:00:00,16,21,3,0,38,9,2025,0
2025-09-19 03:00:00,79,3,4,0,38,9,2025,0
2025-09-19 06:00:00,176,6,4,0,38,9,2025,0
2025-09-19 09:00:00,201,9,4,0,38,9,2025,0
2025-09-19 12:00:00,288,12,4,0,38,9,2025,0
2025-09-19 15:00:00,98,15,4,0,38,9,2025,0
2025-09-19 18:00:00,55,18,4,0,38,9,2025,0
2025-09-19 21:00:00,18,21,4,0,38,9,2025,0
2025-09-20 03:00:00,12,3,5,1,38,9,2025,0
2025-09-20 06:00:00,76,6,5,1,38,9,2025,0
2025-09-20 09:00:00,150,9,5,1,38,9,2025,0
2025-09-20 12:00:00,192,12,5,1,38,9,2025,0
2025-09-20 15:00:00,163,15,5,1,38,9,2025,0
2025-09-20 18:00:00,94,18,5,1,38,9,2025,0
2025-09-20 21:00:00,36,21,5,1,38,9,2025,0
2025-09-21 03:00:00,11,3,6,1,38,9,2025,0
2025-09-21 06:00:00,59,6,6,1,38,9,2025,0
2025-09-21 09:00:00,106,9,6,1,38,9,2025,0
2025-09-21 12:00:00,125,12,6,1,38,9,2025,0
2025-09-21 15:00:00,91,15,6,1,38,9,2025,0
2025-09-21 18:00:00,26,18,6,1,38,9,2025,0
2025-09-21 21:00:00,1,21,6,1,38,9,2025,0
2025-09-22 03:00:00,46,3,0,0,39,9,2025,0
2025-09-22 06:00:00,83,6,0,0,39,9,2025,0
2025-09-22 09:00:00,48,9,0,0,39,9,2025,0
2025-09-22 12:00:00,145,12,0,0,39,9,2025,0
2025-09-22 15:00:00,161,15,0,0,39,9,2025,0
2025-09-22 18:00:00,59,18,0,0,39,9,2025,0
2025-09-22 21:00:00,3,21,0,0,39,9,2025,0
2025-09-23 03:00:00,68,3,1,0,39,9,2025,0
2025-09-23 06:00:00,116,6,1,0,39,9,2025,0
2025-09-23 09:00:00,69,9,1,0,39,9,2025,0
2025-09-23 12:00:00,213,12,1,0,39,9,2025,0
2025-09-23 15:00:00,122,15,1,0,39,9,2025,0
2025-09-23 18:00:00,96,18,1,0,39,9,2025,0
2025-09-23 21:00:00,8,21,1,0,39,9,2025,0
2025-09-24 03:00:00,52,3,2,0,39,9,2025,0
2025-09-24 06:00:00,109,6,2,0,39,9,2025,0
2025-09-24 09:00:00,83,9,2,0,39,9,2025,0
2025-09-24 12:00:00,228,12,2,0,39,9,2025,0
2025-09-24 15:00:00,144,15,2,0,39,9,2025,0
2025-09-24 18:00:00,59,18,2,0,39,9,2025,0
2025-09-24 21:00:00,9,21,2,0,39,9,2025,0
2025-09-25 03:00:00,44,3,3,0,39,9,2025,0
2025-09-25 06:00:00,125,6,3,0,39,9,2025,0
2025-09-25 09:00:00,146,9,3,0,39,9,2025,0
2025-09-25 12:00:00,246,12,3,0,39,9,2025,0
2025-09-25 15:00:00,240,15,3,0,39,9,2025,0
2025-09-25 18:00:00,114,18,3,0,39,9,2025,0
2025-09-25 21:00:00,16,21,3,0,39,9,2025,0
2025-09-26 03:00:00,46,3,4,0,39,9,2025,0
2025-09-26 06:00:00,148,6,4,0,39,9,2025,0
2025-09-26 09:00:00,149,9,4,0,39,9,2025,0
2025-09-26 12:00:00,288,12,4,0,39,9,2025,0
2025-09-26 15:00:00,145,15,4,0,39,9,2025,0
2025-09-26 18:00:00,79,18,4,0,39,9,2025,0
2025-09-26 21:00:00,23,21,4,0,39,9,2025,0
2025-09-27 03:00:00,10,3,5,1,39,9,2025,0
2025-09-27 06:00:00,75,6,5,1,39,9,2025,0
2025-09-27 09:00:00,149,9,5,1,39,9,2025,0
2025-09-27 12:00:00,187,12,5,1,39,9,2025,0
2025-09-27 15:00:00,164,15,5,1,39,9,2025,0
2025-09-27 18:00:00,77,18,5,1,39,9,2025,0
2025-09-27 21:00:00,20,21,5,1,39,9,2025,0
2025-09-28 03:00:00,11,3,6,1,39,9,2025,0
2025-09-28 06:00:00,65,6,6,1,39,9,2025,0
2025-09-28 09:00:00,139,9,6,1,39,9,2025,0
2025-09-28 12:00:00,203,12,6,1,39,9,2025,0
2025-09-28 15:00:00,180,15,6,1,39,9,2025,0
2025-09-28 18:00:00,79,18,6,1,39,9,2025,0
2025-09-28 21:00:00,9,21,6,1,39,9,2025,0
2025-09-29 03:00:00,80,3,0,0,40,9,2025,0
2025-09-29 06:00:00,154,6,0,0,40,9,2025,0
2025-09-29 09:00:00,117,9,0,0,40,9,2025,0
2025-09-29 12:00:00,262,12,0,0,40,9,2025,0
2025-09-29 15:00:00,208,15,0,0,40,9,2025,0
2025-09-29 18:00:00,134,18,0,0,40,9,2025,0
2025-09-29 21:00:00,11,21,0,0,40,9,2025,0
2025-09-30 03:00:00,79,3,1,0,40,9,2025,0
2025-09-30 06:00:00,159,6,1,0,40,9,2025,0
2025-09-30 09:00:00,129,9,1,0,40,9,2025,0
2025-09-30 12:00:00,273,12,1,0,40,9,2025,0
2025-09-30 15:00:00,262,15,1,0,40,9,2025,0
2025-09-30 18:00:00,132,18,1,0,40,9,2025,0
2025-09-30 21:00:00,15,21,1,0,40,9,2025,0
2025-10-01 03:00:00,73,3,2,0,40,10,2025,0
2025-10-01 06:00:00,145,6,2,0,40,10,2025,0
2025-10-01 09:00:00,130,9,2,0,40,10,2025,0
2025-10-01 12:00:00,277,12,2,0,40,10,2025,0
2025-10-01 15:00:00,206,15,2,0,40,10,2025,0
2025-10-01 18:00:00,142,18,2,0,40,10,2025,0
2025-10-01 21:00:00,18,21,2,0,40,10,2025,0
2025-10-02 03:00:00,68,3,3,0,40,10,2025,0
2025-10-02 06:00:00,147,6,3,0,40,10,2025,0
2025-10-02 09:00:00,151,9,3,0,40,10,2025,0
2025-10-02 12:00:00,259,12,3,0,40,10,2025,0
2025-10-02 15:00:00,191,15,3,0,40,10,2025,0
2025-10-02 18:00:00,69,18,3,0,40,10,2025,0
2025-10-02 21:00:00,23,21,3,0,40,10,2025,0
2025-10-03 03:00:00,66,3,4,0,40,10,2025,0
2025-10-03 06:00:00,132,6,4,0,40,10,2025,0
2025-10-03 09:00:00,158,9,4,0,40,10,2025,0
2025-10-03 12:00:00,221,12,4,0,40,10,2025,0
2025-10-03 15:00:00,107,15,4,0,40,10,2025,0
2025-10-03 18:00:00,78,18,4,0,40,10,2025,0
2025-10-03 21:00:00,34,21,4,0,40,10,2025,0
2025-10-04 03:00:00,12,3,5,1,40,10,2025,0
2025-10-04 06:00:00,52,6,5,1,40,10,2025,0
2025-10-04 09:00:00,103,9,5,1,40,10,2025,0
2025-10-04 12:00:00,111,12,5,1,40,10,2025,0
2025-10-04 15:00:00,99,15,5,1,40,10,2025,0
2025-10-04 18:00:00,53,18,5,1,40,10,2025,0
2025-10-04 21:00:00,25,21,5,1,40,10,2025,0
2025-10-05 03:00:00,6,3,6,1,40,10,2025,0
2025-10-05 06:00:00,53,6,6,1,40,10,2025,0
2025-10-05 09:00:00,164,9,6,1,40,10,2025,0
2025-10-05 12:00:00,234,12,6,1,40,10,2025,0
2025-10-05 15:00:00,168,15,6,1,40,10,2025,0
2025-10-05 18:00:00,77,18,6,1,40,10,2025,0
2025-10-05 21:00:00,5,21,6,1,40,10,2025,0
2025-10-06 03:00:00,50,3,0,0,41,10,2025,0
2025-10-06 06:00:00,123,6,0,0,41,10,2025,0
2025-10-06 09:00:00,71,9,0,0,41,10,2025,0
2025-10-06 12:00:00,184,12,0,0,41,10,2025,0
2025-10-06 15:00:00,141,15,0,0,41,10,2025,0
2025-10-06 18:00:00,48,18,0,0,41,10,2025,0
2025-10-06 21:00:00,5,21,0,0,41,10,2025,0
2025-10-07 03:00:00,37,3,1,0,41,10,2025,0
2025-10-07 06:00:00,64,6,1,0,41,10,2025,0
2025-10-07 09:00:00,70,9,1,0,41,10,2025,0
2025-10-07 12:00:00,134,12,1,0,41,10,2025,0
2025-10-07 15:00:00,125,15,1,0,41,10,2025,0
2025-10-07 18:00:00,49,18,1,0,41,10,2025,0
2025-10-07 21:00:00,4,21,1,0,41,10,2025,0
2025-10-08 03:00:00,52,3,2,0,41,10,2025,0
2025-10-08 06:00:00,114,6,2,0,41,10,2025,0
2025-10-08 09:00:00,84,9,2,0,41,10,2025,0
2025-10-08 12:00:00,191,12,2,0,41,10,2025,0
2025-10-08 15:00:00,158,15,2,0,41,10,2025,0
2025-10-08 18:00:00,88,18,2,0,41,10,2025,0
2025-10-08 21:00:00,6,21,2,0,41,10,2025,0
2025-10-09 03:00:00,42,3,3,0,41,10,2025,0
2025-10-09 06:00:00,101,6,3,0,41,10,2025,0
2025-10-09 09:00:00,87,9,3,0,41,10,2025,0
2025-10-09 12:00:00,150,12,3,0,41,10,2025,0
2025-10-09 15:00:00,109,15,3,0,41,10,2025,0
2025-10-09 18:00:00,50,18,3,0,41,10,2025,0
2025-10-09 21:00:00,14,21,3,0,41,10,2025,0
2025-10-10 03:00:00,37,3,4,0,41,10,2025,0
2025-10-10 06:00:00,66,6,4,0,41,10,2025,0
2025-10-10 09:00:00,31,9,4,0,41,10,2025,0
2025-10-10 12:00:00,60,12,4,0,41,10,2025,0
2025-10-10 15:00:00,68,15,4,0,41,10,2025,0
2025-10-10 18:00:00,22,18,4,0,41,10,2025,0
2025-10-10 21:00:00,12,21,4,0,41,10,2025,0
2025-10-11 03:00:00,2,3,5,1,41,10,2025,0
2025-10-11 06:00:00,36,6,5,1,41,10,2025,0
2025-10-11 09:00:00,110,9,5,1,41,10,2025,0
2025-10-11 12:00:00,91,12,5,1,41,10,2025,0
2025-10-11 15:00:00,49,15,5,1,41,10,2025,0
2025-10-11 18:00:00,15,18,5,1,41,10,2025,0
2025-10-11 21:00:00,11,21,5,1,41,10,2025,0
2025-10-12 03:00:00,9,3,6,1,41,10,2025,0
2025-10-12 06:00:00,35,6,6,1,41,10,2025,0
2025-10-12 09:00:00,73,9,6,1,41,10,2025,0
2025-10-12 12:00:00,103,12,6,1,41,10,2025,0
2025-10-12 15:00:00,77,15,6,1,41,10,2025,0
2025-10-12 18:00:00,39,18,6,1,41,10,2025,0
2025-10-12 21:00:00,9,21,6,1,41,10,2025,0
2025-10-13 03:00:00,40,3,0,0,42,10,2025,0
2025-10-13 06:00:00,70,6,0,0,42,10,2025,0
2025-10-13 09:00:00,45,9,0,0,42,10,2025,0
2025-10-13 12:00:00,99,12,0,0,42,10,2025,0
2025-10-13 15:00:00,88,15,0,0,42,10,2025,0
2025-10-13 18:00:00,48,18,0,0,42,10,2025,0
2025-10-13 21:00:00,8,21,0,0,42,10,2025,0
2025-10-14 03:00:00,56,3,1,0,42,10,2025,0
2025-10-14 06:00:00,91,6,1,0,42,10,2025,0
2025-10-14 09:00:00,75,9,1,0,42,10,2025,0
2025-10-14 12:00:00,176,12,1,0,42,10,2025,0
2025-10-14 15:00:00,142,15,1,0,42,10,2025,0
2025-10-14 18:00:00,63,18,1,0,42,10,2025,0
2025-10-14 21:00:00,10,21,1,0,42,10,2025,0
2025-10-15 03:00:00,37,3,2,0,42,10,2025,0
2025-10-15 06:00:00,92,6,2,0,42,10,2025,0
2025-10-15 09:00:00,72,9,2,0,42,10,2025,0
2025-10-15 12:00:00,146,12,2,0,42,10,2025,0
2025-10-15 15:00:00,133,15,2,0,42,10,2025,0
2025-10-15 18:00:00,60,18,2,0,42,10,2025,0
2025-10-15 21:00:00,2,21,2,0,42,10,2025,0
2025-10-16 03:00:00,29,3,3,0,42,10,2025,0
2025-10-16 06:00:00,71,6,3,0,42,10,2025,0
2025-10-16 09:00:00,58,9,3,0,42,10,2025,0
2025-10-16 12:00:00,88,12,3,0,42,10,2025,0
2025-10-16 15:00:00,62,15,3,0,42,10,2025,0
2025-10-16 18:00:00,25,18,3,0,42,10,2025,0
2025-10-16 21:00:00,7,21,3,0,42,10,2025,0
2025-10-17 03:00:00,32,3,4,0,42,10,2025,0
2025-10-17 06:00:00,84,6,4,0,42,10,2025,0
2025-10-17 09:00:00,64,9,4,0,42,10,2025,0
2025-10-17 12:00:00,162,12,4,0,42,10,2025,0
2025-10-17 15:00:00,88,15,4,0,42,10,2025,0
2025-10-17 18:00:00,48,18,4,0,42,10,2025,0
2025-10-17 21:00:00,14,21,4,0,42,10,2025,0
2025-10-18 03:00:00,12,3,5,1,42,10,2025,0
2025-10-18 06:00:00,55,6,5,1,42,10,2025,0
2025-10-18 09:00:00,95,9,5,1,42,10,2025,0
2025-10-18 12:00:00,127,12,5,1,42,10,2025,0
2025-10-18 15:00:00,88,15,5,1,42,10,2025,0
2025-10-18 18:00:00,38,18,5,1,42,10,2025,0
2025-10-18 21:00:00,20,21,5,1,42,10,2025,0
2025-10-19 03:00:00,5,3,6,1,42,10,2025,0
2025-10-19 06:00:00,47,6,6,1,42,10,2025,0
2025-10-19 09:00:00,105,9,6,1,42,10,2025,0
2025-10-19 12:00:00,98,12,6,1,42,10,2025,0
2025-10-19 15:00:00,73,15,6,1,42,10,2025,0
2025-10-19 18:00:00,39,18,6,1,42,10,2025,0
2025-10-19 21:00:00,8,21,6,1,42,10,2025,0
2025-10-20 03:00:00,45,3,0,0,43,10,2025,0
2025-10-20 06:00:00,104,6,0,0,43,10,2025,0
2025-10-20 09:00:00,86,9,0,0,43,10,2025,0
2025-10-20 12:00:00,174,12,0,0,43,10,2025,0
2025-10-20 15:00:00,152,15,0,0,43,10,2025,0
2025-10-20 18:00:00,90,18,0,0,43,10,2025,0
2025-10-20 21:00:00,2,21,0,0,43,10,2025,0
2025-10-21 03:00:00,58,3,1,0,43,10,2025,0
2025-10-21 06:00:00,108,6,1,0,43,10,2025,0
2025-10-21 09:00:00,108,9,1,0,43,10,2025,0
2025-10-21 12:00:00,178,12,1,0,43,10,2025,0
2025-10-21 15:00:00,152,15,1,0,43,10,2025,0
2025-10-21 18:00:00,69,18,1,0,43,10,2025,0
2025-10-21 21:00:00,10,21,1,0,43,10,2025,0
2025-10-22 03:00:00,47,3,2,0,43,10,2025,0
2025-10-22 06:00:00,107,6,2,0,43,10,2025,0
2025-10-22 09:00:00,89,9,2,0,43,10,2025,0
2025-10-22 12:00:00,189,12,2,0,43,10,2025,0
2025-10-22 15:00:00,186,15,2,0,43,10,2025,0
2025-10-22 18:00:00,118,18,2,0,43,10,2025,0
2025-10-22 21:00:00,14,21,2,0,43,10,2025,0
2025-10-23 03:00:00,57,3,3,0,43,10,2025,0
2025-10-23 06:00:00,99,6,3,0,43,10,2025,0
2025-10-23 09:00:00,62,9,3,0,43,10,2025,0
2025-10-23 12:00:00,179,12,3,0,43,10,2025,0
2025-10-23 15:00:00,156,15,3,0,43,10,2025,0
2025-10-23 18:00:00,77,18,3,0,43,10,2025,0
2025-10-23 21:00:00,6,21,3,0,43,10,2025,0
2025-10-24 03:00:00,43,3,4,0,43,10,2025,0
2025-10-24 06:00:00,117,6,4,0,43,10,2025,0
2025-10-24 09:00:00,106,9,4,0,43,10,2025,0
2025-10-24 12:00:00,171,12,4,0,43,10,2025,0
2025-10-24 15:00:00,103,15,4,0,43,10,2025,0
2025-10-24 18:00:00,55,18,4,0,43,10,2025,0
2025-10-24 21:00:00,16,21,4,0,43,10,2025,0
2025-10-25 03:00:00,7,3,5,1,43,10,2025,0
2025-10-25 06:00:00,50,6,5,1,43,10,2025,0
2025-10-25 09:00:00,121,9,5,1,43,10,2025,0
2025-10-25 12:00:00,182,12,5,1,43,10,2025,0
2025-10-25 15:00:00,145,15,5,1,43,10,2025,0
2025-10-25 18:00:00,42,18,5,1,43,10,2025,0
2025-10-25 21:00:00,16,21,5,1,43,10,2025,0
2025-10-26 03:00:00,2,3,6,1,43,10,2025,0
2025-10-26 06:00:00,31,6,6,1,43,10,2025,0
2025-10-26 09:00:00,92,9,6,1,43,10,2025,0
2025-10-26 12:00:00,102,12,6,1,43,10,2025,0
2025-10-26 15:00:00,112,15,6,1,43,10,2025,0
2025-10-26 18:00:00,60,18,6,1,43,10,2025,0
2025-10-26 21:00:00,18,21,6,1,43,10,2025,0
2025-10-27 03:00:00,17,3,0,0,44,10,2025,0
2025-10-27 06:00:00,102,6,0,0,44,10,2025,0
2025-10-27 09:00:00,41,9,0,0,44,10,2025,0
2025-10-27 12:00:00,57,12,0,0,44,10,2025,0
2025-10-27 15:00:00,74,15,0,0,44,10,2025,0
2025-10-27 18:00:00,64,18,0,0,44,10,2025,0
2025-10-27 21:00:00,16,21,0,0,44,10,2025,0
2025-10-28 03:00:00,9,3,1,0,44,10,2025,0
2025-10-28 06:00:00,104,6,1,0,44,10,2025,0
2025-10-28 09:00:00,61,9,1,0,44,10,2025,0
2025-10-28 12:00:00,110,12,1,0,44,10,2025,0
2025-10-28 15:00:00,173,15,1,0,44,10,2025,0
2025-10-28 18:00:00,95,18,1,0,44,10,2025,0
2025-10-28 21:00:00,25,21,1,0,44,10,2025,0
2025-10-29 03:00:00,14,3,2,0,44,10,2025,0
2025-10-29 06:00:00,95,6,2,0,44,10,2025,0
2025-10-29 09:00:00,65,9,2,0,44,10,2025,0
2025-10-29 12:00:00,101,12,2,0,44,10,2025,0
2025-10-29 15:00:00,163,15,2,0,44,10,2025,0
2025-10-29 18:00:00,85,18,2,0,44,10,2025,0
2025-10-29 21:00:00,19,21,2,0,44,10,2025,0
2025-10-30 03:00:00,9,3,3,0,44,10,2025,0
2025-10-30 06:00:00,77,6,3,0,44,10,2025,0
2025-10-30 09:00:00,35,9,3,0,44,10,2025,0
2025-10-30 12:00:00,75,12,3,0,44,10,2025,0
2025-10-30 15:00:00,123,15,3,0,44,10,2025,0
2025-10-30 18:00:00,39,18,3,0,44,10,2025,0
2025-10-30 21:00:00,20,21,3,0,44,10,2025,0
2025-10-31 03:00:00,6,3,4,0,44,10,2025,0
2025-10-31 06:00:00,63,6,4,0,44,10,2025,0
2025-10-31 09:00:00,46,9,4,0,44,10,2025,0
2025-10-31 12:00:00,97,12,4,0,44,10,2025,0
2025-10-31 15:00:00,92,15,4,0,44,10,2025,0
2025-10-31 18:00:00,34,18,4,0,44,10,2025,0
2025-10-31 21:00:00,19,21,4,0,44,10,2025,0
2025-11-01 03:00:00,2,3,5,1,44,11,2025,1
2025-11-01 06:00:00,20,6,5,1,44,11,2025,1
2025-11-01 09:00:00,70,9,5,1,44,11,2025,1
2025-11-01 12:00:00,82,12,5,1,44,11,2025,1
2025-11-01 15:00:00,78,15,5,1,44,11,2025,1
2025-11-01 18:00:00,37,18,5,1,44,11,2025,1
2025-11-01 21:00:00,20,21,5,1,44,11,2025,1
2025-11-02 06:00:00,24,6,6,1,44,11,2025,1
2025-11-02 09:00:00,96,9,6,1,44,11,2025,1
2025-11-02 12:00:00,123,12,6,1,44,11,2025,1
2025-11-02 15:00:00,87,15,6,1,44,11,2025,1
2025-11-02 18:00:00,40,18,6,1,44,11,2025,1
2025-11-02 21:00:00,11,21,6,1,44,11,2025,1
2025-11-03 03:00:00,13,3,0,0,45,11,2025,1
2025-11-03 06:00:00,100,6,0,0,45,11,2025,1
2025-11-03 09:00:00,43,9,0,0,45,11,2025,1
2025-11-03 12:00:00,103,12,0,0,45,11,2025,1
2025-11-03 15:00:00,142,15,0,0,45,11,2025,1
2025-11-03 18:00:00,64,18,0,0,45,11,2025,1
2025-11-03 21:00:00,10,21,0,0,45,11,2025,1
2025-11-04 03:00:00,11,3,1,0,45,11,2025,1
2025-11-04 06:00:00,87,6,1,0,45,11,2025,1
2025-11-04 09:00:00,50,9,1,0,45,11,2025,1
2025-11-04 12:00:00,112,12,1,0,45,11,2025,1
2025-11-04 15:00:00,175,15,1,0,45,11,2025,1
2025-11-04 18:00:00,80,18,1,0,45,11,2025,1
2025-11-04 21:00:00,11,21,1,0,45,11,2025,1
2025-11-05 03:00:00,10,3,2,0,45,11,2025,1
2025-11-05 06:00:00,94,6,2,0,45,11,2025,1
2025-11-05 09:00:00,34,9,2,0,45,11,2025,1
2025-11-05 12:00:00,70,12,2,0,45,11,2025,1
2025-11-05 15:00:00,158,15,2,0,45,11,2025,1
2025-11-05 18:00:00,105,18,2,0,45,11,2025,1
2025-11-05 21:00:00,19,21,2,0,45,11,2025,1
2025-11-06 03:00:00,13,3,3,0,45,11,2025,1
2025-11-06 06:00:00,102,6,3,0,45,11,2025,1
2025-11-06 09:00:00,55,9,3,0,45,11,2025,1
2025-11-06 12:00:00,102,12,3,0,45,11,2025,1
2025-11-06 15:00:00,169,15,3,0,45,11,2025,1
2025-11-06 18:00:00,90,18,3,0,45,11,2025,1
2025-11-06 21:00:00,21,21,3,0,45,11,2025,1
2025-11-07 03:00:00,10,3,4,0,45,11,2025,1
2025-11-07 06:00:00,81,6,4,0,45,11,2025,1
2025-11-07 09:00:00,56,9,4,0,45,11,2025,1
2025-11-07 12:00:00,83,12,4,0,45,11,2025,1
2025-11-07 15:00:00,72,15,4,0,45,11,2025,1
2025-11-07 18:00:00,32,18,4,0,45,11,2025,1
2025-11-07 21:00:00,18,21,4,0,45,11,2025,1
2025-11-08 03:00:00,2,3,5,1,45,11,2025,1
2025-11-08 06:00:00,23,6,5,1,45,11,2025,1
2025-11-08 09:00:00,53,9,5,1,45,11,2025,1
2025-11-08 12:00:00,73,12,5,1,45,11,2025,1
2025-11-08 15:00:00,77,15,5,1,45,11,2025,1
2025-11-08 18:00:00,62,18,5,1,45,11,2025,1
2025-11-08 21:00:00,21,21,5,1,45,11,2025,1
2025-11-09 03:00:00,2,3,6,1,45,11,2025,1
2025-11-09 06:00:00,26,6,6,1,45,11,2025,1
2025-11-09 09:00:00,57,9,6,1,45,11,2025,1
2025-11-09 12:00:00,84,12,6,1,45,11,2025,1
2025-11-09 15:00:00,77,15,6,1,45,11,2025,1
2025-11-09 18:00:00,27,18,6,1,45,11,2025,1
2025-11-09 21:00:00,6,21,6,1,45,11,2025,1
2025-11-10 03:00:00,11,3,0,0,46,11,2025,1
2025-11-10 06:00:00,89,6,0,0,46,11,2025,1
2025-11-10 09:00:00,44,9,0,0,46,11,2025,1
2025-11-10 12:00:00,98,12,0,0,46,11,2025,1
2025-11-10 15:00:00,94,15,0,0,46,11,2025,1
2025-11-10 18:00:00,54,18,0,0,46,11,2025,1
2025-11-10 21:00:00,13,21,0,0,46,11,2025,1
2025-11-11 03:00:00,10,3,1,0,46,11,2025,1
2025-11-11 06:00:00,100,6,1,0,46,11,2025,1
2025-11-11 09:00:00,45,9,1,0,46,11,2025,1
2025-11-11 12:00:00,68,12,1,0,46,11,2025,1
2025-11-11 15:00:00,111,15,1,0,46,11,2025,1
2025-11-11 18:00:00,58,18,1,0,46,11,2025,1
2025-11-11 21:00:00,9,21,1,0,46,11,2025,1
2025-11-12 03:00:00,4,3,2,0,46,11,2025,1
2025-11-12 06:00:00,93,6,2,0,46,11,2025,1
2025-11-12 09:00:00,44,9,2,0,46,11,2025,1
2025-11-12 12:00:00,52,12,2,0,46,11,2025,1
2025-11-12 15:00:00,122,15,2,0,46,11,2025,1
2025-11-12 18:00:00,60,18,2,0,46,11,2025,1
2025-11-12 21:00:00,21,21,2,0,46,11,2025,1
2025-11-13 03:00:00,6,3,3,0,46,11,2025,1
2025-11-13 06:00:00,80,6,3,0,46,11,2025,1
2025-11-13 09:00:00,52,9,3,0,46,11,2025,1
2025-11-13 12:00:00,57,12,3,0,46,11,2025,1
2025-11-13 15:00:00,85,15,3,0,46,11,2025,1
2025-11-13 18:00:00,26,18,3,0,46,11,2025,1
2025-11-13 21:00:00,8,21,3,0,46,11,2025,1
2025-11-14 03:00:00,5,3,4,0,46,11,2025,1
2025-11-14 06:00:00,24,6,4,0,46,11,2025,1
2025-11-14 09:00:00,5,9,4,0,46,11,2025,1
2025-11-14 12:00:00,27,12,4,0,46,11,2025,1
2025-11-14 15:00:00,21,15,4,0,46,11,2025,1
2025-11-14 18:00:00,10,18,4,0,46,11,2025,1
2025-11-14 21:00:00,3,21,4,0,46,11,2025,1
2025-11-15 03:00:00,1,3,5,1,46,11,2025,1
2025-11-15 06:00:00,4,6,5,1,46,11,2025,1
2025-11-15 09:00:00,8,9,5,1,46,11,2025,1
2025-11-15 12:00:00,11,12,5,1,46,11,2025,1
2025-11-15 15:00:00,21,15,5,1,46,11,2025,1
2025-11-15 18:00:00,12,18,5,1,46,11,2025,1
2025-11-15 21:00:00,7,21,5,1,46,11,2025,1
2025-11-16 03:00:00,2,3,6,1,46,11,2025,1
2025-11-16 06:00:00,17,6,6,1,46,11,2025,1
2025-11-16 09:00:00,22,9,6,1,46,11,2025,1
2025-11-16 12:00:00,19,12,6,1,46,11,2025,1
2025-11-16 15:00:00,10,15,6,1,46,11,2025,1
2025-11-16 18:00:00,12,18,6,1,46,11,2025,1
2025-11-16 21:00:00,1,21,6,1,46,11,2025,1
2025-11-17 03:00:00,2,3,0,0,47,11,2025,1
2025-11-17 06:00:00,24,6,0,0,47,11,2025,1
2025-11-17 09:00:00,9,9,0,0,47,11,2025,1
2025-11-17 12:00:00,23,12,0,0,47,11,2025,1
2025-11-17 15:00:00,41,15,0,0,47,11,2025,1
2025-11-17 18:00:00,29,18,0,0,47,11,2025,1
2025-11-17 21:00:00,4,21,0,0,47,11,2025,1
2025-11-18 03:00:00,4,3,1,0,47,11,2025,1
2025-11-18 06:00:00,31,6,1,0,47,11,2025,1
2025-11-18 09:00:00,16,9,1,0,47,11,2025,1
2025-11-18 12:00:00,22,12,1,0,47,11,2025,1
2025-11-18 15:00:00,26,15,1,0,47,11,2025,1
2025-11-18 18:00:00,5,18,1,0,47,11,2025,1
2025-11-18 21:00:00,2,21,1,0,47,11,2025,1
2025-11-19 06:00:00,13,6,2,0,47,11,2025,1
2025-11-19 09:00:00,6,9,2,0,47,11,2025,1
